id,image_filename,image_path,gender,masterCategory,subCategory,articleType,baseColour,season,year,usage,productDisplayName,split
3129,3129.jpg,F:\CEI\Celebal_Excellence_Internship\fashion-visual-search\data\subset\images\3129.jpg,Men,Apparel,Topwear,Tshirts,Grey,Summer,2011.0,Casual,Inkfruit Men's Ahimsa Grey T-shirt,query
27280,27280.jpg,F:\CEI\Celebal_Excellence_Internship\fashion-visual-search\data\subset\images\27280.jpg,Women,Apparel,Topwear,Kurtas,Black,Fall,2011.0,Ethnic,Mother Earth Women Black Kurta,query
52096,52096.jpg,F:\CEI\Celebal_Excellence_Internship\fashion-visual-search\data\subset\images\52096.jpg,Women,Apparel,Topwear,Tops,Orange,Summer,2012.0,Casual,Myntra Women Orange Top,query
49497,49497.jpg,F:\CEI\Celebal_Excellence_Internship\fashion-visual-search\data\subset\images\49497.jpg,Men,Footwear,Shoes,Casual Shoes,Navy Blue,Summer,2012.0,Casual,Vans Men Navy Blue Shoes,query
15713,15713.jpg,F:\CEI\Celebal_Excellence_Internship\fashion-visual-search\data\subset\images\15713.jpg,Men,Footwear,Shoes,Sports Shoes,Black,Fall,2011.0,Sports,Nike Men Air Relentless Black Sports Shoes,query
6220,6220.jpg,F:\CEI\Celebal_Excellence_Internship\fashion-visual-search\data\subset\images\6220.jpg,Men,Apparel,Topwear,Tshirts,Orange,Summer,2011.0,Casual,Lee Men's Believe Burnt Orange T-shirt,query
10609,10609.jpg,F:\CEI\Celebal_Excellence_Internship\fashion-visual-search\data\subset\images\10609.jpg,Women,Accessories,Watches,Watches,White,Winter,2016.0,Casual,Puma Women White Dial Chronograph Watch,query
5130,5130.jpg,F:\CEI\Celebal_Excellence_Internship\fashion-visual-search\data\subset\images\5130.jpg,Women,Apparel,Topwear,Tops,Black,Summer,2011.0,Casual,Wrangler Women Woodstock Black White Top,query
23745,23745.jpg,F:\CEI\Celebal_Excellence_Internship\fashion-visual-search\data\subset\images\23745.jpg,Unisex,Accessories,Eyewear,Sunglasses,Black,Winter,2016.0,Casual,Ray-Ban Unisex Highstreet Sunglasses,query
7313,7313.jpg,F:\CEI\Celebal_Excellence_Internship\fashion-visual-search\data\subset\images\7313.jpg,Women,Apparel,Topwear,Tops,White,Summer,2011.0,Casual,UCB Women Sleeveless White Top,query
14663,14663.jpg,F:\CEI\Celebal_Excellence_Internship\fashion-visual-search\data\subset\images\14663.jpg,Men,Apparel,Topwear,Shirts,Navy Blue,Fall,2011.0,Casual,Basics Men Navy Blue Slim Fit Checked Shirt,query
12837,12837.jpg,F:\CEI\Celebal_Excellence_Internship\fashion-visual-search\data\subset\images\12837.jpg,Women,Apparel,Dress,Dresses,Pink,Fall,2011.0,Casual,Ant Kids Button Bow Pink Dresses,query
4447,4447.jpg,F:\CEI\Celebal_Excellence_Internship\fashion-visual-search\data\subset\images\4447.jpg,Men,Footwear,Sandal,Sandals,Black,Summer,2011.0,Casual,Nike Men Extra Wilderness Black Orange Sandal,query
20129,20129.jpg,F:\CEI\Celebal_Excellence_Internship\fashion-visual-search\data\subset\images\20129.jpg,Women,Apparel,Topwear,Shirts,Purple,Fall,2011.0,Casual,Wrangler Women Belted Purple Shirt,query
39895,39895.jpg,F:\CEI\Celebal_Excellence_Internship\fashion-visual-search\data\subset\images\39895.jpg,Men,Footwear,Shoes,Sports Shoes,Navy Blue,Summer,2012.0,Sports,ADIDAS Men Navy Blue Corona Sports Shoes,query
46215,46215.jpg,F:\CEI\Celebal_Excellence_Internship\fashion-visual-search\data\subset\images\46215.jpg,Men,Footwear,Shoes,Sports Shoes,Orange,Summer,2012.0,Sports,ADIDAS Men Orange Sports Shoes,query
27690,27690.jpg,F:\CEI\Celebal_Excellence_Internship\fashion-visual-search\data\subset\images\27690.jpg,Women,Accessories,Bags,Handbags,Black,Winter,2015.0,Casual,Murcia Women Black Handbag,query
50705,50705.jpg,F:\CEI\Celebal_Excellence_Internship\fashion-visual-search\data\subset\images\50705.jpg,Women,Apparel,Topwear,Tops,Cream,Summer,2012.0,Casual,Latin Quarters Women Cream Printed Top,query
58007,58007.jpg,F:\CEI\Celebal_Excellence_Internship\fashion-visual-search\data\subset\images\58007.jpg,Women,Apparel,Topwear,Tops,Mustard,Fall,2012.0,Casual,Latin Quarters Women Chartreuse Yellow Top,query
47418,47418.jpg,F:\CEI\Celebal_Excellence_Internship\fashion-visual-search\data\subset\images\47418.jpg,Women,Accessories,Bags,Handbags,Beige,Summer,2012.0,Casual,Baggit Women Beige Handbag,query
49670,49670.jpg,F:\CEI\Celebal_Excellence_Internship\fashion-visual-search\data\subset\images\49670.jpg,Men,Accessories,Eyewear,Sunglasses,White,Winter,2016.0,Casual,United Colors of Benetton Men Sunglass,query
53431,53431.jpg,F:\CEI\Celebal_Excellence_Internship\fashion-visual-search\data\subset\images\53431.jpg,Women,Apparel,Topwear,Kurtas,Black,Fall,2012.0,Ethnic,Alma Women Black Printed Kurta,query
51625,51625.jpg,F:\CEI\Celebal_Excellence_Internship\fashion-visual-search\data\subset\images\51625.jpg,Women,Accessories,Watches,Watches,Purple,Winter,2016.0,Casual,Fossil Women Purple Dial Chronograph Watch ES3038,query
27278,27278.jpg,F:\CEI\Celebal_Excellence_Internship\fashion-visual-search\data\subset\images\27278.jpg,Women,Apparel,Topwear,Kurtas,Brown,Fall,2011.0,Ethnic,Mother Earth Women Beige Kurta,query
56676,56676.jpg,F:\CEI\Celebal_Excellence_Internship\fashion-visual-search\data\subset\images\56676.jpg,Men,Accessories,Watches,Watches,White,Winter,2016.0,Casual,Maxima Men White Chronograph Watch,query
11917,11917.jpg,F:\CEI\Celebal_Excellence_Internship\fashion-visual-search\data\subset\images\11917.jpg,Men,Footwear,Sandal,Sandals,Brown,Summer,2011.0,Casual,Franco Leone Men Casual Brown Sandals,query
27683,27683.jpg,F:\CEI\Celebal_Excellence_Internship\fashion-visual-search\data\subset\images\27683.jpg,Women,Accessories,Bags,Handbags,White,Winter,2015.0,Casual,Murcia Women White Handbag,query
52076,52076.jpg,F:\CEI\Celebal_Excellence_Internship\fashion-visual-search\data\subset\images\52076.jpg,Men,Apparel,Topwear,Tshirts,Grey,Summer,2012.0,Casual,Myntra Men Grey T-shirt,query
57052,57052.jpg,F:\CEI\Celebal_Excellence_Internship\fashion-visual-search\data\subset\images\57052.jpg,Women,Apparel,Dress,Dresses,Blue,Summer,2012.0,Casual,Elle Women Blue Dress,query
26374,26374.jpg,F:\CEI\Celebal_Excellence_Internship\fashion-visual-search\data\subset\images\26374.jpg,Men,Footwear,Shoes,Sports Shoes,White,Fall,2012.0,Casual,Fila Men Drake White Sports Shoes,query
41035,41035.jpg,F:\CEI\Celebal_Excellence_Internship\fashion-visual-search\data\subset\images\41035.jpg,Men,Accessories,Watches,Watches,White,Winter,2016.0,Casual,Nautica Men White Dial Watch,query
30759,30759.jpg,F:\CEI\Celebal_Excellence_Internship\fashion-visual-search\data\subset\images\30759.jpg,Men,Apparel,Topwear,Kurtas,Black,Summer,2012.0,Ethnic,Fabindia Men Printed Black Kurta,query
24662,24662.jpg,F:\CEI\Celebal_Excellence_Internship\fashion-visual-search\data\subset\images\24662.jpg,Women,Footwear,Shoes,Casual Shoes,Black,Winter,2015.0,Casual,Catwalk Women Black Flat Casual Shoes,query
43233,43233.jpg,F:\CEI\Celebal_Excellence_Internship\fashion-visual-search\data\subset\images\43233.jpg,Men,Footwear,Shoes,Sports Shoes,Grey,Summer,2012.0,Sports,Reebok Men Grey Acer Sports Shoes,query
51955,51955.jpg,F:\CEI\Celebal_Excellence_Internship\fashion-visual-search\data\subset\images\51955.jpg,Women,Accessories,Bags,Handbags,Black,Summer,2012.0,Casual,Yelloe Women Black Handbag,query
27728,27728.jpg,F:\CEI\Celebal_Excellence_Internship\fashion-visual-search\data\subset\images\27728.jpg,Women,Accessories,Bags,Handbags,Black,Winter,2015.0,Casual,Murcia Women Black Handbag,query
11471,11471.jpg,F:\CEI\Celebal_Excellence_Internship\fashion-visual-search\data\subset\images\11471.jpg,Women,Apparel,Topwear,Tops,Brown,Fall,2011.0,Casual,United Colors of Benetton Women Light Winter Brown Tops,query
40935,40935.jpg,F:\CEI\Celebal_Excellence_Internship\fashion-visual-search\data\subset\images\40935.jpg,Girls,Apparel,Topwear,Tops,White,Summer,2012.0,Casual,Gini and Jony Girls Core White Top,query
22177,22177.jpg,F:\CEI\Celebal_Excellence_Internship\fashion-visual-search\data\subset\images\22177.jpg,Men,Footwear,Shoes,Casual Shoes,Tan,Fall,2012.0,Casual,Timberland Men Tan Casual Shoes,query
42845,42845.jpg,F:\CEI\Celebal_Excellence_Internship\fashion-visual-search\data\subset\images\42845.jpg,Women,Accessories,Bags,Handbags,Brown,Summer,2012.0,Casual,French Connection Women Light Brown Handbag,query
42533,42533.jpg,F:\CEI\Celebal_Excellence_Internship\fashion-visual-search\data\subset\images\42533.jpg,Women,Apparel,Topwear,Kurtas,Blue,Fall,2012.0,Ethnic,Mother Earth Women Blue Printed Kurta,query
28406,28406.jpg,F:\CEI\Celebal_Excellence_Internship\fashion-visual-search\data\subset\images\28406.jpg,Men,Accessories,Eyewear,Sunglasses,Brown,Winter,2016.0,Casual,Idee Men Brown Sunglasses,query
24923,24923.jpg,F:\CEI\Celebal_Excellence_Internship\fashion-visual-search\data\subset\images\24923.jpg,Women,Apparel,Topwear,Tops,Pink,Summer,2012.0,Casual,United Colors of Benetton Women Pink Top,query
39662,39662.jpg,F:\CEI\Celebal_Excellence_Internship\fashion-visual-search\data\subset\images\39662.jpg,Men,Footwear,Shoes,Sports Shoes,White,Summer,2012.0,Sports,Lotto Men White Sports Shoes,query
54578,54578.jpg,F:\CEI\Celebal_Excellence_Internship\fashion-visual-search\data\subset\images\54578.jpg,Women,Apparel,Topwear,Kurtas,Black,Summer,2012.0,Ethnic,Sushilas Women Printed Black Kurta,query
37291,37291.jpg,F:\CEI\Celebal_Excellence_Internship\fashion-visual-search\data\subset\images\37291.jpg,Women,Accessories,Watches,Watches,Pink,Winter,2016.0,Casual,CASIO ENTICER Women Pink Dial Analogue Watch A444 ,query
14547,14547.jpg,F:\CEI\Celebal_Excellence_Internship\fashion-visual-search\data\subset\images\14547.jpg,Women,Apparel,Topwear,Kurtas,Maroon,Fall,2011.0,Ethnic,Vishudh Women Floral Print Maroon Kurtas,query
15190,15190.jpg,F:\CEI\Celebal_Excellence_Internship\fashion-visual-search\data\subset\images\15190.jpg,Men,Apparel,Topwear,Tshirts,Navy Blue,Fall,2011.0,Casual,Arrow Sport Men Solid Navy Blue Polo Tshirts,query
10154,10154.jpg,F:\CEI\Celebal_Excellence_Internship\fashion-visual-search\data\subset\images\10154.jpg,Men,Footwear,Shoes,Casual Shoes,Brown,Fall,2011.0,Casual,Rockport Men Bal Brown Casual Shoes,query
34889,34889.jpg,F:\CEI\Celebal_Excellence_Internship\fashion-visual-search\data\subset\images\34889.jpg,Women,Accessories,Bags,Handbags,Pink,Summer,2012.0,Casual,Envirosax Women Pink Bag,query
26683,26683.jpg,F:\CEI\Celebal_Excellence_Internship\fashion-visual-search\data\subset\images\26683.jpg,Men,Footwear,Shoes,Sports Shoes,White,Summer,2012.0,Sports,Puma Men Silly Point White Sports Shoes,query
37544,37544.jpg,F:\CEI\Celebal_Excellence_Internship\fashion-visual-search\data\subset\images\37544.jpg,Boys,Apparel,Topwear,Tshirts,Blue,Summer,2012.0,Casual,Madagascar3 Infant Boys Light Blue T-Shirt,query
28343,28343.jpg,F:\CEI\Celebal_Excellence_Internship\fashion-visual-search\data\subset\images\28343.jpg,Men,Accessories,Eyewear,Sunglasses,Metallic,Winter,2016.0,Casual,Idee Men Metallic Sunglasses,query
16854,16854.jpg,F:\CEI\Celebal_Excellence_Internship\fashion-visual-search\data\subset\images\16854.jpg,Men,Accessories,Eyewear,Sunglasses,Green,Winter,2016.0,Casual,Idee Men Funky Eyewear Green Sunglasses,query
19609,19609.jpg,F:\CEI\Celebal_Excellence_Internship\fashion-visual-search\data\subset\images\19609.jpg,Women,Apparel,Topwear,Tops,Purple,Summer,2011.0,Casual,United Colors of Benetton Women Purple Top,query
54695,54695.jpg,F:\CEI\Celebal_Excellence_Internship\fashion-visual-search\data\subset\images\54695.jpg,Women,Apparel,Topwear,Kurtas,Pink,Fall,2012.0,Ethnic,Shree Women Pink Printed Kurta,query
3943,3943.jpg,F:\CEI\Celebal_Excellence_Internship\fashion-visual-search\data\subset\images\3943.jpg,Women,Apparel,Topwear,Tshirts,Maroon,Summer,2011.0,Casual,Jealous 21 Women's Maroon T-shirt,query
21557,21557.jpg,F:\CEI\Celebal_Excellence_Internship\fashion-visual-search\data\subset\images\21557.jpg,Women,Accessories,Bags,Handbags,Purple,Winter,2015.0,Casual,Kiara Women Classic Purple Handbag,query
29750,29750.jpg,F:\CEI\Celebal_Excellence_Internship\fashion-visual-search\data\subset\images\29750.jpg,Men,Accessories,Watches,Watches,Blue,Winter,2016.0,Casual,Fossil Men Quartz Blue Dial Chronograph Watch FS4609,query
11008,11008.jpg,F:\CEI\Celebal_Excellence_Internship\fashion-visual-search\data\subset\images\11008.jpg,Women,Apparel,Topwear,Tshirts,Cream,Fall,2011.0,Casual,Inkfruit Women Behind Cream Tshirts,query
5094,5094.jpg,F:\CEI\Celebal_Excellence_Internship\fashion-visual-search\data\subset\images\5094.jpg,Men,Apparel,Topwear,Tshirts,Brown,Summer,2011.0,Casual,Wrangler Men's Reverse Print Brown T-shirt,query
15880,15880.jpg,F:\CEI\Celebal_Excellence_Internship\fashion-visual-search\data\subset\images\15880.jpg,Unisex,Footwear,Sandal,Sandals,Navy Blue,Spring,2013.0,Casual,Warner Bros Kids Unisex TJ Jerry  Navy Blue Sandals,query
52660,52660.jpg,F:\CEI\Celebal_Excellence_Internship\fashion-visual-search\data\subset\images\52660.jpg,Women,Accessories,Bags,Handbags,Pink,Summer,2012.0,Casual,Mod'acc Women Pink & Beige Handbag,query
58700,58700.jpg,F:\CEI\Celebal_Excellence_Internship\fashion-visual-search\data\subset\images\58700.jpg,Women,Apparel,Topwear,Kurtas,White,Summer,2012.0,Ethnic,ALayna Women Black Kurta,query
25564,25564.jpg,F:\CEI\Celebal_Excellence_Internship\fashion-visual-search\data\subset\images\25564.jpg,Men,Footwear,Shoes,Sports Shoes,White,Summer,2012.0,Sports,Fila Men Swift White Sports Shoes,query
58531,58531.jpg,F:\CEI\Celebal_Excellence_Internship\fashion-visual-search\data\subset\images\58531.jpg,Unisex,Accessories,Eyewear,Sunglasses,Black,Winter,2016.0,Casual,Miami Blues Unisex Sunglasses,query
7164,7164.jpg,F:\CEI\Celebal_Excellence_Internship\fashion-visual-search\data\subset\images\7164.jpg,Men,Apparel,Topwear,Shirts,Red,Fall,2011.0,Casual,Scullers Men Black & Red Check Shirt,query
24717,24717.jpg,F:\CEI\Celebal_Excellence_Internship\fashion-visual-search\data\subset\images\24717.jpg,Men,Footwear,Shoes,Casual Shoes,Charcoal,Fall,2011.0,Casual,Skechers Men Heisman Charcoal Casual Shoes,query
36737,36737.jpg,F:\CEI\Celebal_Excellence_Internship\fashion-visual-search\data\subset\images\36737.jpg,Women,Apparel,Topwear,Tshirts,Green,Summer,2012.0,Casual,Spykar Women Cult Green T-shirt,query
36590,36590.jpg,F:\CEI\Celebal_Excellence_Internship\fashion-visual-search\data\subset\images\36590.jpg,Men,Apparel,Topwear,Shirts,Red,Summer,2012.0,Casual,Provogue Men Eternity Red Shirt,query
43672,43672.jpg,F:\CEI\Celebal_Excellence_Internship\fashion-visual-search\data\subset\images\43672.jpg,Women,Apparel,Dress,Dresses,Peach,Summer,2012.0,Casual,ONLY Women Peach Dress,query
43485,43485.jpg,F:\CEI\Celebal_Excellence_Internship\fashion-visual-search\data\subset\images\43485.jpg,Men,Apparel,Topwear,Shirts,Navy Blue,Summer,2012.0,Casual,French Connection Men Navy Blue Shirt,query
23698,23698.jpg,F:\CEI\Celebal_Excellence_Internship\fashion-visual-search\data\subset\images\23698.jpg,Men,Accessories,Eyewear,Sunglasses,Black,Winter,2016.0,Casual,Ray-Ban Men Predator Sunglasses,query
8752,8752.jpg,F:\CEI\Celebal_Excellence_Internship\fashion-visual-search\data\subset\images\8752.jpg,Unisex,Footwear,Sandal,Sandals,Purple,Fall,2015.0,Casual,Crocs Kids Band Club Purple Floater,query
7415,7415.jpg,F:\CEI\Celebal_Excellence_Internship\fashion-visual-search\data\subset\images\7415.jpg,Women,Apparel,Topwear,Kurtas,Black,Summer,2011.0,Ethnic,W Women Sqaure Neck Yarn Dyed Short Sleeve Black Kurta,query
53887,53887.jpg,F:\CEI\Celebal_Excellence_Internship\fashion-visual-search\data\subset\images\53887.jpg,Women,Accessories,Bags,Handbags,Pink,Summer,2012.0,Casual,Kiara Women Pink Handbag,query
43302,43302.jpg,F:\CEI\Celebal_Excellence_Internship\fashion-visual-search\data\subset\images\43302.jpg,Women,Apparel,Dress,Dresses,Purple,Summer,2012.0,Casual,United Colors of Benetton Women Purple Dress,query
59967,59967.jpg,F:\CEI\Celebal_Excellence_Internship\fashion-visual-search\data\subset\images\59967.jpg,Women,Apparel,Dress,Dresses,Black,Fall,2012.0,Party,Avirate Women Black Dress,query
39718,39718.jpg,F:\CEI\Celebal_Excellence_Internship\fashion-visual-search\data\subset\images\39718.jpg,Women,Apparel,Topwear,Tops,Beige,Summer,2012.0,Casual,Arrow Woman Beige Top,query
49516,49516.jpg,F:\CEI\Celebal_Excellence_Internship\fashion-visual-search\data\subset\images\49516.jpg,Men,Accessories,Watches,Watches,Silver,Winter,2016.0,Casual,Police Men Sliver-Toned Dial Watch PL12897JS-04M,query
38208,38208.jpg,F:\CEI\Celebal_Excellence_Internship\fashion-visual-search\data\subset\images\38208.jpg,Women,Accessories,Eyewear,Sunglasses,Grey,Winter,2016.0,Casual,Polaroid Women Sunglasses,query
44539,44539.jpg,F:\CEI\Celebal_Excellence_Internship\fashion-visual-search\data\subset\images\44539.jpg,Men,Footwear,Sandal,Sandals,Black,Summer,2012.0,Casual,Coolers Men Black Sandals,query
10105,10105.jpg,F:\CEI\Celebal_Excellence_Internship\fashion-visual-search\data\subset\images\10105.jpg,Women,Accessories,Watches,Watches,Steel,Winter,2016.0,Casual,Fastrack Women Analogue Leather Steel Watches,query
15259,15259.jpg,F:\CEI\Celebal_Excellence_Internship\fashion-visual-search\data\subset\images\15259.jpg,Women,Footwear,Shoes,Casual Shoes,White,Fall,2011.0,Casual,ADIDAS Originals Women Top Ten low Sleek White Casual Shoes,query
13328,13328.jpg,F:\CEI\Celebal_Excellence_Internship\fashion-visual-search\data\subset\images\13328.jpg,Men,Apparel,Topwear,Shirts,Green,Fall,2011.0,Casual,Gini and Jony Kids Boys Printed Green Tshirts,query
8690,8690.jpg,F:\CEI\Celebal_Excellence_Internship\fashion-visual-search\data\subset\images\8690.jpg,Unisex,Accessories,Eyewear,Sunglasses,Brown,Winter,2016.0,Casual,Fastrack Unisex Sunglasses P089BR2,query
39746,39746.jpg,F:\CEI\Celebal_Excellence_Internship\fashion-visual-search\data\subset\images\39746.jpg,Girls,Apparel,Topwear,Tops,Black,Summer,2012.0,Casual,Gini Jony Girls Black Top,query
20886,20886.jpg,F:\CEI\Celebal_Excellence_Internship\fashion-visual-search\data\subset\images\20886.jpg,Men,Footwear,Shoes,Sports Shoes,Black,Fall,2011.0,Sports,Reebok Men Speed mode Running Black Shoes,query
46530,46530.jpg,F:\CEI\Celebal_Excellence_Internship\fashion-visual-search\data\subset\images\46530.jpg,Women,Accessories,Watches,Watches,White,Winter,2016.0,Casual,Timex Women Silver-Toned Dial Watch T2N148,query
39157,39157.jpg,F:\CEI\Celebal_Excellence_Internship\fashion-visual-search\data\subset\images\39157.jpg,Women,Apparel,Topwear,Kurtas,Black,Summer,2012.0,Ethnic,Aneri Women Black Kurta,query
53307,53307.jpg,F:\CEI\Celebal_Excellence_Internship\fashion-visual-search\data\subset\images\53307.jpg,Men,Apparel,Topwear,Tshirts,White,Summer,2012.0,Casual,Locomotive Men White T-shirt,query
12371,12371.jpg,F:\CEI\Celebal_Excellence_Internship\fashion-visual-search\data\subset\images\12371.jpg,Men,Apparel,Topwear,Shirts,Grey,Fall,2011.0,Formal,Reid & Taylor Men Check Grey Shirts,query
24395,24395.jpg,F:\CEI\Celebal_Excellence_Internship\fashion-visual-search\data\subset\images\24395.jpg,Women,Apparel,Topwear,Kurtas,Blue,Summer,2012.0,Ethnic,Vishudh Women Blue Printed Kurta,query
25415,25415.jpg,F:\CEI\Celebal_Excellence_Internship\fashion-visual-search\data\subset\images\25415.jpg,Men,Footwear,Shoes,Sports Shoes,White,Summer,2012.0,Sports,Nike Men Air Impetus White Sports Shoes,query
23627,23627.jpg,F:\CEI\Celebal_Excellence_Internship\fashion-visual-search\data\subset\images\23627.jpg,Men,Apparel,Topwear,Tshirts,White,Spring,2013.0,Casual,Beatles Men White Printed T-Shirt,query
47009,47009.jpg,F:\CEI\Celebal_Excellence_Internship\fashion-visual-search\data\subset\images\47009.jpg,Women,Apparel,Topwear,Kurtas,Brown,Summer,2012.0,Ethnic,Shree Women Brown Kurta,query
18274,18274.jpg,F:\CEI\Celebal_Excellence_Internship\fashion-visual-search\data\subset\images\18274.jpg,Women,Apparel,Topwear,Kurtas,Purple,Fall,2011.0,Ethnic,Aneri Women Niti Purple Kurta,query
19369,19369.jpg,F:\CEI\Celebal_Excellence_Internship\fashion-visual-search\data\subset\images\19369.jpg,Men,Footwear,Shoes,Casual Shoes,Blue,Winter,2018.0,Casual,Redtape Men Stone Wall Blue Casual Shoes,query
9616,9616.jpg,F:\CEI\Celebal_Excellence_Internship\fashion-visual-search\data\subset\images\9616.jpg,Men,Apparel,Topwear,Shirts,Black,Fall,2011.0,Casual,Indigo Nation Men Checks Black White Shirts,query
15494,15494.jpg,F:\CEI\Celebal_Excellence_Internship\fashion-visual-search\data\subset\images\15494.jpg,Women,Footwear,Shoes,Casual Shoes,Maroon,Spring,2013.0,Casual,Carlton London Women Casual Maroon Casual Shoes,query
9210,9210.jpg,F:\CEI\Celebal_Excellence_Internship\fashion-visual-search\data\subset\images\9210.jpg,Men,Footwear,Shoes,Sports Shoes,White,Fall,2011.0,Sports,Puma Men Calibre Tricks Convert Spike White Shoes,query
33430,33430.jpg,F:\CEI\Celebal_Excellence_Internship\fashion-visual-search\data\subset\images\33430.jpg,Women,Accessories,Bags,Handbags,Blue,Summer,2012.0,Casual,Baggit Women Pinto Checksy Blue Sling Bag,query
39217,39217.jpg,F:\CEI\Celebal_Excellence_Internship\fashion-visual-search\data\subset\images\39217.jpg,Women,Apparel,Dress,Dresses,Red,Summer,2012.0,Casual,Femella Women Floral Red Dress,query
21330,21330.jpg,F:\CEI\Celebal_Excellence_Internship\fashion-visual-search\data\subset\images\21330.jpg,Men,Accessories,Eyewear,Sunglasses,Gold,Winter,2016.0,Casual,Louis Philippe Men Gold Frame Sunglasses,query
15220,15220.jpg,F:\CEI\Celebal_Excellence_Internship\fashion-visual-search\data\subset\images\15220.jpg,Men,Footwear,Shoes,Casual Shoes,Brown,Fall,2011.0,Casual,ADIDAS Originals Men Adi T Tennis Brown Casual Shoes,query
21484,21484.jpg,F:\CEI\Celebal_Excellence_Internship\fashion-visual-search\data\subset\images\21484.jpg,Women,Accessories,Bags,Handbags,Grey,Winter,2015.0,Casual,Kiara Women Grey Shiny Handbag,query
16810,16810.jpg,F:\CEI\Celebal_Excellence_Internship\fashion-visual-search\data\subset\images\16810.jpg,Men,Apparel,Topwear,Shirts,Purple,Fall,2011.0,Casual,Locomotive Men Check Purple Shirt,query
59972,59972.jpg,F:\CEI\Celebal_Excellence_Internship\fashion-visual-search\data\subset\images\59972.jpg,Women,Apparel,Dress,Dresses,Black,Fall,2012.0,Party,Avirate Black Dress,query
15104,15104.jpg,F:\CEI\Celebal_Excellence_Internship\fashion-visual-search\data\subset\images\15104.jpg,Women,Apparel,Topwear,Kurtas,Black,Fall,2011.0,Ethnic,Mother Earth Women Printed Black Kurtas,query
22384,22384.jpg,F:\CEI\Celebal_Excellence_Internship\fashion-visual-search\data\subset\images\22384.jpg,Men,Apparel,Topwear,Shirts,Blue,Fall,2011.0,Casual,Mark Taylor Men Black & Blue Striped White Shirt,query
28174,28174.jpg,F:\CEI\Celebal_Excellence_Internship\fashion-visual-search\data\subset\images\28174.jpg,Men,Accessories,Eyewear,Sunglasses,Bronze,Winter,2016.0,Casual,Ray-Ban Men Aviator Bronze Sunglasses,query
9108,9108.jpg,F:\CEI\Celebal_Excellence_Internship\fashion-visual-search\data\subset\images\9108.jpg,Women,Footwear,Shoes,Sports Shoes,Black,Fall,2011.0,Sports,Puma Women Axis XT Black Sports Shoes,query
2697,2697.jpg,F:\CEI\Celebal_Excellence_Internship\fashion-visual-search\data\subset\images\2697.jpg,Girls,Apparel,Dress,Dresses,Blue,Summer,2011.0,Casual,Disney Kids Girl's Blue Pooh Kidswear,query
22542,22542.jpg,F:\CEI\Celebal_Excellence_Internship\fashion-visual-search\data\subset\images\22542.jpg,Men,Footwear,Shoes,Sports Shoes,White,Fall,2009.0,Sports,Lotto  Kids-Boy Jumper  White Sports Shoes,query
48450,48450.jpg,F:\CEI\Celebal_Excellence_Internship\fashion-visual-search\data\subset\images\48450.jpg,Men,Apparel,Topwear,Tshirts,Grey,Summer,2012.0,Casual,French Connection Men Grey T-shirt,query
39683,39683.jpg,F:\CEI\Celebal_Excellence_Internship\fashion-visual-search\data\subset\images\39683.jpg,Men,Footwear,Shoes,Sports Shoes,White,Summer,2012.0,Sports,Lotto Men White Sports Shoe,query
38847,38847.jpg,F:\CEI\Celebal_Excellence_Internship\fashion-visual-search\data\subset\images\38847.jpg,Women,Apparel,Dress,Dresses,White,Summer,2012.0,Casual,Latin Quarters Women White & Blue Printed Dress,query
10818,10818.jpg,F:\CEI\Celebal_Excellence_Internship\fashion-visual-search\data\subset\images\10818.jpg,Men,Apparel,Topwear,Shirts,Red,Fall,2011.0,Casual,Wrangler Men Urban Raiser Red Shirts,query
54627,54627.jpg,F:\CEI\Celebal_Excellence_Internship\fashion-visual-search\data\subset\images\54627.jpg,Men,Accessories,Watches,Watches,Black,Winter,2016.0,Casual,Fastrack Men Black Dial Watch,query
25171,25171.jpg,F:\CEI\Celebal_Excellence_Internship\fashion-visual-search\data\subset\images\25171.jpg,Women,Accessories,Bags,Handbags,Brown,Winter,2015.0,Casual,Lino Perros Women Black & Brown Handbag,query
9109,9109.jpg,F:\CEI\Celebal_Excellence_Internship\fashion-visual-search\data\subset\images\9109.jpg,Unisex,Footwear,Shoes,Sports Shoes,Black,Summer,2012.0,Sports,Puma Unisex Faas 300 Black Sports Shoes,query
59938,59938.jpg,F:\CEI\Celebal_Excellence_Internship\fashion-visual-search\data\subset\images\59938.jpg,Men,Footwear,Shoes,Casual Shoes,Black,Spring,2013.0,Casual,Vans Men Black Casual Shoes,query
11001,11001.jpg,F:\CEI\Celebal_Excellence_Internship\fashion-visual-search\data\subset\images\11001.jpg,Men,Accessories,Watches,Watches,Black,Winter,2016.0,Sports,Puma Men Top Fluctuation Red Black Watches,query
6408,6408.jpg,F:\CEI\Celebal_Excellence_Internship\fashion-visual-search\data\subset\images\6408.jpg,Men,Footwear,Sandal,Sandals,Beige,Summer,2011.0,Casual,Lotto Men Cross Beige Floater,query
20567,20567.jpg,F:\CEI\Celebal_Excellence_Internship\fashion-visual-search\data\subset\images\20567.jpg,Women,Accessories,Bags,Handbags,Gold,Winter,2015.0,Casual,Baggit Women Barbiex Avni Gold Handbag,query
21679,21679.jpg,F:\CEI\Celebal_Excellence_Internship\fashion-visual-search\data\subset\images\21679.jpg,Men,Accessories,Watches,Watches,Black,Winter,2016.0,Casual,Fossil Men Black Dial Chronograph Watch CH2687,query
25218,25218.jpg,F:\CEI\Celebal_Excellence_Internship\fashion-visual-search\data\subset\images\25218.jpg,Women,Accessories,Bags,Handbags,Pink,Winter,2015.0,Casual,Lino Perros Women Pink & Black Striped Handbag,query
43694,43694.jpg,F:\CEI\Celebal_Excellence_Internship\fashion-visual-search\data\subset\images\43694.jpg,Girls,Apparel,Dress,Dresses,Navy Blue,Summer,2012.0,Casual,Doodle Girls Navy Blue Dress,query
30559,30559.jpg,F:\CEI\Celebal_Excellence_Internship\fashion-visual-search\data\subset\images\30559.jpg,Unisex,Accessories,Eyewear,Sunglasses,Black,Winter,2016.0,Casual,Opium Unisex Black Sunglasses,query
29456,29456.jpg,F:\CEI\Celebal_Excellence_Internship\fashion-visual-search\data\subset\images\29456.jpg,Men,Accessories,Watches,Watches,White,Winter,2016.0,Casual,Giordano Men White Dial Watch,query
12851,12851.jpg,F:\CEI\Celebal_Excellence_Internship\fashion-visual-search\data\subset\images\12851.jpg,Women,Apparel,Topwear,Tops,Black,Fall,2011.0,Casual,Ant Kids Crystal Button Black Tops,query
43194,43194.jpg,F:\CEI\Celebal_Excellence_Internship\fashion-visual-search\data\subset\images\43194.jpg,Women,Accessories,Watches,Watches,White,Winter,2016.0,Casual,Fastrack Women White Dial Watch NA2049SM09,query
38843,38843.jpg,F:\CEI\Celebal_Excellence_Internship\fashion-visual-search\data\subset\images\38843.jpg,Women,Apparel,Dress,Dresses,Navy Blue,Summer,2012.0,Casual,Latin Quarters Women Zip Piping Navy Blue Dress,query
18905,18905.jpg,F:\CEI\Celebal_Excellence_Internship\fashion-visual-search\data\subset\images\18905.jpg,Men,Footwear,Shoes,Sports Shoes,Black,Fall,2011.0,Sports,ADIDAS Men Response Cushion 20 Black Sports Shoes,query
3260,3260.jpg,F:\CEI\Celebal_Excellence_Internship\fashion-visual-search\data\subset\images\3260.jpg,Men,Apparel,Topwear,Tshirts,White,Summer,2011.0,Casual,Guerrilla Men's Heroes Needed White T-shirt,query
44682,44682.jpg,F:\CEI\Celebal_Excellence_Internship\fashion-visual-search\data\subset\images\44682.jpg,Women,Apparel,Dress,Dresses,Blue,Summer,2012.0,Casual,Wills Lifestyle Women Blue Dress,query
6779,6779.jpg,F:\CEI\Celebal_Excellence_Internship\fashion-visual-search\data\subset\images\6779.jpg,Men,Apparel,Topwear,Shirts,Olive,Summer,2011.0,Casual,Timberland Men Claremont Popl Olive Shirt,query
44569,44569.jpg,F:\CEI\Celebal_Excellence_Internship\fashion-visual-search\data\subset\images\44569.jpg,Men,Footwear,Sandal,Sandals,Brown,Summer,2012.0,Casual,Coolers Men Brown Sandals,query
16387,16387.jpg,F:\CEI\Celebal_Excellence_Internship\fashion-visual-search\data\subset\images\16387.jpg,Men,Apparel,Topwear,Shirts,Orange,Fall,2011.0,Formal,Peter England Men Stripes Orange Shirt,query
54739,54739.jpg,F:\CEI\Celebal_Excellence_Internship\fashion-visual-search\data\subset\images\54739.jpg,Men,Footwear,Shoes,Casual Shoes,Grey,Summer,2012.0,Casual,Vans Men Grey Del Norte Canvas Shoes,query
7154,7154.jpg,F:\CEI\Celebal_Excellence_Internship\fashion-visual-search\data\subset\images\7154.jpg,Women,Apparel,Topwear,Tops,Grey,Fall,2011.0,Casual,Scullers For Her Women's Fashion Summer Lite Ash Grey Top,query
16942,16942.jpg,F:\CEI\Celebal_Excellence_Internship\fashion-visual-search\data\subset\images\16942.jpg,Women,Accessories,Eyewear,Sunglasses,Purple,Winter,2016.0,Casual,Image Women Classic Eyewear Purple  Sunglasses,query
39455,39455.jpg,F:\CEI\Celebal_Excellence_Internship\fashion-visual-search\data\subset\images\39455.jpg,Women,Apparel,Topwear,Kurtas,Multi,Summer,2012.0,Ethnic,Diva Women Multi Coloured Kurta,query
7447,7447.jpg,F:\CEI\Celebal_Excellence_Internship\fashion-visual-search\data\subset\images\7447.jpg,Men,Apparel,Topwear,Tshirts,Orange,Summer,2011.0,Casual,Proline Men Orange Polo T-shirt,query
40423,40423.jpg,F:\CEI\Celebal_Excellence_Internship\fashion-visual-search\data\subset\images\40423.jpg,Women,Apparel,Topwear,Tops,White,Summer,2012.0,Casual,Tonga Women White Top,query
11992,11992.jpg,F:\CEI\Celebal_Excellence_Internship\fashion-visual-search\data\subset\images\11992.jpg,Men,Apparel,Topwear,Tshirts,Green,Fall,2011.0,Casual,Classic Polo Men Stripes Green Tshirts,query
24600,24600.jpg,F:\CEI\Celebal_Excellence_Internship\fashion-visual-search\data\subset\images\24600.jpg,Men,Apparel,Topwear,Shirts,Red,Fall,2011.0,Formal,Mark Taylor Men Red Striped Shirt,query
3455,3455.jpg,F:\CEI\Celebal_Excellence_Internship\fashion-visual-search\data\subset\images\3455.jpg,Men,Footwear,Shoes,Sports Shoes,White,Summer,2011.0,Sports,ADIDAS Men's Response Cushion Green White Shoe,query
58545,58545.jpg,F:\CEI\Celebal_Excellence_Internship\fashion-visual-search\data\subset\images\58545.jpg,Women,Accessories,Eyewear,Sunglasses,Grey,Winter,2016.0,Casual,Miami Blues Women Sunglasses,query
58155,58155.jpg,F:\CEI\Celebal_Excellence_Internship\fashion-visual-search\data\subset\images\58155.jpg,Women,Accessories,Bags,Handbags,Pink,Summer,2015.0,Casual,Be For Bag Women Multi Coloured Bag,query
7416,7416.jpg,F:\CEI\Celebal_Excellence_Internship\fashion-visual-search\data\subset\images\7416.jpg,Women,Apparel,Topwear,Kurtas,White,Summer,2011.0,Ethnic,W Women V Neck Solid Short Sleeve White Kurta,query
42539,42539.jpg,F:\CEI\Celebal_Excellence_Internship\fashion-visual-search\data\subset\images\42539.jpg,Women,Apparel,Topwear,Kurtas,Purple,Summer,2012.0,Ethnic,Mother Earth Women Purple Kurta,query
47170,47170.jpg,F:\CEI\Celebal_Excellence_Internship\fashion-visual-search\data\subset\images\47170.jpg,Men,Footwear,Sandal,Sandals,Brown,Summer,2012.0,Casual,Ganuchi Men Brown Sandals,query
10514,10514.jpg,F:\CEI\Celebal_Excellence_Internship\fashion-visual-search\data\subset\images\10514.jpg,Women,Apparel,Topwear,Tops,Pink,Fall,2011.0,Casual,Flying Machine Women RN SL Pink Tshirts,query
30330,30330.jpg,F:\CEI\Celebal_Excellence_Internship\fashion-visual-search\data\subset\images\30330.jpg,Men,Apparel,Topwear,Tshirts,Black,Summer,2012.0,Casual,Myntra Men Under Medicated Black T-shirt,query
54407,54407.jpg,F:\CEI\Celebal_Excellence_Internship\fashion-visual-search\data\subset\images\54407.jpg,Women,Accessories,Bags,Handbags,Purple,Summer,2012.0,Casual,Baggit Women Purple Sling Bag,query
8713,8713.jpg,F:\CEI\Celebal_Excellence_Internship\fashion-visual-search\data\subset\images\8713.jpg,Unisex,Accessories,Eyewear,Sunglasses,Brown,Winter,2016.0,Casual,Fastrack Unisex Brown Sunglasses,query
43187,43187.jpg,F:\CEI\Celebal_Excellence_Internship\fashion-visual-search\data\subset\images\43187.jpg,Men,Accessories,Watches,Watches,Black,Winter,2016.0,Casual,Fastrack Men Black Dial Watch,query
54511,54511.jpg,F:\CEI\Celebal_Excellence_Internship\fashion-visual-search\data\subset\images\54511.jpg,Women,Accessories,Bags,Handbags,Grey,Summer,2012.0,Casual,Lino Perros Women Grey Handbag,query
3239,3239.jpg,F:\CEI\Celebal_Excellence_Internship\fashion-visual-search\data\subset\images\3239.jpg,Men,Footwear,Shoes,Sports Shoes,White,Fall,2010.0,Sports,Puma Men White 65CC Lo Ducati Sports Shoes,query
39626,39626.jpg,F:\CEI\Celebal_Excellence_Internship\fashion-visual-search\data\subset\images\39626.jpg,Men,Footwear,Shoes,Sports Shoes,White,Summer,2012.0,Sports,Nike Men Air Max Turnaround Low White Sports Shoes,query
22942,22942.jpg,F:\CEI\Celebal_Excellence_Internship\fashion-visual-search\data\subset\images\22942.jpg,Women,Accessories,Watches,Watches,White,Winter,2016.0,Casual,Fastrack Women White Casual Watch,query
29743,29743.jpg,F:\CEI\Celebal_Excellence_Internship\fashion-visual-search\data\subset\images\29743.jpg,Women,Accessories,Bags,Handbags,Green,Summer,2012.0,Casual,Kiara Women Light Green Handbag,query
34100,34100.jpg,F:\CEI\Celebal_Excellence_Internship\fashion-visual-search\data\subset\images\34100.jpg,Boys,Apparel,Topwear,Tshirts,Blue,Summer,2012.0,Casual,Doodle Boys Printed Blue T-shirt,query
13648,13648.jpg,F:\CEI\Celebal_Excellence_Internship\fashion-visual-search\data\subset\images\13648.jpg,Men,Footwear,Shoes,Sports Shoes,Silver,Fall,2011.0,Sports,ADIDAS Silver Astar ride 3M Sports Shoe,query
30070,30070.jpg,F:\CEI\Celebal_Excellence_Internship\fashion-visual-search\data\subset\images\30070.jpg,Men,Accessories,Watches,Watches,Steel,Winter,2016.0,Casual,Ed Hardy Men Silver Dial Watch,query
58734,58734.jpg,F:\CEI\Celebal_Excellence_Internship\fashion-visual-search\data\subset\images\58734.jpg,Men,Apparel,Topwear,Tshirts,Red,Fall,2012.0,Sports,PUMA Men Red Printed T-shirt,query
5805,5805.jpg,F:\CEI\Celebal_Excellence_Internship\fashion-visual-search\data\subset\images\5805.jpg,Women,Apparel,Topwear,Tops,Purple,Summer,2011.0,Casual,ADIDAS Women's Tag Tank Purple Tops,query
24285,24285.jpg,F:\CEI\Celebal_Excellence_Internship\fashion-visual-search\data\subset\images\24285.jpg,Men,Apparel,Topwear,Shirts,Grey,Summer,2012.0,Casual,Quiksilver Men Grey Shirt,query
5794,5794.jpg,F:\CEI\Celebal_Excellence_Internship\fashion-visual-search\data\subset\images\5794.jpg,Women,Apparel,Topwear,Tops,Black,Summer,2011.0,Casual,Jealous 21 Women Party Black Top,query
6874,6874.jpg,F:\CEI\Celebal_Excellence_Internship\fashion-visual-search\data\subset\images\6874.jpg,Women,Apparel,Dress,Dresses,Pink,Summer,2011.0,Casual,Forever New Women Pink Sleeveless Dress,query
35984,35984.jpg,F:\CEI\Celebal_Excellence_Internship\fashion-visual-search\data\subset\images\35984.jpg,Women,Apparel,Topwear,Tops,Blue,Summer,2012.0,Casual,Flying Machine Women Printed Cobalt Blue Top,query
31684,31684.jpg,F:\CEI\Celebal_Excellence_Internship\fashion-visual-search\data\subset\images\31684.jpg,Men,Footwear,Shoes,Sports Shoes,White,Summer,2012.0,Sports,Nike Men Multicourt White Sports Shoes,query
38221,38221.jpg,F:\CEI\Celebal_Excellence_Internship\fashion-visual-search\data\subset\images\38221.jpg,Unisex,Accessories,Eyewear,Sunglasses,Black,Winter,2016.0,Casual,Polaroid Unisex Sunglasses,query
55783,55783.jpg,F:\CEI\Celebal_Excellence_Internship\fashion-visual-search\data\subset\images\55783.jpg,Men,Footwear,Shoes,Casual Shoes,Brown,Fall,2013.0,Casual,Converse Men Brown Casual Shoes,query
59236,59236.jpg,F:\CEI\Celebal_Excellence_Internship\fashion-visual-search\data\subset\images\59236.jpg,Men,Accessories,Watches,Watches,Silver,Winter,2016.0,Casual,Titan Men Silver Watch,query
53211,53211.jpg,F:\CEI\Celebal_Excellence_Internship\fashion-visual-search\data\subset\images\53211.jpg,Men,Apparel,Topwear,Shirts,Blue,Summer,2012.0,Formal,Mark Taylor Men Blue Shirt,query
15097,15097.jpg,F:\CEI\Celebal_Excellence_Internship\fashion-visual-search\data\subset\images\15097.jpg,Women,Apparel,Topwear,Kurtas,Pink,Fall,2011.0,Ethnic,Mother Earth Women Printed Pink Kurtas,query
26620,26620.jpg,F:\CEI\Celebal_Excellence_Internship\fashion-visual-search\data\subset\images\26620.jpg,Men,Footwear,Shoes,Sports Shoes,Black,Summer,2012.0,Sports,Puma Men Kevler Runner Black Sports Shoes,query
37315,37315.jpg,F:\CEI\Celebal_Excellence_Internship\fashion-visual-search\data\subset\images\37315.jpg,Men,Accessories,Watches,Watches,White,Winter,2016.0,Casual,CASIO Edifice Men White Dial Chronograph Watch EX006,query
23521,23521.jpg,F:\CEI\Celebal_Excellence_Internship\fashion-visual-search\data\subset\images\23521.jpg,Men,Accessories,Watches,Watches,Black,Winter,2016.0,Casual,ADIDAS Men Black Dial Watch,query
23624,23624.jpg,F:\CEI\Celebal_Excellence_Internship\fashion-visual-search\data\subset\images\23624.jpg,Girls,Apparel,Topwear,Tops,White,Fall,2011.0,Casual,Doodle Kids Girls White I love Shopping Top,query
47399,47399.jpg,F:\CEI\Celebal_Excellence_Internship\fashion-visual-search\data\subset\images\47399.jpg,Women,Accessories,Bags,Handbags,Green,Fall,2012.0,Casual,Baggit Women Green Bag,query
27195,27195.jpg,F:\CEI\Celebal_Excellence_Internship\fashion-visual-search\data\subset\images\27195.jpg,Women,Apparel,Dress,Dresses,Off White,Summer,2012.0,Casual,Doodle Kids Girl Printed Off White Dress,query
48465,48465.jpg,F:\CEI\Celebal_Excellence_Internship\fashion-visual-search\data\subset\images\48465.jpg,Women,Apparel,Dress,Dresses,Blue,Summer,2012.0,Casual,French Connection Women Blue Dress,query
6888,6888.jpg,F:\CEI\Celebal_Excellence_Internship\fashion-visual-search\data\subset\images\6888.jpg,Women,Apparel,Topwear,Tops,Cream,Summer,2011.0,Casual,Forever New Women's Cream Floral Print Top,query
24716,24716.jpg,F:\CEI\Celebal_Excellence_Internship\fashion-visual-search\data\subset\images\24716.jpg,Men,Footwear,Sandal,Sandals,Black,Fall,2011.0,Casual,Puma Men  Jiff Black Sandals,query
4996,4996.jpg,F:\CEI\Celebal_Excellence_Internship\fashion-visual-search\data\subset\images\4996.jpg,Men,Footwear,Shoes,Sports Shoes,Black,Summer,2011.0,Sports,Fila Men Drift Black Silver Shoe,query
41405,41405.jpg,F:\CEI\Celebal_Excellence_Internship\fashion-visual-search\data\subset\images\41405.jpg,Women,Apparel,Topwear,Tops,Green,Summer,2012.0,Casual,Wrangler Women Green Top,query
11963,11963.jpg,F:\CEI\Celebal_Excellence_Internship\fashion-visual-search\data\subset\images\11963.jpg,Men,Footwear,Sandal,Sandals,Brown,Fall,2012.0,Casual,Ganuchi Men Brown Sandals,query
32924,32924.jpg,F:\CEI\Celebal_Excellence_Internship\fashion-visual-search\data\subset\images\32924.jpg,Men,Apparel,Topwear,Tshirts,Navy Blue,Summer,2012.0,Casual,Status Quo Men Printed Navy Blue T-shirt,query
29136,29136.jpg,F:\CEI\Celebal_Excellence_Internship\fashion-visual-search\data\subset\images\29136.jpg,Women,Accessories,Eyewear,Sunglasses,Brown,Winter,2016.0,Casual,Vogue Women Brown Sunglasses,query
21416,21416.jpg,F:\CEI\Celebal_Excellence_Internship\fashion-visual-search\data\subset\images\21416.jpg,Women,Apparel,Topwear,Tops,Pink,Winter,2012.0,Casual,Roxy Women Pink Top,query
36674,36674.jpg,F:\CEI\Celebal_Excellence_Internship\fashion-visual-search\data\subset\images\36674.jpg,Women,Accessories,Bags,Handbags,Orange,Summer,2012.0,Casual,Paridhan Women Orange Handbag,query
34382,34382.jpg,F:\CEI\Celebal_Excellence_Internship\fashion-visual-search\data\subset\images\34382.jpg,Men,Apparel,Topwear,Tshirts,Red,Summer,2012.0,Casual,Myntra Men Red Banana T-shirt,query
5949,5949.jpg,F:\CEI\Celebal_Excellence_Internship\fashion-visual-search\data\subset\images\5949.jpg,Men,Apparel,Topwear,Shirts,Red,Summer,2011.0,Casual,Locomotive Men Bold Red White Checked Shirt,query
5765,5765.jpg,F:\CEI\Celebal_Excellence_Internship\fashion-visual-search\data\subset\images\5765.jpg,Women,Apparel,Topwear,Tops,Black,Summer,2011.0,Casual,Jealous 21 Women Black Sleevless Top,query
35677,35677.jpg,F:\CEI\Celebal_Excellence_Internship\fashion-visual-search\data\subset\images\35677.jpg,Men,Footwear,Shoes,Casual Shoes,Brown,Winter,2014.0,Casual,U.S. Polo Assn. Men Brown Leather Casual Shoes,query
50723,50723.jpg,F:\CEI\Celebal_Excellence_Internship\fashion-visual-search\data\subset\images\50723.jpg,Girls,Apparel,Dress,Dresses,Blue,Summer,2012.0,Casual,Doodle Girls Blue Printed Dress,query
9420,9420.jpg,F:\CEI\Celebal_Excellence_Internship\fashion-visual-search\data\subset\images\9420.jpg,Men,Apparel,Topwear,Shirts,Maroon,Fall,2011.0,Formal,John Miller Men Maroon grey Stripe Maroon Shirts,query
45748,45748.jpg,F:\CEI\Celebal_Excellence_Internship\fashion-visual-search\data\subset\images\45748.jpg,Women,Apparel,Topwear,Kurtas,Lavender,Summer,2012.0,Casual,Folklore Women Purple Kurta,query
13077,13077.jpg,F:\CEI\Celebal_Excellence_Internship\fashion-visual-search\data\subset\images\13077.jpg,Men,Footwear,Shoes,Casual Shoes,White,Fall,2012.0,Casual,Numero Uno Men White Casual Shoes,query
8093,8093.jpg,F:\CEI\Celebal_Excellence_Internship\fashion-visual-search\data\subset\images\8093.jpg,Men,Footwear,Shoes,Sports Shoes,White,Fall,2011.0,Sports,ADIDAS Men Barricade Team White Sports Shoes,query
39687,39687.jpg,F:\CEI\Celebal_Excellence_Internship\fashion-visual-search\data\subset\images\39687.jpg,Men,Footwear,Shoes,Casual Shoes,White,Summer,2012.0,Casual,Lotto Men White Casual Shoes,query
29879,29879.jpg,F:\CEI\Celebal_Excellence_Internship\fashion-visual-search\data\subset\images\29879.jpg,Men,Accessories,Eyewear,Sunglasses,Green,Summer,2017.0,Casual,Mayhem Men Sunglasses 1020-204,query
15070,15070.jpg,F:\CEI\Celebal_Excellence_Internship\fashion-visual-search\data\subset\images\15070.jpg,Men,Footwear,Sandal,Sandals,Brown,Fall,2012.0,Casual,Ganuchi Men Brown Sandal,query
57056,57056.jpg,F:\CEI\Celebal_Excellence_Internship\fashion-visual-search\data\subset\images\57056.jpg,Women,Apparel,Dress,Dresses,Cream,Summer,2012.0,Casual,Elle Women White Shift Dress,query
36447,36447.jpg,F:\CEI\Celebal_Excellence_Internship\fashion-visual-search\data\subset\images\36447.jpg,Men,Footwear,Shoes,Sports Shoes,White,Summer,2012.0,Sports,Spinn Men Orbit White Sports Shoes,query
39231,39231.jpg,F:\CEI\Celebal_Excellence_Internship\fashion-visual-search\data\subset\images\39231.jpg,Women,Apparel,Topwear,Tops,Peach,Summer,2012.0,Casual,Femella Women Peach Top,query
14576,14576.jpg,F:\CEI\Celebal_Excellence_Internship\fashion-visual-search\data\subset\images\14576.jpg,Men,Footwear,Shoes,Casual Shoes,Black,Fall,2011.0,Casual,Vans Men Half Cab Black Casual Shoes,query
15860,15860.jpg,F:\CEI\Celebal_Excellence_Internship\fashion-visual-search\data\subset\images\15860.jpg,Unisex,Footwear,Shoes,Casual Shoes,Navy Blue,Spring,2013.0,Casual,Warner Bros Kids Unisex SD Fire Canvas Navy Blue Casual Shoes,query
54665,54665.jpg,F:\CEI\Celebal_Excellence_Internship\fashion-visual-search\data\subset\images\54665.jpg,Men,Accessories,Watches,Watches,Black,Winter,2016.0,Casual,Fastrack Men Black Dial Watch NB3001SL05,query
41868,41868.jpg,F:\CEI\Celebal_Excellence_Internship\fashion-visual-search\data\subset\images\41868.jpg,Men,Footwear,Sandal,Sandals,Turquoise Blue,Summer,2015.0,Casual,Estd. 1977 Men Turquoise Blue Sandals,query
32401,32401.jpg,F:\CEI\Celebal_Excellence_Internship\fashion-visual-search\data\subset\images\32401.jpg,Women,Apparel,Topwear,Tops,White,Summer,2012.0,Casual,Arrow Woman Printed Multi Coloured Top,query
15747,15747.jpg,F:\CEI\Celebal_Excellence_Internship\fashion-visual-search\data\subset\images\15747.jpg,Men,Footwear,Shoes,Sports Shoes,White,Spring,2013.0,Sports,Nike Men Ballista SL White Sports Shoes,query
49661,49661.jpg,F:\CEI\Celebal_Excellence_Internship\fashion-visual-search\data\subset\images\49661.jpg,Women,Accessories,Eyewear,Sunglasses,Black,Winter,2016.0,Casual,United Colors of Benetton Women Sunglass,query
38470,38470.jpg,F:\CEI\Celebal_Excellence_Internship\fashion-visual-search\data\subset\images\38470.jpg,Women,Accessories,Bags,Handbags,Brown,Summer,2012.0,Casual,Baggit Women Brown Marsx Hoor Handbag,query
17597,17597.jpg,F:\CEI\Celebal_Excellence_Internship\fashion-visual-search\data\subset\images\17597.jpg,Unisex,Accessories,Eyewear,Sunglasses,Brown,Winter,2016.0,Casual,Cat Unisex Sunglasses,query
51667,51667.jpg,F:\CEI\Celebal_Excellence_Internship\fashion-visual-search\data\subset\images\51667.jpg,Men,Accessories,Eyewear,Sunglasses,Grey,Winter,2016.0,Casual,Louis Philippe Men Grey Sunglasses,query
2802,2802.jpg,F:\CEI\Celebal_Excellence_Internship\fashion-visual-search\data\subset\images\2802.jpg,Men,Footwear,Sandal,Sandals,Multi,Fall,2009.0,Casual,iD Men Casual Leather Tmber Sandal,query
22178,22178.jpg,F:\CEI\Celebal_Excellence_Internship\fashion-visual-search\data\subset\images\22178.jpg,Men,Footwear,Shoes,Casual Shoes,Navy Blue,Fall,2012.0,Casual,Timberland Men Navy Blue Casual Shoes,query
50764,50764.jpg,F:\CEI\Celebal_Excellence_Internship\fashion-visual-search\data\subset\images\50764.jpg,Men,Footwear,Sandal,Sandals,Brown,Winter,2018.0,Casual,Red Chief Men Brown Sandals,query
2340,2340.jpg,F:\CEI\Celebal_Excellence_Internship\fashion-visual-search\data\subset\images\2340.jpg,Men,Apparel,Topwear,Tshirts,Purple,Fall,2010.0,Casual,Reebok Men Plum Shiamak Purple T-shirt,query
45130,45130.jpg,F:\CEI\Celebal_Excellence_Internship\fashion-visual-search\data\subset\images\45130.jpg,Men,Accessories,Watches,Watches,Black,Summer,2017.0,Casual,Casio Enticer Men Silver Analogue Watch MTP-1216A-1BDF(A355),query
6897,6897.jpg,F:\CEI\Celebal_Excellence_Internship\fashion-visual-search\data\subset\images\6897.jpg,Women,Apparel,Topwear,Tops,Cream,Summer,2011.0,Casual,Forever New Women Embellishments Cream Top,query
43270,43270.jpg,F:\CEI\Celebal_Excellence_Internship\fashion-visual-search\data\subset\images\43270.jpg,Women,Apparel,Topwear,Kurtas,Red,Summer,2012.0,Ethnic,Aneri Women Red Kurta,query
12324,12324.jpg,F:\CEI\Celebal_Excellence_Internship\fashion-visual-search\data\subset\images\12324.jpg,Men,Apparel,Topwear,Shirts,Navy Blue,Winter,2011.0,Formal,Genesis Navy Formal Shirt,query
25442,25442.jpg,F:\CEI\Celebal_Excellence_Internship\fashion-visual-search\data\subset\images\25442.jpg,Men,Footwear,Shoes,Sports Shoes,Black,Summer,2012.0,Sports,Nike Men Dunk Low Black Sports Shoes,query
3656,3656.jpg,F:\CEI\Celebal_Excellence_Internship\fashion-visual-search\data\subset\images\3656.jpg,Men,Footwear,Shoes,Sports Shoes,Black,Summer,2011.0,Sports,Fila Men's Emotion Black Shoe,query
25410,25410.jpg,F:\CEI\Celebal_Excellence_Internship\fashion-visual-search\data\subset\images\25410.jpg,Men,Footwear,Shoes,Sports Shoes,Black,Summer,2012.0,Sports,Nike Men 2.04 Black Sports Shoes,query
13166,13166.jpg,F:\CEI\Celebal_Excellence_Internship\fashion-visual-search\data\subset\images\13166.jpg,Women,Footwear,Shoes,Sports Shoes,Silver,Fall,2011.0,Sports,Skechers Women Ultra Silver Sports Shoes,query
5568,5568.jpg,F:\CEI\Celebal_Excellence_Internship\fashion-visual-search\data\subset\images\5568.jpg,Women,Footwear,Shoes,Sports Shoes,White,Summer,2011.0,Sports,Nike Women's Free Everyday White Orange Shoe,query
15693,15693.jpg,F:\CEI\Celebal_Excellence_Internship\fashion-visual-search\data\subset\images\15693.jpg,Men,Apparel,Topwear,Shirts,Blue,Fall,2011.0,Formal,Black coffee Men Micheal Blue Slim Fit Shirt,query
38343,38343.jpg,F:\CEI\Celebal_Excellence_Internship\fashion-visual-search\data\subset\images\38343.jpg,Girls,Apparel,Topwear,Tops,White,Summer,2012.0,Casual,Mr. Men Little Miss Girls White Tops,query
40394,40394.jpg,F:\CEI\Celebal_Excellence_Internship\fashion-visual-search\data\subset\images\40394.jpg,Women,Apparel,Topwear,Tops,Off White,Summer,2012.0,Casual,Tonga Women Pink Printed Top,query
3644,3644.jpg,F:\CEI\Celebal_Excellence_Internship\fashion-visual-search\data\subset\images\3644.jpg,Men,Footwear,Shoes,Casual Shoes,Navy Blue,Summer,2011.0,Casual,Fila Men's Maverick HI Navy Green Canvas Shoe,query
3161,3161.jpg,F:\CEI\Celebal_Excellence_Internship\fashion-visual-search\data\subset\images\3161.jpg,Men,Footwear,Shoes,Sports Shoes,White,Summer,2011.0,Sports,Nike Men's Air Citius MSL White Grey Shoe,query
59990,59990.jpg,F:\CEI\Celebal_Excellence_Internship\fashion-visual-search\data\subset\images\59990.jpg,Women,Apparel,Dress,Dresses,Pink,Fall,2012.0,Casual,Avirate Pink Dress,query
7722,7722.jpg,F:\CEI\Celebal_Excellence_Internship\fashion-visual-search\data\subset\images\7722.jpg,Men,Footwear,Shoes,Casual Shoes,White,Fall,2011.0,Casual,Fila Men's Nexus White Navy Blue Shoe,query
2056,2056.jpg,F:\CEI\Celebal_Excellence_Internship\fashion-visual-search\data\subset\images\2056.jpg,Men,Apparel,Topwear,Tshirts,Grey,Winter,2010.0,Casual,Lee Men's Ten Minutes to Midnight T-shirt,query
5375,5375.jpg,F:\CEI\Celebal_Excellence_Internship\fashion-visual-search\data\subset\images\5375.jpg,Women,Footwear,Shoes,Sports Shoes,Blue,Summer,2011.0,Sports,Quechua Jawar 5.0 Lady Blue,query
16890,16890.jpg,F:\CEI\Celebal_Excellence_Internship\fashion-visual-search\data\subset\images\16890.jpg,Unisex,Accessories,Eyewear,Sunglasses,Black,Winter,2016.0,Casual,Police Unisex Casual Black Sunglasses,query
5109,5109.jpg,F:\CEI\Celebal_Excellence_Internship\fashion-visual-search\data\subset\images\5109.jpg,Women,Apparel,Topwear,Tops,Black,Summer,2011.0,Casual,Wrangler Women Long Polka White Red Top,query
56693,56693.jpg,F:\CEI\Celebal_Excellence_Internship\fashion-visual-search\data\subset\images\56693.jpg,Men,Apparel,Topwear,Kurtas,Blue,Summer,2012.0,Ethnic,Fabindia Men Blue Kurta,query
35161,35161.jpg,F:\CEI\Celebal_Excellence_Internship\fashion-visual-search\data\subset\images\35161.jpg,Men,Footwear,Sandal,Sandals,Black,Fall,2012.0,Casual,Coolers Men Black Sandals,query
3384,3384.jpg,F:\CEI\Celebal_Excellence_Internship\fashion-visual-search\data\subset\images\3384.jpg,Women,Accessories,Bags,Handbags,Black,Winter,2015.0,Casual,Murcia Women Stitch Black Bag,query
47794,47794.jpg,F:\CEI\Celebal_Excellence_Internship\fashion-visual-search\data\subset\images\47794.jpg,Women,Accessories,Bags,Handbags,Brown,Summer,2012.0,Casual,Murcia Women Brown Handbag,query
31974,31974.jpg,F:\CEI\Celebal_Excellence_Internship\fashion-visual-search\data\subset\images\31974.jpg,Women,Footwear,Shoes,Sports Shoes,Black,Summer,2012.0,Sports,Nike Women Lunarglide+3 Black Sports Shoes,query
54656,54656.jpg,F:\CEI\Celebal_Excellence_Internship\fashion-visual-search\data\subset\images\54656.jpg,Women,Accessories,Watches,Watches,Black,Winter,2016.0,Casual,Fastrack Women White Dial Watch,query
12054,12054.jpg,F:\CEI\Celebal_Excellence_Internship\fashion-visual-search\data\subset\images\12054.jpg,Men,Apparel,Topwear,Tshirts,White,Fall,2011.0,Casual,Spykar Men Printed White T-Shirts,query
41141,41141.jpg,F:\CEI\Celebal_Excellence_Internship\fashion-visual-search\data\subset\images\41141.jpg,Women,Apparel,Dress,Dresses,Blue,Fall,2012.0,Casual,Allen Solly Woman Blue Dress,query
10871,10871.jpg,F:\CEI\Celebal_Excellence_Internship\fashion-visual-search\data\subset\images\10871.jpg,Men,Apparel,Topwear,Tshirts,Grey,Fall,2011.0,Casual,Wrangler Men Dirtcross Grey T-Shirts,query
31236,31236.jpg,F:\CEI\Celebal_Excellence_Internship\fashion-visual-search\data\subset\images\31236.jpg,Men,Apparel,Topwear,Tshirts,White,Summer,2012.0,Casual,Puma Men Graphic White T-shirt,query
3646,3646.jpg,F:\CEI\Celebal_Excellence_Internship\fashion-visual-search\data\subset\images\3646.jpg,Men,Footwear,Shoes,Casual Shoes,Black,Summer,2011.0,Casual,Fila Men's Liga Black Orange Shoe,query
8190,8190.jpg,F:\CEI\Celebal_Excellence_Internship\fashion-visual-search\data\subset\images\8190.jpg,Men,Apparel,Topwear,Shirts,Black,Summer,2011.0,Casual,Locomotive Men Solid Poplin Lakota Black Shirts,query
6497,6497.jpg,F:\CEI\Celebal_Excellence_Internship\fashion-visual-search\data\subset\images\6497.jpg,Men,Footwear,Shoes,Casual Shoes,Brown,Winter,2018.0,Casual,Red Tape Men's Leather Brown Shoe,query
17334,17334.jpg,F:\CEI\Celebal_Excellence_Internship\fashion-visual-search\data\subset\images\17334.jpg,Unisex,Accessories,Eyewear,Sunglasses,Brown,Winter,2016.0,Casual,Pepe Jeans Unisex Casual Sunglasses,query
15868,15868.jpg,F:\CEI\Celebal_Excellence_Internship\fashion-visual-search\data\subset\images\15868.jpg,Unisex,Footwear,Sandal,Sandals,Brown,Fall,2011.0,Casual,Warner Bros Kids Unisex TJ Playlogs Brown Sandals,query
6136,6136.jpg,F:\CEI\Celebal_Excellence_Internship\fashion-visual-search\data\subset\images\6136.jpg,Unisex,Footwear,Sandal,Sandals,Brown,Summer,2011.0,Casual,Puma Unisex Winch Brown Beige Floater,query
11058,11058.jpg,F:\CEI\Celebal_Excellence_Internship\fashion-visual-search\data\subset\images\11058.jpg,Men,Apparel,Topwear,Shirts,Purple,Fall,2011.0,Casual,Scullers Men Check Purple Shirts,query
11164,11164.jpg,F:\CEI\Celebal_Excellence_Internship\fashion-visual-search\data\subset\images\11164.jpg,Men,Apparel,Topwear,Shirts,Blue,Fall,2011.0,Formal,John Miller Men Solid Blue Shirts,query
47011,47011.jpg,F:\CEI\Celebal_Excellence_Internship\fashion-visual-search\data\subset\images\47011.jpg,Women,Apparel,Topwear,Kurtas,Rust,Fall,2012.0,Ethnic,Shree Women Rust Printed Kurta,query
6667,6667.jpg,F:\CEI\Celebal_Excellence_Internship\fashion-visual-search\data\subset\images\6667.jpg,Women,Footwear,Shoes,Sports Shoes,Black,Summer,2011.0,Sports,Nike Women's Ballista II Black Silver Shoe,query
11365,11365.jpg,F:\CEI\Celebal_Excellence_Internship\fashion-visual-search\data\subset\images\11365.jpg,Women,Apparel,Topwear,Tops,Black,Fall,2011.0,Casual,United Colors Of Benetton Women Light Winter Black Tops,query
27678,27678.jpg,F:\CEI\Celebal_Excellence_Internship\fashion-visual-search\data\subset\images\27678.jpg,Women,Accessories,Bags,Handbags,Brown,Winter,2015.0,Casual,Murcia Women Brown Handbag,query
48525,48525.jpg,F:\CEI\Celebal_Excellence_Internship\fashion-visual-search\data\subset\images\48525.jpg,Women,Apparel,Dress,Dresses,White,Summer,2012.0,Casual,French Connection Women White & Blue  Striped Dress,query
15307,15307.jpg,F:\CEI\Celebal_Excellence_Internship\fashion-visual-search\data\subset\images\15307.jpg,Men,Footwear,Shoes,Casual Shoes,Brown,Fall,2011.0,Casual,ADIDAS Men Daroga Two 11 Lea Brown Casual Shoes,query
43637,43637.jpg,F:\CEI\Celebal_Excellence_Internship\fashion-visual-search\data\subset\images\43637.jpg,Women,Apparel,Dress,Dresses,Pink,Summer,2012.0,Casual,Vero Moda Women Pink Dress,query
27722,27722.jpg,F:\CEI\Celebal_Excellence_Internship\fashion-visual-search\data\subset\images\27722.jpg,Women,Accessories,Bags,Handbags,Purple,Winter,2015.0,Casual,Murcia Women Purple Handbag,query
38803,38803.jpg,F:\CEI\Celebal_Excellence_Internship\fashion-visual-search\data\subset\images\38803.jpg,Men,Apparel,Topwear,Tshirts,Blue,Summer,2012.0,Casual,Marvel Men Blue Printed T-shirt,query
33415,33415.jpg,F:\CEI\Celebal_Excellence_Internship\fashion-visual-search\data\subset\images\33415.jpg,Women,Accessories,Bags,Handbags,Purple,Fall,2012.0,Casual,Baggit Women Quick Jhuti Purple Handbag,query
30779,30779.jpg,F:\CEI\Celebal_Excellence_Internship\fashion-visual-search\data\subset\images\30779.jpg,Men,Apparel,Topwear,Kurtas,Rust,Summer,2012.0,Ethnic,Fabindia Men Rust Khadi Kurta,query
37143,37143.jpg,F:\CEI\Celebal_Excellence_Internship\fashion-visual-search\data\subset\images\37143.jpg,Men,Apparel,Topwear,Shirts,Blue,Summer,2012.0,Casual,Wills Lifestyle Men Blue Gingham Shirt,query
4237,4237.jpg,F:\CEI\Celebal_Excellence_Internship\fashion-visual-search\data\subset\images\4237.jpg,Men,Apparel,Topwear,Tshirts,Red,Summer,2011.0,Casual,Probase Men's Big Sound Red Tshirt,query
15367,15367.jpg,F:\CEI\Celebal_Excellence_Internship\fashion-visual-search\data\subset\images\15367.jpg,Men,Footwear,Sandal,Sandals,Brown,Summer,2012.0,Casual,Red Tape Men Casual Brown Sandals,query
40565,40565.jpg,F:\CEI\Celebal_Excellence_Internship\fashion-visual-search\data\subset\images\40565.jpg,Women,Apparel,Topwear,Kurtas,Maroon,Summer,2012.0,Ethnic,W Women Maroon Kurta,query
9667,9667.jpg,F:\CEI\Celebal_Excellence_Internship\fashion-visual-search\data\subset\images\9667.jpg,Men,Apparel,Topwear,Shirts,Purple,Fall,2011.0,Casual,Indigo Nation Men Bling Red Black Shirts,query
7127,7127.jpg,F:\CEI\Celebal_Excellence_Internship\fashion-visual-search\data\subset\images\7127.jpg,Men,Apparel,Topwear,Tshirts,Orange,Fall,2011.0,Casual,Urban Yoga Men's Orange T-shirt,query
10715,10715.jpg,F:\CEI\Celebal_Excellence_Internship\fashion-visual-search\data\subset\images\10715.jpg,Women,Apparel,Topwear,Tops,Black,Fall,2011.0,Casual,Nike Women Training sports bra Black Tops,query
48195,48195.jpg,F:\CEI\Celebal_Excellence_Internship\fashion-visual-search\data\subset\images\48195.jpg,Men,Accessories,Eyewear,Sunglasses,Black,Winter,2016.0,Casual,United Colors of Benetton Men Black Sunglasses,query
38675,38675.jpg,F:\CEI\Celebal_Excellence_Internship\fashion-visual-search\data\subset\images\38675.jpg,Women,Footwear,Shoes,Sports Shoes,White,Fall,2012.0,Sports,Nike Women Diffusion White Sports Shoes,query
57230,57230.jpg,F:\CEI\Celebal_Excellence_Internship\fashion-visual-search\data\subset\images\57230.jpg,Women,Accessories,Bags,Handbags,Purple,Summer,2012.0,Casual,Murcia Women Purple Handbag,query
32270,32270.jpg,F:\CEI\Celebal_Excellence_Internship\fashion-visual-search\data\subset\images\32270.jpg,Women,Apparel,Topwear,Kurtas,Grey,Summer,2012.0,Ethnic,Vishudh Women Printed Grey Kurta,query
29877,29877.jpg,F:\CEI\Celebal_Excellence_Internship\fashion-visual-search\data\subset\images\29877.jpg,Men,Accessories,Eyewear,Sunglasses,Black,Summer,2017.0,Casual,Mayhem Men Rectangular Sunglasses 1020-205,query
31813,31813.jpg,F:\CEI\Celebal_Excellence_Internship\fashion-visual-search\data\subset\images\31813.jpg,Men,Accessories,Watches,Watches,Black,Winter,2016.0,Casual,Titan Men Black Dial Watch,query
21355,21355.jpg,F:\CEI\Celebal_Excellence_Internship\fashion-visual-search\data\subset\images\21355.jpg,Women,Accessories,Eyewear,Sunglasses,Silver,Winter,2016.0,Casual,Van Heusen Women Casual Silver Frame Sunglasses,query
34585,34585.jpg,F:\CEI\Celebal_Excellence_Internship\fashion-visual-search\data\subset\images\34585.jpg,Women,Apparel,Dress,Dresses,Green,Summer,2012.0,Casual,Tonga Women Green Dress,query
17411,17411.jpg,F:\CEI\Celebal_Excellence_Internship\fashion-visual-search\data\subset\images\17411.jpg,Men,Footwear,Shoes,Sports Shoes,White,Fall,2011.0,Sports,Lotto Men Basketball Mid White Sports Shoe,query
23494,23494.jpg,F:\CEI\Celebal_Excellence_Internship\fashion-visual-search\data\subset\images\23494.jpg,Men,Footwear,Shoes,Casual Shoes,White,Fall,2011.0,Casual,Fila Men Cameo White Casual Shoes,query
21314,21314.jpg,F:\CEI\Celebal_Excellence_Internship\fashion-visual-search\data\subset\images\21314.jpg,Women,Accessories,Eyewear,Sunglasses,Purple,Winter,2016.0,Casual,Celine Dion Women Purple Frame Sunglasses,query
46102,46102.jpg,F:\CEI\Celebal_Excellence_Internship\fashion-visual-search\data\subset\images\46102.jpg,Men,Footwear,Shoes,Casual Shoes,Green,Summer,2012.0,Casual,ADIDAS Men Green Lucent Shoes,query
18881,18881.jpg,F:\CEI\Celebal_Excellence_Internship\fashion-visual-search\data\subset\images\18881.jpg,Women,Apparel,Topwear,Shirts,White,Fall,2011.0,Casual,Arrow Woman Lana White Shirt,query
52162,52162.jpg,F:\CEI\Celebal_Excellence_Internship\fashion-visual-search\data\subset\images\52162.jpg,Women,Apparel,Dress,Dresses,Black,Summer,2012.0,Casual,Femella Women Black Striped Tank Dress,query
32218,32218.jpg,F:\CEI\Celebal_Excellence_Internship\fashion-visual-search\data\subset\images\32218.jpg,Women,Apparel,Topwear,Kurtas,Red,Summer,2012.0,Ethnic,Fabindia Women Printed Red Kurta,query
58269,58269.jpg,F:\CEI\Celebal_Excellence_Internship\fashion-visual-search\data\subset\images\58269.jpg,Women,Accessories,Bags,Handbags,Brown,Fall,2012.0,Casual,Baggit Women Brown Handbag,query
32727,32727.jpg,F:\CEI\Celebal_Excellence_Internship\fashion-visual-search\data\subset\images\32727.jpg,Unisex,Footwear,Shoes,Casual Shoes,Black,Summer,2012.0,Casual,Fila Unisex Skeletoes 2.0 Black Shoes,query
13404,13404.jpg,F:\CEI\Celebal_Excellence_Internship\fashion-visual-search\data\subset\images\13404.jpg,Men,Apparel,Topwear,Shirts,Green,Summer,2011.0,Casual,United Colors of Benetton Men Check Green Shirts,query
38864,38864.jpg,F:\CEI\Celebal_Excellence_Internship\fashion-visual-search\data\subset\images\38864.jpg,Women,Apparel,Topwear,Tops,Purple,Summer,2012.0,Casual,Latin Quarters Women Purple & White Top,query
17165,17165.jpg,F:\CEI\Celebal_Excellence_Internship\fashion-visual-search\data\subset\images\17165.jpg,Men,Apparel,Topwear,Shirts,Maroon,Fall,2011.0,Formal,U.S. Polo Assn. Men Maroon & White Check Shirt,query
28420,28420.jpg,F:\CEI\Celebal_Excellence_Internship\fashion-visual-search\data\subset\images\28420.jpg,Men,Accessories,Eyewear,Sunglasses,Copper,Winter,2016.0,Casual,Idee Men Copper Sunglasses,query
29277,29277.jpg,F:\CEI\Celebal_Excellence_Internship\fashion-visual-search\data\subset\images\29277.jpg,Women,Apparel,Topwear,Shirts,Blue,Summer,2012.0,Casual,Wrangler Women Salena Blue Shirt,query
36465,36465.jpg,F:\CEI\Celebal_Excellence_Internship\fashion-visual-search\data\subset\images\36465.jpg,Men,Footwear,Shoes,Casual Shoes,White,Summer,2012.0,Casual,Spinn Men Viking White Casual Shoes,query
53735,53735.jpg,F:\CEI\Celebal_Excellence_Internship\fashion-visual-search\data\subset\images\53735.jpg,Men,Footwear,Shoes,Casual Shoes,Brown,Summer,2012.0,Casual,Puma Men Brown Vintage Ferrari Shoes,query
48448,48448.jpg,F:\CEI\Celebal_Excellence_Internship\fashion-visual-search\data\subset\images\48448.jpg,Men,Apparel,Topwear,Tshirts,Purple,Summer,2012.0,Casual,French Connection Men Purple T-shirt,query
18899,18899.jpg,F:\CEI\Celebal_Excellence_Internship\fashion-visual-search\data\subset\images\18899.jpg,Women,Apparel,Topwear,Tops,Maroon,Fall,2011.0,Casual,Arrow Woman Igor Maroon Top,query
54829,54829.jpg,F:\CEI\Celebal_Excellence_Internship\fashion-visual-search\data\subset\images\54829.jpg,Women,Accessories,Bags,Handbags,Brown,Winter,2012.0,Casual,Ivory Tag Women Brown Sling Bag,query
25149,25149.jpg,F:\CEI\Celebal_Excellence_Internship\fashion-visual-search\data\subset\images\25149.jpg,Women,Accessories,Bags,Handbags,Black,Winter,2015.0,Casual,Lino Perros Women Black Handbag,query
37509,37509.jpg,F:\CEI\Celebal_Excellence_Internship\fashion-visual-search\data\subset\images\37509.jpg,Men,Accessories,Watches,Watches,Black,Winter,2016.0,Casual,Esprit Men Black Dial Watch,query
16290,16290.jpg,F:\CEI\Celebal_Excellence_Internship\fashion-visual-search\data\subset\images\16290.jpg,Men,Apparel,Topwear,Tshirts,Yellow,Fall,2011.0,Casual,Peter England Men Stripes Yellow Polo T-Shirt,query
32194,32194.jpg,F:\CEI\Celebal_Excellence_Internship\fashion-visual-search\data\subset\images\32194.jpg,Men,Footwear,Shoes,Casual Shoes,White,Summer,2012.0,Casual,ADIDAS Men Ohne White Shoes,query
52148,52148.jpg,F:\CEI\Celebal_Excellence_Internship\fashion-visual-search\data\subset\images\52148.jpg,Women,Apparel,Topwear,Tshirts,Red,Summer,2012.0,Casual,Femella Women Red Polo T-Shirt,query
39286,39286.jpg,F:\CEI\Celebal_Excellence_Internship\fashion-visual-search\data\subset\images\39286.jpg,Men,Footwear,Sandal,Sandals,Tan,Summer,2018.0,Casual,Red Chief Men Tan Sandals,query
35712,35712.jpg,F:\CEI\Celebal_Excellence_Internship\fashion-visual-search\data\subset\images\35712.jpg,Men,Footwear,Shoes,Sports Shoes,Grey,Summer,2012.0,Sports,Nike Men Dual Fusion TR III Grey Sports Shoes,query
58661,58661.jpg,F:\CEI\Celebal_Excellence_Internship\fashion-visual-search\data\subset\images\58661.jpg,Women,Apparel,Topwear,Kurtas,Green,Summer,2012.0,Ethnic,ALayna Women Green Kurta,query
42649,42649.jpg,F:\CEI\Celebal_Excellence_Internship\fashion-visual-search\data\subset\images\42649.jpg,Women,Apparel,Topwear,Kurtas,Black,Summer,2012.0,Ethnic,Alma Women Black Kurta,query
30839,30839.jpg,F:\CEI\Celebal_Excellence_Internship\fashion-visual-search\data\subset\images\30839.jpg,Women,Apparel,Topwear,Kurtas,Pink,Summer,2012.0,Ethnic,Fabindia Women Pink Khadi Kurta,query
22032,22032.jpg,F:\CEI\Celebal_Excellence_Internship\fashion-visual-search\data\subset\images\22032.jpg,Women,Apparel,Topwear,Kurtas,Brown,Fall,2011.0,Ethnic,Vishudh Women Flower Print Brown Kurta,query
37747,37747.jpg,F:\CEI\Celebal_Excellence_Internship\fashion-visual-search\data\subset\images\37747.jpg,Men,Apparel,Topwear,Shirts,Khaki,Summer,2012.0,Casual,John Players Men Khaki Shirt,query
32970,32970.jpg,F:\CEI\Celebal_Excellence_Internship\fashion-visual-search\data\subset\images\32970.jpg,Men,Apparel,Topwear,Tshirts,Black,Summer,2012.0,Casual,Angry Birds Men Printed Black T-shirt,query
33900,33900.jpg,F:\CEI\Celebal_Excellence_Internship\fashion-visual-search\data\subset\images\33900.jpg,Men,Accessories,Watches,Watches,Black,Winter,2016.0,Casual,Citizen Men Black Dial Watch,query
38753,38753.jpg,F:\CEI\Celebal_Excellence_Internship\fashion-visual-search\data\subset\images\38753.jpg,Women,Accessories,Bags,Handbags,Black,Summer,2012.0,Casual,Nike Women Black Sling Bag,query
35990,35990.jpg,F:\CEI\Celebal_Excellence_Internship\fashion-visual-search\data\subset\images\35990.jpg,Women,Apparel,Dress,Dresses,Pink,Summer,2012.0,Casual,Flying Machine Women Cotton Pink Dress,query
18593,18593.jpg,F:\CEI\Celebal_Excellence_Internship\fashion-visual-search\data\subset\images\18593.jpg,Men,Footwear,Shoes,Sports Shoes,White,Fall,2011.0,Sports,Puma Men Volt White Sports Shoes,query
16898,16898.jpg,F:\CEI\Celebal_Excellence_Internship\fashion-visual-search\data\subset\images\16898.jpg,Men,Accessories,Eyewear,Sunglasses,Blue,Winter,2016.0,Casual,Police Men Casual Blue Sunglasses,query
21753,21753.jpg,F:\CEI\Celebal_Excellence_Internship\fashion-visual-search\data\subset\images\21753.jpg,Women,Accessories,Bags,Handbags,Brown,Winter,2015.0,Casual,Kiara Women Classic Brown Handbag,query
13321,13321.jpg,F:\CEI\Celebal_Excellence_Internship\fashion-visual-search\data\subset\images\13321.jpg,Men,Apparel,Topwear,Shirts,Pink,Fall,2011.0,Casual,Gini and Jony Kids Boys Stripes Pink Shirts,query
34865,34865.jpg,F:\CEI\Celebal_Excellence_Internship\fashion-visual-search\data\subset\images\34865.jpg,Women,Accessories,Bags,Handbags,Black,Summer,2012.0,Casual,Envirosax Women Black Bag,query
7801,7801.jpg,F:\CEI\Celebal_Excellence_Internship\fashion-visual-search\data\subset\images\7801.jpg,Men,Apparel,Topwear,Tshirts,Navy Blue,Fall,2011.0,Casual,Proline Men Navy Polo T-shirt,query
26621,26621.jpg,F:\CEI\Celebal_Excellence_Internship\fashion-visual-search\data\subset\images\26621.jpg,Men,Footwear,Shoes,Sports Shoes,White,Summer,2012.0,Sports,Puma Men Kevler Runner White Sports Shoes,query
12897,12897.jpg,F:\CEI\Celebal_Excellence_Internship\fashion-visual-search\data\subset\images\12897.jpg,Men,Footwear,Shoes,Casual Shoes,White,Fall,2011.0,Casual,Puma Men Game Point White Casual Shoes,query
17714,17714.jpg,F:\CEI\Celebal_Excellence_Internship\fashion-visual-search\data\subset\images\17714.jpg,Men,Apparel,Topwear,Shirts,Red,Fall,2011.0,Casual,Reid & Taylor Men Check Red Shirt,query
48467,48467.jpg,F:\CEI\Celebal_Excellence_Internship\fashion-visual-search\data\subset\images\48467.jpg,Women,Apparel,Dress,Dresses,Red,Summer,2012.0,Casual,French Connection Women Red Dress,query
13283,13283.jpg,F:\CEI\Celebal_Excellence_Internship\fashion-visual-search\data\subset\images\13283.jpg,Men,Apparel,Topwear,Shirts,Blue,Fall,2011.0,Casual,Gini and Jony Kids Boys Check Blue Shirts,query
54742,54742.jpg,F:\CEI\Celebal_Excellence_Internship\fashion-visual-search\data\subset\images\54742.jpg,Men,Footwear,Shoes,Casual Shoes,Brown,Summer,2012.0,Casual,Vans Men Brown Shoes,query
8257,8257.jpg,F:\CEI\Celebal_Excellence_Internship\fashion-visual-search\data\subset\images\8257.jpg,Women,Accessories,Bags,Handbags,Red,Winter,2016.0,Casual,Fastrack Women Red Handbag,query
6724,6724.jpg,F:\CEI\Celebal_Excellence_Internship\fashion-visual-search\data\subset\images\6724.jpg,Men,Apparel,Topwear,Tshirts,Navy Blue,Summer,2011.0,Casual,Locomotive Men's Print Electric Supply Blue T-shirt,query
26938,26938.jpg,F:\CEI\Celebal_Excellence_Internship\fashion-visual-search\data\subset\images\26938.jpg,Women,Apparel,Topwear,Tshirts,Black,Summer,2012.0,Casual,Jealous 21 Women Black Printed T-shirt,query
44697,44697.jpg,F:\CEI\Celebal_Excellence_Internship\fashion-visual-search\data\subset\images\44697.jpg,Women,Apparel,Topwear,Tops,Red,Fall,2012.0,Casual,Wills Lifestyle Red & White Checked Top,query
25834,25834.jpg,F:\CEI\Celebal_Excellence_Internship\fashion-visual-search\data\subset\images\25834.jpg,Women,Apparel,Topwear,Kurtas,White,Summer,2012.0,Ethnic,Diva Women Printed White Kurta,query
42933,42933.jpg,F:\CEI\Celebal_Excellence_Internship\fashion-visual-search\data\subset\images\42933.jpg,Unisex,Accessories,Bags,Handbags,Blue,Summer,2012.0,Casual,French Connection Unisex Blue Bag,query
21926,21926.jpg,F:\CEI\Celebal_Excellence_Internship\fashion-visual-search\data\subset\images\21926.jpg,Women,Apparel,Topwear,Kurtas,Blue,Fall,2011.0,Ethnic,BIBA Women Printed Blue Kurta,query
51564,51564.jpg,F:\CEI\Celebal_Excellence_Internship\fashion-visual-search\data\subset\images\51564.jpg,Men,Accessories,Watches,Watches,Steel,Winter,2016.0,Casual,Fastrack Men Steel Dial Watch,query
6789,6789.jpg,F:\CEI\Celebal_Excellence_Internship\fashion-visual-search\data\subset\images\6789.jpg,Men,Apparel,Topwear,Shirts,Green,Summer,2011.0,Casual,Timberland Men Meriden White Check Shirt,query
24361,24361.jpg,F:\CEI\Celebal_Excellence_Internship\fashion-visual-search\data\subset\images\24361.jpg,Women,Apparel,Topwear,Kurtas,Blue,Fall,2011.0,Ethnic,Folklore Women Blue Printed Kurta,query
3664,3664.jpg,F:\CEI\Celebal_Excellence_Internship\fashion-visual-search\data\subset\images\3664.jpg,Men,Footwear,Shoes,Sports Shoes,White,Summer,2011.0,Sports,Fila Men's Walker White Shoe,query
22160,22160.jpg,F:\CEI\Celebal_Excellence_Internship\fashion-visual-search\data\subset\images\22160.jpg,Men,Footwear,Shoes,Casual Shoes,Black,Summer,2011.0,Casual,Lee Cooper Men Black Casual Shoes,query
38492,38492.jpg,F:\CEI\Celebal_Excellence_Internship\fashion-visual-search\data\subset\images\38492.jpg,Boys,Apparel,Topwear,Tshirts,Yellow,Summer,2012.0,Casual,Gini and Jony Boys Core Yellow T-shirt,query
12711,12711.jpg,F:\CEI\Celebal_Excellence_Internship\fashion-visual-search\data\subset\images\12711.jpg,Women,Footwear,Shoes,Sports Shoes,Grey,Fall,2011.0,Sports,Nike Women Lunarshift Grey Sports Shoes,query
39973,39973.jpg,F:\CEI\Celebal_Excellence_Internship\fashion-visual-search\data\subset\images\39973.jpg,Men,Footwear,Shoes,Casual Shoes,Brown,Winter,2014.0,Casual,Gas Men Brown Lear Shoes,query
23739,23739.jpg,F:\CEI\Celebal_Excellence_Internship\fashion-visual-search\data\subset\images\23739.jpg,Women,Accessories,Eyewear,Sunglasses,Brown,Winter,2016.0,Casual,Ray-Ban Women Cats 5000 Sunglasses,query
51562,51562.jpg,F:\CEI\Celebal_Excellence_Internship\fashion-visual-search\data\subset\images\51562.jpg,Men,Accessories,Watches,Watches,Black,Winter,2016.0,Casual,Fastrack Men Black Dial Watch 3062pp02b,query
13360,13360.jpg,F:\CEI\Celebal_Excellence_Internship\fashion-visual-search\data\subset\images\13360.jpg,Women,Footwear,Shoes,Casual Shoes,Brown,Fall,2012.0,Casual,Timberland Women Femmes Brown Boot,query
15889,15889.jpg,F:\CEI\Celebal_Excellence_Internship\fashion-visual-search\data\subset\images\15889.jpg,Girls,Footwear,Sandal,Sandals,Pink,Winter,2012.0,Casual,Warner Bros Kids Girls TW Big Facelog Pink Sandals,query
11406,11406.jpg,F:\CEI\Celebal_Excellence_Internship\fashion-visual-search\data\subset\images\11406.jpg,Men,Apparel,Topwear,Tshirts,Blue,Fall,2011.0,Casual,United Colors Of Benetton Men Light Winter Blue T-Shirts,query
23679,23679.jpg,F:\CEI\Celebal_Excellence_Internship\fashion-visual-search\data\subset\images\23679.jpg,Men,Footwear,Shoes,Casual Shoes,Black,Summer,2011.0,Casual,Red Tape Men Mocassins Black Casual Shoes,query
7140,7140.jpg,F:\CEI\Celebal_Excellence_Internship\fashion-visual-search\data\subset\images\7140.jpg,Women,Apparel,Topwear,Shirts,Blue,Fall,2011.0,Casual,Scullers For Her Women Light Work Blue Check Shirts,query
38837,38837.jpg,F:\CEI\Celebal_Excellence_Internship\fashion-visual-search\data\subset\images\38837.jpg,Women,Apparel,Dress,Dresses,Pink,Fall,2012.0,Casual,Latin Quarters Women Pink Printed Dress,query
4046,4046.jpg,F:\CEI\Celebal_Excellence_Internship\fashion-visual-search\data\subset\images\4046.jpg,Men,Footwear,Shoes,Sports Shoes,White,Summer,2011.0,Sports,ADIDAS Men's Allegra 4M White Navy Blue Black Shoe,query
54971,54971.jpg,F:\CEI\Celebal_Excellence_Internship\fashion-visual-search\data\subset\images\54971.jpg,Women,Apparel,Dress,Dresses,Grey,Summer,2012.0,Casual,Femella Women Grey Dress,query
7267,7267.jpg,F:\CEI\Celebal_Excellence_Internship\fashion-visual-search\data\subset\images\7267.jpg,Men,Footwear,Shoes,Casual Shoes,Brown,Fall,2011.0,Casual,Rockport Men Brown Leather Casual Shoes,query
23873,23873.jpg,F:\CEI\Celebal_Excellence_Internship\fashion-visual-search\data\subset\images\23873.jpg,Men,Apparel,Topwear,Tshirts,Blue,Fall,2011.0,Casual,ADIDAS Men Blue T-shirt,query
31833,31833.jpg,F:\CEI\Celebal_Excellence_Internship\fashion-visual-search\data\subset\images\31833.jpg,Men,Accessories,Watches,Watches,White,Winter,2016.0,Casual,Titan Men Chronograph White Dial Watch,query
20154,20154.jpg,F:\CEI\Celebal_Excellence_Internship\fashion-visual-search\data\subset\images\20154.jpg,Men,Apparel,Topwear,Shirts,Navy Blue,Fall,2011.0,Casual,Wrangler Men Tylor Navy Blue Shirt,query
41302,41302.jpg,F:\CEI\Celebal_Excellence_Internship\fashion-visual-search\data\subset\images\41302.jpg,Girls,Apparel,Dress,Dresses,Pink,Summer,2012.0,Casual,Gini and Jony Girls Blue Saloppette,query
44813,44813.jpg,F:\CEI\Celebal_Excellence_Internship\fashion-visual-search\data\subset\images\44813.jpg,Women,Apparel,Topwear,Tshirts,Navy Blue,Summer,2012.0,Casual,Spykar Women Navy Blue T-Shirt,query
37198,37198.jpg,F:\CEI\Celebal_Excellence_Internship\fashion-visual-search\data\subset\images\37198.jpg,Women,Apparel,Dress,Dresses,Red,Summer,2012.0,Casual,United Colors of Benetton Women Check Red Dress,query
42218,42218.jpg,F:\CEI\Celebal_Excellence_Internship\fashion-visual-search\data\subset\images\42218.jpg,Women,Apparel,Topwear,Tops,Blue,Summer,2012.0,Casual,Sepia Women Blue Printed Top,query
22081,22081.jpg,F:\CEI\Celebal_Excellence_Internship\fashion-visual-search\data\subset\images\22081.jpg,Women,Apparel,Topwear,Kurtas,Sea Green,Fall,2011.0,Ethnic,Vishudh Women Sea Green Floral Printed Kurta,query
58271,58271.jpg,F:\CEI\Celebal_Excellence_Internship\fashion-visual-search\data\subset\images\58271.jpg,Women,Accessories,Bags,Handbags,Beige,Fall,2012.0,Casual,Baggit Women Beige Handbag,query
59884,59884.jpg,F:\CEI\Celebal_Excellence_Internship\fashion-visual-search\data\subset\images\59884.jpg,Women,Apparel,Topwear,Tops,Pink,Fall,2012.0,Casual,Femella Women Pink Tube Top,query
14120,14120.jpg,F:\CEI\Celebal_Excellence_Internship\fashion-visual-search\data\subset\images\14120.jpg,Women,Apparel,Topwear,Tops,Grey,Fall,2011.0,Casual,Flying Machine Women Solid Grey Tops,query
3044,3044.jpg,F:\CEI\Celebal_Excellence_Internship\fashion-visual-search\data\subset\images\3044.jpg,Men,Apparel,Topwear,Tshirts,Blue,Summer,2011.0,Casual,Tantra Men's Freddie Blue T-shirt,query
10336,10336.jpg,F:\CEI\Celebal_Excellence_Internship\fashion-visual-search\data\subset\images\10336.jpg,Women,Apparel,Topwear,Tops,Black,Fall,2011.0,Casual,United Colors of Benetton Women Stripes Black Tops,query
14729,14729.jpg,F:\CEI\Celebal_Excellence_Internship\fashion-visual-search\data\subset\images\14729.jpg,Men,Apparel,Topwear,Tshirts,White,Fall,2011.0,Casual,Ed Hardy Men Don.Ed White Tshirts,query
45264,45264.jpg,F:\CEI\Celebal_Excellence_Internship\fashion-visual-search\data\subset\images\45264.jpg,Men,Accessories,Watches,Watches,Olive,Winter,2016.0,Casual,CASIO G-Shock Olive Digital Watch G245,query
28158,28158.jpg,F:\CEI\Celebal_Excellence_Internship\fashion-visual-search\data\subset\images\28158.jpg,Men,Accessories,Eyewear,Sunglasses,Gold,Winter,2016.0,Casual,Ray-Ban Men Aviator Gold Sunglasses,query
16868,16868.jpg,F:\CEI\Celebal_Excellence_Internship\fashion-visual-search\data\subset\images\16868.jpg,Men,Accessories,Eyewear,Sunglasses,Brown,Winter,2016.0,Casual,Idee Men Funky Eyewear Brown Sunglasses,query
3159,3159.jpg,F:\CEI\Celebal_Excellence_Internship\fashion-visual-search\data\subset\images\3159.jpg,Men,Footwear,Shoes,Sports Shoes,White,Fall,2010.0,Sports,Nike Men's Air Max Moto White Blue Shoe,query
3660,3660.jpg,F:\CEI\Celebal_Excellence_Internship\fashion-visual-search\data\subset\images\3660.jpg,Men,Footwear,Shoes,Sports Shoes,White,Summer,2011.0,Sports,Fila Men's Racer White Roy Shoe,query
21353,21353.jpg,F:\CEI\Celebal_Excellence_Internship\fashion-visual-search\data\subset\images\21353.jpg,Women,Accessories,Eyewear,Sunglasses,Red,Winter,2016.0,Casual,Van Heusen Women Oversized Sunglasses VH163-C3,query
45845,45845.jpg,F:\CEI\Celebal_Excellence_Internship\fashion-visual-search\data\subset\images\45845.jpg,Women,Apparel,Topwear,Kurtas,Green,Summer,2012.0,Ethnic,Vishudh Women Green Kurta,query
48469,48469.jpg,F:\CEI\Celebal_Excellence_Internship\fashion-visual-search\data\subset\images\48469.jpg,Women,Apparel,Dress,Dresses,Black,Summer,2012.0,Casual,French Connection Black Dress,query
42665,42665.jpg,F:\CEI\Celebal_Excellence_Internship\fashion-visual-search\data\subset\images\42665.jpg,Women,Apparel,Topwear,Kurtas,Beige,Summer,2012.0,Ethnic,Alma Women Beige Kurta,query
22011,22011.jpg,F:\CEI\Celebal_Excellence_Internship\fashion-visual-search\data\subset\images\22011.jpg,Women,Accessories,Bags,Handbags,Blue,Winter,2015.0,Casual,Murcia Women Casual Blue Handbag,query
57054,57054.jpg,F:\CEI\Celebal_Excellence_Internship\fashion-visual-search\data\subset\images\57054.jpg,Women,Apparel,Dress,Dresses,Yellow,Summer,2012.0,Casual,Elle Yellow Vintage Shift Dress,query
47117,47117.jpg,F:\CEI\Celebal_Excellence_Internship\fashion-visual-search\data\subset\images\47117.jpg,Boys,Footwear,Sandal,Sandals,Blue,Spring,2013.0,Casual,Marvel Boys Blue Spiderman Clogs,query
17120,17120.jpg,F:\CEI\Celebal_Excellence_Internship\fashion-visual-search\data\subset\images\17120.jpg,Women,Accessories,Bags,Handbags,Black,Winter,2015.0,Casual,Lino Perros Women Classic Black Handbag,query
59981,59981.jpg,F:\CEI\Celebal_Excellence_Internship\fashion-visual-search\data\subset\images\59981.jpg,Women,Apparel,Dress,Dresses,Black,Fall,2012.0,Party,Avirate  Black & Purple Women Dress,query
29447,29447.jpg,F:\CEI\Celebal_Excellence_Internship\fashion-visual-search\data\subset\images\29447.jpg,Men,Accessories,Watches,Watches,Bronze,Winter,2016.0,Casual,Giordano Men Bronze Dial Watch,query
28741,28741.jpg,F:\CEI\Celebal_Excellence_Internship\fashion-visual-search\data\subset\images\28741.jpg,Women,Apparel,Topwear,Kurtas,Off White,Summer,2012.0,Ethnic,W Women Printed Off White Kurta,query
27225,27225.jpg,F:\CEI\Celebal_Excellence_Internship\fashion-visual-search\data\subset\images\27225.jpg,Girls,Apparel,Dress,Dresses,Pink,Summer,2012.0,Casual,Doodle Girls Printed Pink Dress,query
20148,20148.jpg,F:\CEI\Celebal_Excellence_Internship\fashion-visual-search\data\subset\images\20148.jpg,Men,Apparel,Topwear,Shirts,Black,Fall,2011.0,Casual,Wrangler Men Dodge Black Shirt,query
12507,12507.jpg,F:\CEI\Celebal_Excellence_Internship\fashion-visual-search\data\subset\images\12507.jpg,Men,Footwear,Shoes,Casual Shoes,Black,Winter,2018.0,Casual,Red Tape Men Casual Black Casual Shoes,query
4523,4523.jpg,F:\CEI\Celebal_Excellence_Internship\fashion-visual-search\data\subset\images\4523.jpg,Men,Footwear,Shoes,Sports Shoes,Blue,Summer,2011.0,Sports,Puma Men's Faas Blue White Silver Red Shoe,query
22189,22189.jpg,F:\CEI\Celebal_Excellence_Internship\fashion-visual-search\data\subset\images\22189.jpg,Men,Footwear,Shoes,Casual Shoes,Brown,Fall,2012.0,Casual,Timberland Men Brown Casual Shoes,query
38544,38544.jpg,F:\CEI\Celebal_Excellence_Internship\fashion-visual-search\data\subset\images\38544.jpg,Men,Footwear,Shoes,Casual Shoes,Black,Winter,2012.0,Casual,Puma Men Black Suede Archive Eco Shoes,query
23500,23500.jpg,F:\CEI\Celebal_Excellence_Internship\fashion-visual-search\data\subset\images\23500.jpg,Men,Footwear,Shoes,Sports Shoes,White,Summer,2011.0,Sports,FILA Men Hostile White Sports Shoes,query
32196,32196.jpg,F:\CEI\Celebal_Excellence_Internship\fashion-visual-search\data\subset\images\32196.jpg,Men,Apparel,Topwear,Kurtas,Blue,Summer,2012.0,Ethnic,Fabindia Men Printed Blue Kurta,query
27737,27737.jpg,F:\CEI\Celebal_Excellence_Internship\fashion-visual-search\data\subset\images\27737.jpg,Women,Accessories,Bags,Handbags,Red,Winter,2015.0,Casual,Murcia Women Red Handbag,query
10993,10993.jpg,F:\CEI\Celebal_Excellence_Internship\fashion-visual-search\data\subset\images\10993.jpg,Men,Apparel,Topwear,Tshirts,Grey,Fall,2011.0,Casual,Inkfruit Men Tea Kwon Do Grey Tshirts,query
7146,7146.jpg,F:\CEI\Celebal_Excellence_Internship\fashion-visual-search\data\subset\images\7146.jpg,Women,Apparel,Topwear,Tops,Red,Fall,2011.0,Casual,Scullers For Her Women's Wow Knit Red Top,query
3529,3529.jpg,F:\CEI\Celebal_Excellence_Internship\fashion-visual-search\data\subset\images\3529.jpg,Men,Apparel,Topwear,Tshirts,Navy Blue,Summer,2011.0,Casual,Myntra Men's Ear Plugs Navy Blue T-shirt,query
14641,14641.jpg,F:\CEI\Celebal_Excellence_Internship\fashion-visual-search\data\subset\images\14641.jpg,Men,Apparel,Topwear,Shirts,Blue,Fall,2011.0,Casual,Probase Men Wide Check Blue Shirts,query
23887,23887.jpg,F:\CEI\Celebal_Excellence_Internship\fashion-visual-search\data\subset\images\23887.jpg,Men,Footwear,Shoes,Sports Shoes,Black,Summer,2012.0,Sports,Fila Men Clutch Black Sports Shoes,query
16634,16634.jpg,F:\CEI\Celebal_Excellence_Internship\fashion-visual-search\data\subset\images\16634.jpg,Men,Apparel,Topwear,Tshirts,Green,Summer,2016.0,Casual,Facit Men Smart Green Tshirt,query
29300,29300.jpg,F:\CEI\Celebal_Excellence_Internship\fashion-visual-search\data\subset\images\29300.jpg,Men,Apparel,Topwear,Tshirts,Grey,Summer,2012.0,Casual,Wrangler Men Grey Polo T-shirt,query
54570,54570.jpg,F:\CEI\Celebal_Excellence_Internship\fashion-visual-search\data\subset\images\54570.jpg,Women,Apparel,Topwear,Kurtas,Red,Summer,2012.0,Ethnic,Sushilas Women Printed Red Kurta,query
14136,14136.jpg,F:\CEI\Celebal_Excellence_Internship\fashion-visual-search\data\subset\images\14136.jpg,Women,Apparel,Topwear,Tops,Black,Summer,2011.0,Casual,Jealous 21 Women Stripes Black Tops,query
20192,20192.jpg,F:\CEI\Celebal_Excellence_Internship\fashion-visual-search\data\subset\images\20192.jpg,Men,Apparel,Topwear,Tshirts,White,Fall,2011.0,Casual,Wrangler Men Polo White T-shirt,query
57170,57170.jpg,F:\CEI\Celebal_Excellence_Internship\fashion-visual-search\data\subset\images\57170.jpg,Women,Apparel,Topwear,Tops,Black,Summer,2012.0,Casual,Elle Women Black Retro Top,query
2711,2711.jpg,F:\CEI\Celebal_Excellence_Internship\fashion-visual-search\data\subset\images\2711.jpg,Girls,Apparel,Dress,Dresses,Pink,Summer,2011.0,Casual,Disney Kids Girl's Halter Neck Pink Kidswear,query
47224,47224.jpg,F:\CEI\Celebal_Excellence_Internship\fashion-visual-search\data\subset\images\47224.jpg,Men,Footwear,Sandal,Sandals,Brown,Summer,2012.0,Casual,Franco Leone Men Brown Slippers,query
38605,38605.jpg,F:\CEI\Celebal_Excellence_Internship\fashion-visual-search\data\subset\images\38605.jpg,Men,Apparel,Topwear,Tshirts,Yellow,Summer,2012.0,Casual,Nike Men Yellow Eligible Athlete T-shirt,query
13067,13067.jpg,F:\CEI\Celebal_Excellence_Internship\fashion-visual-search\data\subset\images\13067.jpg,Men,Footwear,Shoes,Casual Shoes,White,Fall,2011.0,Casual,Numero Uno Men White Shoes,query
26355,26355.jpg,F:\CEI\Celebal_Excellence_Internship\fashion-visual-search\data\subset\images\26355.jpg,Women,Apparel,Dress,Dresses,Purple,Summer,2012.0,Casual,Arrow Woman Printed Purple Dress,query
31945,31945.jpg,F:\CEI\Celebal_Excellence_Internship\fashion-visual-search\data\subset\images\31945.jpg,Men,Footwear,Shoes,Casual Shoes,Black,Summer,2012.0,Casual,Nike Men Avid Black Shoes,query
18175,18175.jpg,F:\CEI\Celebal_Excellence_Internship\fashion-visual-search\data\subset\images\18175.jpg,Girls,Apparel,Dress,Dresses,Lavender,Fall,2011.0,Casual,Doodle Kids Girls Party Frock Lavender Dress,query
47018,47018.jpg,F:\CEI\Celebal_Excellence_Internship\fashion-visual-search\data\subset\images\47018.jpg,Women,Apparel,Topwear,Kurtas,Mustard,Summer,2012.0,Ethnic,Shree Women Mustard & Black Kurta,query
33740,33740.jpg,F:\CEI\Celebal_Excellence_Internship\fashion-visual-search\data\subset\images\33740.jpg,Women,Apparel,Topwear,Tops,Green,Summer,2012.0,Casual,Vero Moda Women Bale Green Top,query
8826,8826.jpg,F:\CEI\Celebal_Excellence_Internship\fashion-visual-search\data\subset\images\8826.jpg,Men,Apparel,Topwear,Shirts,White,Fall,2011.0,Casual,Spykar Men Ranger White Mustard Stripe Shirts,query
10677,10677.jpg,F:\CEI\Celebal_Excellence_Internship\fashion-visual-search\data\subset\images\10677.jpg,Women,Apparel,Topwear,Tops,Pink,Fall,2011.0,Casual,Doodle Girl Flap doodle angel Pink Tops,query
53874,53874.jpg,F:\CEI\Celebal_Excellence_Internship\fashion-visual-search\data\subset\images\53874.jpg,Men,Footwear,Shoes,Sports Shoes,White,Fall,2012.0,Sports,Puma MenSpeeder Ind White Sports Shoes,query
22356,22356.jpg,F:\CEI\Celebal_Excellence_Internship\fashion-visual-search\data\subset\images\22356.jpg,Men,Apparel,Topwear,Shirts,White,Fall,2011.0,Casual,John Players Men Solid White Shirt,query
47661,47661.jpg,F:\CEI\Celebal_Excellence_Internship\fashion-visual-search\data\subset\images\47661.jpg,Women,Apparel,Dress,Dresses,White,Summer,2012.0,Casual,Femella Women White Heart Print Dress,query
38040,38040.jpg,F:\CEI\Celebal_Excellence_Internship\fashion-visual-search\data\subset\images\38040.jpg,Men,Accessories,Watches,Watches,Black,Winter,2016.0,Casual,Q&Q Men Black Watch,query
50331,50331.jpg,F:\CEI\Celebal_Excellence_Internship\fashion-visual-search\data\subset\images\50331.jpg,Women,Apparel,Topwear,Kurtas,White,Summer,2012.0,Ethnic,Aurelia Women Off white Printed Kurta,query
35433,35433.jpg,F:\CEI\Celebal_Excellence_Internship\fashion-visual-search\data\subset\images\35433.jpg,Girls,Apparel,Dress,Dresses,Blue,Summer,2012.0,Casual,Doodle Girls Printed Blue Dress,query
58001,58001.jpg,F:\CEI\Celebal_Excellence_Internship\fashion-visual-search\data\subset\images\58001.jpg,Women,Apparel,Dress,Dresses,Black,Fall,2012.0,Casual,Latin Quarters Women Black Printed Dress,query
2728,2728.jpg,F:\CEI\Celebal_Excellence_Internship\fashion-visual-search\data\subset\images\2728.jpg,Girls,Apparel,Topwear,Tops,Pink,Summer,2011.0,Casual,Disney Kids Girl's Pink & White Pooh Kidswear,query
19612,19612.jpg,F:\CEI\Celebal_Excellence_Internship\fashion-visual-search\data\subset\images\19612.jpg,Women,Apparel,Topwear,Tshirts,Blue,Summer,2011.0,Casual,United Colors of Benetton Women Solid Blue Tshirt,query
9121,9121.jpg,F:\CEI\Celebal_Excellence_Internship\fashion-visual-search\data\subset\images\9121.jpg,Men,Footwear,Shoes,Sports Shoes,Brown,Summer,2013.0,Casual,Puma Men Yacht L Brown Casual Shoes,query
28430,28430.jpg,F:\CEI\Celebal_Excellence_Internship\fashion-visual-search\data\subset\images\28430.jpg,Women,Accessories,Watches,Watches,Beige,Winter,2016.0,Formal,DKNY Women Beige Chronograph Watch NY8330,query
44979,44979.jpg,F:\CEI\Celebal_Excellence_Internship\fashion-visual-search\data\subset\images\44979.jpg,Men,Accessories,Watches,Watches,Silver,Winter,2016.0,Casual,Maxima Attivo Men Steel-Toned Dial Watch 15933LMGB,query
49671,49671.jpg,F:\CEI\Celebal_Excellence_Internship\fashion-visual-search\data\subset\images\49671.jpg,Men,Accessories,Eyewear,Sunglasses,Navy Blue,Winter,2016.0,Casual,United Colors of Benetton Men Sunglass,query
56696,56696.jpg,F:\CEI\Celebal_Excellence_Internship\fashion-visual-search\data\subset\images\56696.jpg,Men,Apparel,Topwear,Kurtas,Teal,Summer,2012.0,Ethnic,Fabindia Men Teal Kurta,query
9792,9792.jpg,F:\CEI\Celebal_Excellence_Internship\fashion-visual-search\data\subset\images\9792.jpg,Men,Apparel,Topwear,Shirts,White,Fall,2011.0,Casual,Spykar Men Ranger With Red Stitch Line White Shirts,query
19139,19139.jpg,F:\CEI\Celebal_Excellence_Internship\fashion-visual-search\data\subset\images\19139.jpg,Men,Footwear,Sandal,Sandals,Black,Fall,2011.0,Casual,Lotto Men Sting  Black Sandals,query
2540,2540.jpg,F:\CEI\Celebal_Excellence_Internship\fashion-visual-search\data\subset\images\2540.jpg,Men,Footwear,Shoes,Casual Shoes,Blue,Fall,2010.0,Casual,Numero Uno Men's Casual Black Leatherette Shoe,query
31951,31951.jpg,F:\CEI\Celebal_Excellence_Internship\fashion-visual-search\data\subset\images\31951.jpg,Men,Footwear,Shoes,Sports Shoes,Black,Summer,2012.0,Sports,Nike Men Air Maestro Flight Black Sports Shoes,query
15108,15108.jpg,F:\CEI\Celebal_Excellence_Internship\fashion-visual-search\data\subset\images\15108.jpg,Women,Apparel,Topwear,Tops,Maroon,Fall,2011.0,Ethnic,Mother Earth Women Stripes Maroon Tops,query
2654,2654.jpg,F:\CEI\Celebal_Excellence_Internship\fashion-visual-search\data\subset\images\2654.jpg,Women,Accessories,Bags,Handbags,Red,Winter,2015.0,Casual,Murcia Women Basket Bag Assorted Bag,query
22016,22016.jpg,F:\CEI\Celebal_Excellence_Internship\fashion-visual-search\data\subset\images\22016.jpg,Women,Apparel,Topwear,Kurtas,Black,Fall,2011.0,Ethnic,BIBA Women Sequin Black Kurta,query
45155,45155.jpg,F:\CEI\Celebal_Excellence_Internship\fashion-visual-search\data\subset\images\45155.jpg,Men,Accessories,Watches,Watches,Black,Winter,2016.0,Casual,CASIO ENTICER Men Black Dial Analogue Watch A499,query
4455,4455.jpg,F:\CEI\Celebal_Excellence_Internship\fashion-visual-search\data\subset\images\4455.jpg,Men,Footwear,Shoes,Casual Shoes,Brown,Summer,2011.0,Casual,ADIDAS Khaki Color Canvas Shoe,query
53585,53585.jpg,F:\CEI\Celebal_Excellence_Internship\fashion-visual-search\data\subset\images\53585.jpg,Men,Accessories,Watches,Watches,Blue,Winter,2016.0,Casual,Q&Q Men Blue Dial Watch,query
41660,41660.jpg,F:\CEI\Celebal_Excellence_Internship\fashion-visual-search\data\subset\images\41660.jpg,Men,Apparel,Topwear,Shirts,Blue,Summer,2012.0,Formal,Mark Taylor Men Blue Striped Shirt,query
25207,25207.jpg,F:\CEI\Celebal_Excellence_Internship\fashion-visual-search\data\subset\images\25207.jpg,Women,Accessories,Bags,Handbags,Grey,Winter,2015.0,Casual,Lino Perros Women Classic Grey Handbag,query
37272,37272.jpg,F:\CEI\Celebal_Excellence_Internship\fashion-visual-search\data\subset\images\37272.jpg,Men,Apparel,Topwear,Tshirts,Black,Summer,2012.0,Casual,Tantra Men Black Angry Anna T-shirt,query
25891,25891.jpg,F:\CEI\Celebal_Excellence_Internship\fashion-visual-search\data\subset\images\25891.jpg,Women,Apparel,Topwear,Tops,Beige,Summer,2012.0,Casual,Femella Women Beige Top,query
40138,40138.jpg,F:\CEI\Celebal_Excellence_Internship\fashion-visual-search\data\subset\images\40138.jpg,Boys,Apparel,Topwear,Tshirts,Yellow,Summer,2012.0,Casual,Gini and Jony Boys Under The Sun Yellow T-shirt,query
20385,20385.jpg,F:\CEI\Celebal_Excellence_Internship\fashion-visual-search\data\subset\images\20385.jpg,Women,Accessories,Bags,Handbags,Purple,Winter,2015.0,Casual,Baggit Women Flare Baby Purple Handbag,query
18257,18257.jpg,F:\CEI\Celebal_Excellence_Internship\fashion-visual-search\data\subset\images\18257.jpg,Women,Apparel,Topwear,Kurtas,Green,Fall,2011.0,Ethnic,Aneri Women Antara Green Kurta,query
47101,47101.jpg,F:\CEI\Celebal_Excellence_Internship\fashion-visual-search\data\subset\images\47101.jpg,Boys,Footwear,Sandal,Sandals,Yellow,Fall,2012.0,Casual,Marvel Boys Yellow Sandals,query
13403,13403.jpg,F:\CEI\Celebal_Excellence_Internship\fashion-visual-search\data\subset\images\13403.jpg,Men,Apparel,Topwear,Shirts,Red,Summer,2011.0,Casual,United Colors of Benetton Men Check Red Shirts,query
57053,57053.jpg,F:\CEI\Celebal_Excellence_Internship\fashion-visual-search\data\subset\images\57053.jpg,Women,Apparel,Dress,Dresses,Pink,Summer,2012.0,Casual,Elle Pink Vintage Dress,query
9984,9984.jpg,F:\CEI\Celebal_Excellence_Internship\fashion-visual-search\data\subset\images\9984.jpg,Men,Apparel,Topwear,Tshirts,Green,Fall,2011.0,Sports,Nike Men As Value Runn Green T-Shirts,query
19708,19708.jpg,F:\CEI\Celebal_Excellence_Internship\fashion-visual-search\data\subset\images\19708.jpg,Men,Apparel,Topwear,Shirts,Black,Fall,2011.0,Casual,United Colors of Benetton Men Check Black Shirt,query
27097,27097.jpg,F:\CEI\Celebal_Excellence_Internship\fashion-visual-search\data\subset\images\27097.jpg,Women,Apparel,Topwear,Kurtas,Blue,Summer,2012.0,Ethnic,Aneri Women Blue Printed Kurta,query
54392,54392.jpg,F:\CEI\Celebal_Excellence_Internship\fashion-visual-search\data\subset\images\54392.jpg,Women,Accessories,Bags,Handbags,Red,Summer,2012.0,Casual,Baggit Women Red Handbag,query
57051,57051.jpg,F:\CEI\Celebal_Excellence_Internship\fashion-visual-search\data\subset\images\57051.jpg,Women,Apparel,Dress,Dresses,Multi,Summer,2012.0,Casual,Elle Women Multi Coloured Dress,query
49518,49518.jpg,F:\CEI\Celebal_Excellence_Internship\fashion-visual-search\data\subset\images\49518.jpg,Women,Accessories,Bags,Handbags,Gold,Summer,2012.0,Casual,Rocia Women Golden Handbag,query
43696,43696.jpg,F:\CEI\Celebal_Excellence_Internship\fashion-visual-search\data\subset\images\43696.jpg,Boys,Apparel,Topwear,Tshirts,Yellow,Summer,2012.0,Casual,Doodle Boys Printed Yellow T-shirt,query
35042,35042.jpg,F:\CEI\Celebal_Excellence_Internship\fashion-visual-search\data\subset\images\35042.jpg,Women,Apparel,Topwear,Kurtas,Cream,Summer,2012.0,Ethnic,Fabindia Women Silk Cream Kurta,query
25286,25286.jpg,F:\CEI\Celebal_Excellence_Internship\fashion-visual-search\data\subset\images\25286.jpg,Women,Accessories,Bags,Handbags,Pink,Summer,2012.0,Casual,Lino Perros Women Leatherette Pink Sling Bag,query
51404,51404.jpg,F:\CEI\Celebal_Excellence_Internship\fashion-visual-search\data\subset\images\51404.jpg,Men,Apparel,Topwear,Shirts,Blue,Summer,2012.0,Casual,Myntra Men Blue Shirt,query
30756,30756.jpg,F:\CEI\Celebal_Excellence_Internship\fashion-visual-search\data\subset\images\30756.jpg,Men,Apparel,Topwear,Kurtas,Green,Summer,2012.0,Ethnic,Fabindia Men Green Kurta,query
5320,5320.jpg,F:\CEI\Celebal_Excellence_Internship\fashion-visual-search\data\subset\images\5320.jpg,Men,Footwear,Shoes,Casual Shoes,Grey,Summer,2011.0,Casual,Fila Men's Montello Grey Black Red Shoe,query
24589,24589.jpg,F:\CEI\Celebal_Excellence_Internship\fashion-visual-search\data\subset\images\24589.jpg,Women,Apparel,Topwear,Kurtas,Brown,Fall,2011.0,Ethnic,Vishudh Women Brown Printed Kurta,query
10220,10220.jpg,F:\CEI\Celebal_Excellence_Internship\fashion-visual-search\data\subset\images\10220.jpg,Women,Accessories,Bags,Handbags,Pink,Winter,2015.0,Casual,Murcia Women Mary Pink Handbags,query
18405,18405.jpg,F:\CEI\Celebal_Excellence_Internship\fashion-visual-search\data\subset\images\18405.jpg,Men,Footwear,Shoes,Casual Shoes,Brown,Summer,2012.0,Casual,Skechers Men USA Brown Shoe,query
9395,9395.jpg,F:\CEI\Celebal_Excellence_Internship\fashion-visual-search\data\subset\images\9395.jpg,Men,Footwear,Shoes,Sports Shoes,Black,Fall,2011.0,Sports,Nike Men Nike Lunareli +2 Black Sports Shoes,query
28157,28157.jpg,F:\CEI\Celebal_Excellence_Internship\fashion-visual-search\data\subset\images\28157.jpg,Men,Accessories,Eyewear,Sunglasses,Gold,Winter,2016.0,Casual,Ray-Ban Men Aviator Sunglasses,query
33427,33427.jpg,F:\CEI\Celebal_Excellence_Internship\fashion-visual-search\data\subset\images\33427.jpg,Women,Accessories,Bags,Handbags,Blue,Summer,2012.0,Casual,Baggit Women Modishx Enzyme Blue Sling Bag,query
34094,34094.jpg,F:\CEI\Celebal_Excellence_Internship\fashion-visual-search\data\subset\images\34094.jpg,Girls,Apparel,Topwear,Tops,Lime Green,Summer,2012.0,Casual,Doodle Girls Printed Lime Green Top,query
19900,19900.jpg,F:\CEI\Celebal_Excellence_Internship\fashion-visual-search\data\subset\images\19900.jpg,Men,Footwear,Sandal,Sandals,Black,Fall,2011.0,Casual,Lotto Men Hermes Black Sandal,query
23179,23179.jpg,F:\CEI\Celebal_Excellence_Internship\fashion-visual-search\data\subset\images\23179.jpg,Men,Apparel,Topwear,Tshirts,Yellow,Fall,2011.0,Casual,Mark Taylor Men Yellow Printed T-shirt,query
41460,41460.jpg,F:\CEI\Celebal_Excellence_Internship\fashion-visual-search\data\subset\images\41460.jpg,Men,Footwear,Sandal,Sandals,Black,Summer,2012.0,Casual,Lee Cooper Men Black & Beige Sandals,query
4642,4642.jpg,F:\CEI\Celebal_Excellence_Internship\fashion-visual-search\data\subset\images\4642.jpg,Women,Footwear,Shoes,Sports Shoes,White,Summer,2011.0,Sports,ADIDAS Women Adi Monter Low White Green Shoe,query
45174,45174.jpg,F:\CEI\Celebal_Excellence_Internship\fashion-visual-search\data\subset\images\45174.jpg,Men,Accessories,Watches,Watches,Black,Winter,2016.0,Casual,CASIO ENTICER Men Black Dial Analogue Watch A582,query
49633,49633.jpg,F:\CEI\Celebal_Excellence_Internship\fashion-visual-search\data\subset\images\49633.jpg,Women,Apparel,Dress,Dresses,Red,Summer,2012.0,Casual,Mineral Coral Dress,query
14550,14550.jpg,F:\CEI\Celebal_Excellence_Internship\fashion-visual-search\data\subset\images\14550.jpg,Women,Apparel,Topwear,Kurtas,White,Fall,2011.0,Ethnic,Vishudh Women Floral Print White Kurta,query
34098,34098.jpg,F:\CEI\Celebal_Excellence_Internship\fashion-visual-search\data\subset\images\34098.jpg,Boys,Apparel,Topwear,Shirts,Multi,Summer,2012.0,Casual,Doodle Boys Check Multi Coloured Shirt,query
7784,7784.jpg,F:\CEI\Celebal_Excellence_Internship\fashion-visual-search\data\subset\images\7784.jpg,Men,Apparel,Topwear,Tshirts,Black,Fall,2011.0,Casual,Proline Men Black Polo T-shirt,query
40634,40634.jpg,F:\CEI\Celebal_Excellence_Internship\fashion-visual-search\data\subset\images\40634.jpg,Women,Apparel,Topwear,Kurtas,Red,Summer,2012.0,Ethnic,Span Women Red Kurta,query
44824,44824.jpg,F:\CEI\Celebal_Excellence_Internship\fashion-visual-search\data\subset\images\44824.jpg,Men,Footwear,Sandal,Sandals,Tan,Winter,2013.0,Casual,Clarks Men Tan Brown Leather Sandals,query
39889,39889.jpg,F:\CEI\Celebal_Excellence_Internship\fashion-visual-search\data\subset\images\39889.jpg,Men,Footwear,Shoes,Sports Shoes,White,Summer,2012.0,Sports,ADIDAS Men Desma White Sports Shoes,query
2213,2213.jpg,F:\CEI\Celebal_Excellence_Internship\fashion-visual-search\data\subset\images\2213.jpg,Men,Footwear,Sandal,Sandals,Brown,Fall,2010.0,Casual,Puma Men Brown Sandal,query
5777,5777.jpg,F:\CEI\Celebal_Excellence_Internship\fashion-visual-search\data\subset\images\5777.jpg,Women,Apparel,Topwear,Tops,Blue,Summer,2011.0,Casual,Jealous 21 Women Blue Floral Top,query
8643,8643.jpg,F:\CEI\Celebal_Excellence_Internship\fashion-visual-search\data\subset\images\8643.jpg,Unisex,Accessories,Eyewear,Sunglasses,Green,Winter,2016.0,Casual,Fastrack Unisex Bikers Green Sunglasses,query
27444,27444.jpg,F:\CEI\Celebal_Excellence_Internship\fashion-visual-search\data\subset\images\27444.jpg,Women,Apparel,Topwear,Tshirts,Black,Fall,2015.0,Casual,Jockey Women Black T-shirt,query
36776,36776.jpg,F:\CEI\Celebal_Excellence_Internship\fashion-visual-search\data\subset\images\36776.jpg,Men,Accessories,Watches,Watches,White,Winter,2016.0,Casual,Maxima Men White Dial Watch,query
38842,38842.jpg,F:\CEI\Celebal_Excellence_Internship\fashion-visual-search\data\subset\images\38842.jpg,Women,Apparel,Dress,Dresses,Purple,Fall,2012.0,Casual,Latin Quarters Women Purple Dress,query
13680,13680.jpg,F:\CEI\Celebal_Excellence_Internship\fashion-visual-search\data\subset\images\13680.jpg,Men,Footwear,Shoes,Sports Shoes,White,Fall,2011.0,Sports,ADIDAS Men Athlos Sports Shoes,query
27228,27228.jpg,F:\CEI\Celebal_Excellence_Internship\fashion-visual-search\data\subset\images\27228.jpg,Women,Apparel,Dress,Dresses,Pink,Summer,2012.0,Casual,Doodle Kids Girl Printed Pink Dress,query
57276,57276.jpg,F:\CEI\Celebal_Excellence_Internship\fashion-visual-search\data\subset\images\57276.jpg,Men,Apparel,Topwear,Shirts,Red,Summer,2012.0,Casual,French Connection Men Red Check Shirt,query
17850,17850.jpg,F:\CEI\Celebal_Excellence_Internship\fashion-visual-search\data\subset\images\17850.jpg,Women,Apparel,Topwear,Tops,Grey,Fall,2011.0,Casual,Flying Machine Women Sequins Grey Top,query
12608,12608.jpg,F:\CEI\Celebal_Excellence_Internship\fashion-visual-search\data\subset\images\12608.jpg,Women,Apparel,Topwear,Tops,Maroon,Fall,2011.0,Casual,Jealous 21 Women Printed Maroon Tops,query
35523,35523.jpg,F:\CEI\Celebal_Excellence_Internship\fashion-visual-search\data\subset\images\35523.jpg,Girls,Footwear,Sandal,Sandals,Purple,Summer,2012.0,Casual,Enroute Teens Purple Sandals,query
45949,45949.jpg,F:\CEI\Celebal_Excellence_Internship\fashion-visual-search\data\subset\images\45949.jpg,Women,Apparel,Topwear,Tops,White,Summer,2012.0,Casual,Tokyo Talkies Women White Top,query
50720,50720.jpg,F:\CEI\Celebal_Excellence_Internship\fashion-visual-search\data\subset\images\50720.jpg,Girls,Apparel,Dress,Dresses,Orange,Summer,2012.0,Casual,Doodle Girls Orange Printed Dress,query
58694,58694.jpg,F:\CEI\Celebal_Excellence_Internship\fashion-visual-search\data\subset\images\58694.jpg,Women,Apparel,Topwear,Kurtas,Green,Summer,2012.0,Ethnic,ALayna Women Green Kurta,query
2615,2615.jpg,F:\CEI\Celebal_Excellence_Internship\fashion-visual-search\data\subset\images\2615.jpg,Men,Apparel,Topwear,Tshirts,Blue,Fall,2010.0,Sports,Nike Black Bleed Blue T-shirt,query
33226,33226.jpg,F:\CEI\Celebal_Excellence_Internship\fashion-visual-search\data\subset\images\33226.jpg,Women,Apparel,Dress,Dresses,Navy Blue,Summer,2012.0,Casual,Sepia Women Navy Blue Dress,query
16037,16037.jpg,F:\CEI\Celebal_Excellence_Internship\fashion-visual-search\data\subset\images\16037.jpg,Men,Apparel,Topwear,Shirts,Green,Fall,2011.0,Casual,Highlander Men Check Green Shirt,query
6491,6491.jpg,F:\CEI\Celebal_Excellence_Internship\fashion-visual-search\data\subset\images\6491.jpg,Men,Footwear,Shoes,Casual Shoes,Brown,Winter,2018.0,Casual,Red Tape Men Brown Shoes,query
4972,4972.jpg,F:\CEI\Celebal_Excellence_Internship\fashion-visual-search\data\subset\images\4972.jpg,Men,Apparel,Topwear,Shirts,Green,Summer,2011.0,Casual,Gini and Jony Boy's Kangaroo Green White Kidswear,query
45942,45942.jpg,F:\CEI\Celebal_Excellence_Internship\fashion-visual-search\data\subset\images\45942.jpg,Women,Apparel,Topwear,Tops,Pink,Summer,2012.0,Casual,Mumbai Slang Women Pink Top,query
7419,7419.jpg,F:\CEI\Celebal_Excellence_Internship\fashion-visual-search\data\subset\images\7419.jpg,Women,Apparel,Topwear,Kurtas,White,Summer,2011.0,Ethnic,W Women Deep Neck Sleeveless White Kurta,query
32234,32234.jpg,F:\CEI\Celebal_Excellence_Internship\fashion-visual-search\data\subset\images\32234.jpg,Women,Apparel,Topwear,Kurtas,Grey,Summer,2012.0,Ethnic,Fabindia Women Printed Grey Kurta,query
13858,13858.jpg,F:\CEI\Celebal_Excellence_Internship\fashion-visual-search\data\subset\images\13858.jpg,Men,Apparel,Topwear,Shirts,Blue,Fall,2011.0,Casual,Scullers Men Check Blue Shirts,query
46557,46557.jpg,F:\CEI\Celebal_Excellence_Internship\fashion-visual-search\data\subset\images\46557.jpg,Men,Accessories,Watches,Watches,Charcoal,Winter,2016.0,Smart Casual,Timex Expedition Men Black Dial Watch,query
5611,5611.jpg,F:\CEI\Celebal_Excellence_Internship\fashion-visual-search\data\subset\images\5611.jpg,Men,Footwear,Sandal,Sandals,Black,Summer,2011.0,Casual,ADIDAS Men Kendall Black Grey Floater,query
20604,20604.jpg,F:\CEI\Celebal_Excellence_Internship\fashion-visual-search\data\subset\images\20604.jpg,Women,Accessories,Bags,Handbags,Brown,Winter,2015.0,Casual,Baggit Women Umbrella Dum Brown Handbag,query
15508,15508.jpg,F:\CEI\Celebal_Excellence_Internship\fashion-visual-search\data\subset\images\15508.jpg,Men,Footwear,Shoes,Casual Shoes,Brown,Fall,2011.0,Casual,Rockport Men Cape Noble Brown Casual Shoes,query
43181,43181.jpg,F:\CEI\Celebal_Excellence_Internship\fashion-visual-search\data\subset\images\43181.jpg,Men,Accessories,Watches,Watches,Steel,Winter,2016.0,Casual,Fastrack Men Steel Dial Watch,query
8191,8191.jpg,F:\CEI\Celebal_Excellence_Internship\fashion-visual-search\data\subset\images\8191.jpg,Men,Apparel,Topwear,Shirts,Navy Blue,Summer,2011.0,Casual,Locomotive Men Solid Poplin Lam Navy Blue Shirts,query
29756,29756.jpg,F:\CEI\Celebal_Excellence_Internship\fashion-visual-search\data\subset\images\29756.jpg,Women,Accessories,Watches,Watches,Silver,Winter,2016.0,Casual,Fossil Women Silver-Toned Dial Chronograph Watch ES2883,query
24988,24988.jpg,F:\CEI\Celebal_Excellence_Internship\fashion-visual-search\data\subset\images\24988.jpg,Women,Apparel,Topwear,Tops,Pink,Summer,2012.0,Casual,United Colors of Benetton Women Pink Top,query
3227,3227.jpg,F:\CEI\Celebal_Excellence_Internship\fashion-visual-search\data\subset\images\3227.jpg,Men,Footwear,Shoes,Sports Shoes,Grey,Fall,2010.0,Sports,Puma Men's Vesta Runner Grey Shoe,query
15197,15197.jpg,F:\CEI\Celebal_Excellence_Internship\fashion-visual-search\data\subset\images\15197.jpg,Men,Apparel,Topwear,Tshirts,Purple,Fall,2011.0,Casual,Arrow Sport Men Printed Purple Tshirts,query
51918,51918.jpg,F:\CEI\Celebal_Excellence_Internship\fashion-visual-search\data\subset\images\51918.jpg,Women,Accessories,Bags,Handbags,Green,Summer,2016.0,Casual,Nyk Women Green Horado Handbag,query
5943,5943.jpg,F:\CEI\Celebal_Excellence_Internship\fashion-visual-search\data\subset\images\5943.jpg,Men,Apparel,Topwear,Shirts,Green,Summer,2011.0,Casual,Locomotive Men Green Checked Shirt,query
20716,20716.jpg,F:\CEI\Celebal_Excellence_Internship\fashion-visual-search\data\subset\images\20716.jpg,Men,Footwear,Shoes,Casual Shoes,Brown,Winter,2018.0,Smart Casual,Red Tape Men Brown Leather Casual Shoes,query
4136,4136.jpg,F:\CEI\Celebal_Excellence_Internship\fashion-visual-search\data\subset\images\4136.jpg,Women,Footwear,Shoes,Casual Shoes,Silver,Winter,2015.0,Casual,Skechers Women Silver White Blue Shoe,query
39711,39711.jpg,F:\CEI\Celebal_Excellence_Internship\fashion-visual-search\data\subset\images\39711.jpg,Men,Accessories,Watches,Watches,Black,Winter,2016.0,Casual,ADIDAS Original Men Black Dial Chronograph Watch ADH2641,query
38236,38236.jpg,F:\CEI\Celebal_Excellence_Internship\fashion-visual-search\data\subset\images\38236.jpg,Unisex,Accessories,Eyewear,Sunglasses,Black,Winter,2016.0,Casual,Polaroid Unisex Sunglasses,query
51939,51939.jpg,F:\CEI\Celebal_Excellence_Internship\fashion-visual-search\data\subset\images\51939.jpg,Women,Accessories,Bags,Handbags,White,Summer,2016.0,Casual,Nyk Women White Handbag,query
38218,38218.jpg,F:\CEI\Celebal_Excellence_Internship\fashion-visual-search\data\subset\images\38218.jpg,Unisex,Accessories,Eyewear,Sunglasses,Black,Winter,2016.0,Casual,Polaroid Unisex Sunglasses,query
8701,8701.jpg,F:\CEI\Celebal_Excellence_Internship\fashion-visual-search\data\subset\images\8701.jpg,Women,Accessories,Eyewear,Sunglasses,Black,Winter,2016.0,Casual,Fastrack Women Basics Black Sunglasses,query
35554,35554.jpg,F:\CEI\Celebal_Excellence_Internship\fashion-visual-search\data\subset\images\35554.jpg,Girls,Footwear,Sandal,Sandals,Pink,Summer,2012.0,Casual,Enroute Teens Pink Sandals,query
42598,42598.jpg,F:\CEI\Celebal_Excellence_Internship\fashion-visual-search\data\subset\images\42598.jpg,Men,Apparel,Topwear,Shirts,Blue,Summer,2012.0,Casual,United Colors of Benetton Men Blue Shirt,query
17164,17164.jpg,F:\CEI\Celebal_Excellence_Internship\fashion-visual-search\data\subset\images\17164.jpg,Men,Apparel,Topwear,Shirts,Blue,Fall,2011.0,Casual,U.S. Polo Assn. Men Checks Blue Shirt,query
28999,28999.jpg,F:\CEI\Celebal_Excellence_Internship\fashion-visual-search\data\subset\images\28999.jpg,Men,Apparel,Topwear,Tshirts,Red,Summer,2012.0,Casual,Status Quo Men Printed Red T-shirt,query
25661,25661.jpg,F:\CEI\Celebal_Excellence_Internship\fashion-visual-search\data\subset\images\25661.jpg,Women,Accessories,Watches,Watches,Black,Winter,2016.0,Casual,Fastrack Women Black Dial Watch NA2394SL02,query
15844,15844.jpg,F:\CEI\Celebal_Excellence_Internship\fashion-visual-search\data\subset\images\15844.jpg,Women,Apparel,Topwear,Kurtas,Blue,Fall,2011.0,Ethnic,Visudh Blue Printed Ethnic Kurta,query
19248,19248.jpg,F:\CEI\Celebal_Excellence_Internship\fashion-visual-search\data\subset\images\19248.jpg,Women,Accessories,Watches,Watches,Gold,Winter,2016.0,Casual,Guess Women Mini Rock Candy Gold Watch,query
46549,46549.jpg,F:\CEI\Celebal_Excellence_Internship\fashion-visual-search\data\subset\images\46549.jpg,Men,Accessories,Watches,Watches,Silver,Winter,2016.0,Smart Casual,Timex Expedition Men Silver Toned Analogue & Digital Watch,query
5429,5429.jpg,F:\CEI\Celebal_Excellence_Internship\fashion-visual-search\data\subset\images\5429.jpg,Men,Footwear,Shoes,Casual Shoes,Black,Summer,2011.0,Casual,Fila Men's Cruise Black Shoe,query
41798,41798.jpg,F:\CEI\Celebal_Excellence_Internship\fashion-visual-search\data\subset\images\41798.jpg,Women,Apparel,Dress,Dresses,Pink,Summer,2012.0,Casual,Remanika Women Printed Pink Dress,query
34564,34564.jpg,F:\CEI\Celebal_Excellence_Internship\fashion-visual-search\data\subset\images\34564.jpg,Women,Apparel,Dress,Dresses,Black,Summer,2012.0,Casual,Tonga Women Printed Black Dress,query
23298,23298.jpg,F:\CEI\Celebal_Excellence_Internship\fashion-visual-search\data\subset\images\23298.jpg,Men,Footwear,Sandal,Sandals,Black,Fall,2011.0,Casual,Lotto Men Sting II Black Sandal,query
31168,31168.jpg,F:\CEI\Celebal_Excellence_Internship\fashion-visual-search\data\subset\images\31168.jpg,Girls,Apparel,Dress,Dresses,White,Summer,2012.0,Casual,Gini and Jony Girls White Dress,query
34012,34012.jpg,F:\CEI\Celebal_Excellence_Internship\fashion-visual-search\data\subset\images\34012.jpg,Girls,Apparel,Topwear,Tops,White,Summer,2012.0,Casual,Palm Tree Girls Printed White Top,query
24789,24789.jpg,F:\CEI\Celebal_Excellence_Internship\fashion-visual-search\data\subset\images\24789.jpg,Women,Accessories,Bags,Handbags,Brown,Winter,2015.0,Casual,Lino Perros Women Leatherite Brown Bag,query
48513,48513.jpg,F:\CEI\Celebal_Excellence_Internship\fashion-visual-search\data\subset\images\48513.jpg,Women,Apparel,Topwear,Tops,Black,Summer,2012.0,Casual,French Connection Women Black Top,query
39961,39961.jpg,F:\CEI\Celebal_Excellence_Internship\fashion-visual-search\data\subset\images\39961.jpg,Men,Footwear,Sandal,Sandals,Brown,Spring,2013.0,Casual,GAS Men Brown Madly Sandals,query
22171,22171.jpg,F:\CEI\Celebal_Excellence_Internship\fashion-visual-search\data\subset\images\22171.jpg,Men,Footwear,Sandal,Sandals,Brown,Fall,2012.0,Casual,Timberland Men Brown Sandals,query
39464,39464.jpg,F:\CEI\Celebal_Excellence_Internship\fashion-visual-search\data\subset\images\39464.jpg,Women,Apparel,Topwear,Kurtas,Multi,Summer,2012.0,Ethnic,Diva Women Multi Coloured Kurta,query
4342,4342.jpg,F:\CEI\Celebal_Excellence_Internship\fashion-visual-search\data\subset\images\4342.jpg,Men,Footwear,Shoes,Sports Shoes,Black,Summer,2011.0,Sports,Fila Men's Phoenix Black White Shoe,query
15896,15896.jpg,F:\CEI\Celebal_Excellence_Internship\fashion-visual-search\data\subset\images\15896.jpg,Girls,Footwear,Sandal,Sandals,Pink,Winter,2012.0,Casual,Warner Bros Kids Girls TW Love flops Pink Slippers,query
16137,16137.jpg,F:\CEI\Celebal_Excellence_Internship\fashion-visual-search\data\subset\images\16137.jpg,Women,Apparel,Topwear,Tops,Pink,Fall,2011.0,Casual,Tokyo Talkies Women Printed Pink Top,query
12518,12518.jpg,F:\CEI\Celebal_Excellence_Internship\fashion-visual-search\data\subset\images\12518.jpg,Men,Footwear,Shoes,Casual Shoes,Brown,Winter,2018.0,Casual,Red Tape Men Casual Brown Casual Shoes,query
58668,58668.jpg,F:\CEI\Celebal_Excellence_Internship\fashion-visual-search\data\subset\images\58668.jpg,Women,Apparel,Topwear,Kurtas,Multi,Summer,2012.0,Ethnic,ALayna Women Multi Coloured Kurta,query
47292,47292.jpg,F:\CEI\Celebal_Excellence_Internship\fashion-visual-search\data\subset\images\47292.jpg,Women,Accessories,Bags,Handbags,Purple,Summer,2012.0,Casual,Baggit Women Purple Handbag,query
5009,5009.jpg,F:\CEI\Celebal_Excellence_Internship\fashion-visual-search\data\subset\images\5009.jpg,Women,Apparel,Topwear,Tops,Blue,Summer,2011.0,Casual,Gini and Jony Girl's Pacey Blue Kidswear,query
28728,28728.jpg,F:\CEI\Celebal_Excellence_Internship\fashion-visual-search\data\subset\images\28728.jpg,Women,Apparel,Topwear,Kurtas,White,Summer,2012.0,Ethnic,W Women Printed White Kurta,query
8689,8689.jpg,F:\CEI\Celebal_Excellence_Internship\fashion-visual-search\data\subset\images\8689.jpg,Women,Accessories,Eyewear,Sunglasses,Brown,Winter,2016.0,Casual,Fastrack Women Basics Sunglasses P180BR1F,query
10698,10698.jpg,F:\CEI\Celebal_Excellence_Internship\fashion-visual-search\data\subset\images\10698.jpg,Women,Accessories,Watches,Watches,Red,Winter,2016.0,Casual,Esprit Women Houston Red Ice Red Watch,query
11964,11964.jpg,F:\CEI\Celebal_Excellence_Internship\fashion-visual-search\data\subset\images\11964.jpg,Men,Footwear,Sandal,Sandals,Black,Fall,2011.0,Casual,Ganuchi Men Casual Black Slipper,query
30787,30787.jpg,F:\CEI\Celebal_Excellence_Internship\fashion-visual-search\data\subset\images\30787.jpg,Men,Apparel,Topwear,Kurtas,Mustard,Summer,2012.0,Ethnic,Fabindia Men Mustard Kurta,query
18238,18238.jpg,F:\CEI\Celebal_Excellence_Internship\fashion-visual-search\data\subset\images\18238.jpg,Men,Apparel,Topwear,Tshirts,White,Fall,2011.0,Casual,Manchester United Men Printed White Tshirt,query
26917,26917.jpg,F:\CEI\Celebal_Excellence_Internship\fashion-visual-search\data\subset\images\26917.jpg,Women,Apparel,Topwear,Tops,Purple,Summer,2012.0,Casual,Jealous 21 Women Printed Purple Top,query
9118,9118.jpg,F:\CEI\Celebal_Excellence_Internship\fashion-visual-search\data\subset\images\9118.jpg,Women,Footwear,Shoes,Sports Shoes,Silver,Fall,2011.0,Sports,Puma Women Axis Silver Sports Shoes,query
31641,31641.jpg,F:\CEI\Celebal_Excellence_Internship\fashion-visual-search\data\subset\images\31641.jpg,Men,Apparel,Topwear,Shirts,White,Summer,2012.0,Casual,Indigo Nation Men White Shirt,query
58542,58542.jpg,F:\CEI\Celebal_Excellence_Internship\fashion-visual-search\data\subset\images\58542.jpg,Men,Accessories,Eyewear,Sunglasses,Black,Winter,2016.0,Casual,Miami Blues Men Sunglasses,query
28394,28394.jpg,F:\CEI\Celebal_Excellence_Internship\fashion-visual-search\data\subset\images\28394.jpg,Women,Accessories,Eyewear,Sunglasses,Black,Winter,2016.0,Casual,Idee Women Black Sunglasses,query
33846,33846.jpg,F:\CEI\Celebal_Excellence_Internship\fashion-visual-search\data\subset\images\33846.jpg,Men,Footwear,Shoes,Casual Shoes,Black,Summer,2012.0,Casual,Puma Men Future Cat Black Shoes,query
1636,1636.jpg,F:\CEI\Celebal_Excellence_Internship\fashion-visual-search\data\subset\images\1636.jpg,Men,Footwear,Shoes,Sports Shoes,White,Fall,2010.0,Sports,Nike Men Air Zoom Century Shoes,query
45577,45577.jpg,F:\CEI\Celebal_Excellence_Internship\fashion-visual-search\data\subset\images\45577.jpg,Men,Footwear,Sandal,Sandals,Black,Summer,2010.0,Casual,Arrow Men Black Sandals,query
3504,3504.jpg,F:\CEI\Celebal_Excellence_Internship\fashion-visual-search\data\subset\images\3504.jpg,Men,Footwear,Sandal,Sandals,Brown,Fall,2010.0,Casual,ADIDAS Men Spry Wine Black Sandal,query
28662,28662.jpg,F:\CEI\Celebal_Excellence_Internship\fashion-visual-search\data\subset\images\28662.jpg,Men,Footwear,Shoes,Casual Shoes,Black,Summer,2012.0,Casual,Nike Men Lunar Flow Black Casual Shoes,query
43625,43625.jpg,F:\CEI\Celebal_Excellence_Internship\fashion-visual-search\data\subset\images\43625.jpg,Women,Apparel,Dress,Dresses,Black,Summer,2012.0,Casual,Vero Moda Women Black Printed Shift Dress,query
41589,41589.jpg,F:\CEI\Celebal_Excellence_Internship\fashion-visual-search\data\subset\images\41589.jpg,Men,Apparel,Topwear,Shirts,Blue,Summer,2012.0,Casual,Basics Men Blue Shirt,query
33929,33929.jpg,F:\CEI\Celebal_Excellence_Internship\fashion-visual-search\data\subset\images\33929.jpg,Women,Accessories,Watches,Watches,Silver,Winter,2016.0,Casual,Citizen Women White Dial Watch,query
57937,57937.jpg,F:\CEI\Celebal_Excellence_Internship\fashion-visual-search\data\subset\images\57937.jpg,Men,Footwear,Shoes,Casual Shoes,Navy Blue,Spring,2012.0,Casual,Clarks Men Navy Blue Casual Shoes,query
29134,29134.jpg,F:\CEI\Celebal_Excellence_Internship\fashion-visual-search\data\subset\images\29134.jpg,Women,Accessories,Eyewear,Sunglasses,Black,Winter,2016.0,Casual,Vogue Women Black Sunglasses,query
40609,40609.jpg,F:\CEI\Celebal_Excellence_Internship\fashion-visual-search\data\subset\images\40609.jpg,Women,Apparel,Topwear,Kurtas,Pink,Summer,2012.0,Ethnic,Span Women Floral Printed Pink Kurta,query
26359,26359.jpg,F:\CEI\Celebal_Excellence_Internship\fashion-visual-search\data\subset\images\26359.jpg,Women,Apparel,Topwear,Tops,Black,Summer,2012.0,Casual,Arrow Women Black Top,query
16483,16483.jpg,F:\CEI\Celebal_Excellence_Internship\fashion-visual-search\data\subset\images\16483.jpg,Men,Apparel,Topwear,Shirts,Brown,Fall,2011.0,Casual,Locomotive Men Check Brown Shirt,query
18900,18900.jpg,F:\CEI\Celebal_Excellence_Internship\fashion-visual-search\data\subset\images\18900.jpg,Women,Apparel,Topwear,Tops,Black,Fall,2011.0,Casual,Arrow Woman Igor Black Top,query
35931,35931.jpg,F:\CEI\Celebal_Excellence_Internship\fashion-visual-search\data\subset\images\35931.jpg,Men,Footwear,Shoes,Sports Shoes,Black,Summer,2012.0,Sports,Salomon Men Exit 2 Aero Black Sports Shoes,query
41873,41873.jpg,F:\CEI\Celebal_Excellence_Internship\fashion-visual-search\data\subset\images\41873.jpg,Men,Footwear,Sandal,Sandals,Brown,Summer,2016.0,Casual,Estd. 1977 Men Brown Sandals,query
37155,37155.jpg,F:\CEI\Celebal_Excellence_Internship\fashion-visual-search\data\subset\images\37155.jpg,Men,Apparel,Topwear,Tshirts,White,Summer,2016.0,Casual,Campbell Men Pack of 3 T-shirt,query
10109,10109.jpg,F:\CEI\Celebal_Excellence_Internship\fashion-visual-search\data\subset\images\10109.jpg,Women,Accessories,Watches,Watches,Steel,Winter,2016.0,Casual,Fastrack Women Denim Analogue Steel Watch,query
7208,7208.jpg,F:\CEI\Celebal_Excellence_Internship\fashion-visual-search\data\subset\images\7208.jpg,Women,Apparel,Topwear,Tops,White,Fall,2011.0,Casual,Jealous 21 Women's Flower Printed White Top,index
12691,12691.jpg,F:\CEI\Celebal_Excellence_Internship\fashion-visual-search\data\subset\images\12691.jpg,Men,Footwear,Shoes,Sports Shoes,Grey,Fall,2011.0,Sports,Nike Men Dual Fusion Grey Sports Shoes,index
5754,5754.jpg,F:\CEI\Celebal_Excellence_Internship\fashion-visual-search\data\subset\images\5754.jpg,Men,Footwear,Shoes,Sports Shoes,White,Summer,2011.0,Sports,Reebok Men's World 10 White Shoe,index
32638,32638.jpg,F:\CEI\Celebal_Excellence_Internship\fashion-visual-search\data\subset\images\32638.jpg,Men,Apparel,Topwear,Tshirts,Blue,Summer,2012.0,Sports,Nike Men Epaulet UV Crew Blue T-shirt,index
52164,52164.jpg,F:\CEI\Celebal_Excellence_Internship\fashion-visual-search\data\subset\images\52164.jpg,Women,Apparel,Topwear,Tops,Purple,Summer,2012.0,Casual,Femella Women Purple Top,index
24927,24927.jpg,F:\CEI\Celebal_Excellence_Internship\fashion-visual-search\data\subset\images\24927.jpg,Women,Apparel,Topwear,Tops,Pink,Summer,2012.0,Casual,United Colors of Benetton Women Light Pink Top,index
15864,15864.jpg,F:\CEI\Celebal_Excellence_Internship\fashion-visual-search\data\subset\images\15864.jpg,Unisex,Footwear,Sandal,Sandals,Navy Blue,Fall,2012.0,Casual,Warner Bros Kids Unisex SD FAce Sandal Navy Blue Sandals,query
42681,42681.jpg,F:\CEI\Celebal_Excellence_Internship\fashion-visual-search\data\subset\images\42681.jpg,Women,Apparel,Topwear,Kurtas,Blue,Summer,2012.0,Ethnic,Alma Women Blue Kurta,index
45955,45955.jpg,F:\CEI\Celebal_Excellence_Internship\fashion-visual-search\data\subset\images\45955.jpg,Women,Apparel,Topwear,Tops,Blue,Summer,2012.0,Casual,Tokyo Talkies Women Blue Top,index
2162,2162.jpg,F:\CEI\Celebal_Excellence_Internship\fashion-visual-search\data\subset\images\2162.jpg,Men,Apparel,Topwear,Shirts,Blue,Spring,2011.0,Casual,Probase Men Blue Slim Fit Solid Casual Shirt,query
44252,44252.jpg,F:\CEI\Celebal_Excellence_Internship\fashion-visual-search\data\subset\images\44252.jpg,Women,Accessories,Bags,Handbags,Purple,Summer,2012.0,Casual,Hidekraft Women Purple Handbag,query
34748,34748.jpg,F:\CEI\Celebal_Excellence_Internship\fashion-visual-search\data\subset\images\34748.jpg,Women,Footwear,Shoes,Casual Shoes,Black,Summer,2012.0,Casual,Puma Women Soleil Cat Black Shoes,query
58541,58541.jpg,F:\CEI\Celebal_Excellence_Internship\fashion-visual-search\data\subset\images\58541.jpg,Men,Accessories,Eyewear,Sunglasses,Black,Winter,2016.0,Casual,Miami Blues Men Sunglasses,query
28182,28182.jpg,F:\CEI\Celebal_Excellence_Internship\fashion-visual-search\data\subset\images\28182.jpg,Men,Accessories,Eyewear,Sunglasses,Copper,Winter,2016.0,Casual,Ray-Ban Men Aviator Copper Sunglasses,query
29250,29250.jpg,F:\CEI\Celebal_Excellence_Internship\fashion-visual-search\data\subset\images\29250.jpg,Men,Footwear,Shoes,Sports Shoes,White,Summer,2012.0,Sports,ADIDAS Men Puntero VII Trx HG White Sports Shoes,index
9612,9612.jpg,F:\CEI\Celebal_Excellence_Internship\fashion-visual-search\data\subset\images\9612.jpg,Men,Apparel,Topwear,Shirts,Yellow,Fall,2011.0,Casual,Indigo Nation Men Stripes Yellow Shirt,query
57817,57817.jpg,F:\CEI\Celebal_Excellence_Internship\fashion-visual-search\data\subset\images\57817.jpg,Women,Apparel,Topwear,Tops,Green,Fall,2012.0,Casual,United Colors of Benetton Women Green Top,index
28735,28735.jpg,F:\CEI\Celebal_Excellence_Internship\fashion-visual-search\data\subset\images\28735.jpg,Women,Apparel,Topwear,Kurtas,Brown,Summer,2012.0,Ethnic,W Women Printed Brown Kurta,index
57479,57479.jpg,F:\CEI\Celebal_Excellence_Internship\fashion-visual-search\data\subset\images\57479.jpg,Men,Footwear,Shoes,Casual Shoes,Blue,Summer,2012.0,Casual,ID Men Blue & Orange Casual Shoes,query
9033,9033.jpg,F:\CEI\Celebal_Excellence_Internship\fashion-visual-search\data\subset\images\9033.jpg,Men,Footwear,Shoes,Casual Shoes,Red,Winter,2012.0,Casual,Buckaroo Men Diana Red Shoes,query
21346,21346.jpg,F:\CEI\Celebal_Excellence_Internship\fashion-visual-search\data\subset\images\21346.jpg,Men,Accessories,Eyewear,Sunglasses,Gold,Winter,2016.0,Casual,Pal Zileri Men Casual Gold Frame Sunglasses,query
45843,45843.jpg,F:\CEI\Celebal_Excellence_Internship\fashion-visual-search\data\subset\images\45843.jpg,Women,Apparel,Topwear,Kurtas,White,Summer,2012.0,Ethnic,Vishudh Women White Printed Kurta,index
28154,28154.jpg,F:\CEI\Celebal_Excellence_Internship\fashion-visual-search\data\subset\images\28154.jpg,Men,Accessories,Eyewear,Sunglasses,Black,Winter,2016.0,Casual,Ray-Ban Men Wayfarer Sunglasses,query
11135,11135.jpg,F:\CEI\Celebal_Excellence_Internship\fashion-visual-search\data\subset\images\11135.jpg,Men,Accessories,Watches,Watches,Black,Winter,2016.0,Casual,Puma Men Visor Multifunction Silver white Black Watches,query
20146,20146.jpg,F:\CEI\Celebal_Excellence_Internship\fashion-visual-search\data\subset\images\20146.jpg,Men,Apparel,Topwear,Shirts,Navy Blue,Fall,2011.0,Casual,Wrangler Men Urban Navy Blue Shirt,query
12546,12546.jpg,F:\CEI\Celebal_Excellence_Internship\fashion-visual-search\data\subset\images\12546.jpg,Women,Apparel,Topwear,Tshirts,Blue,Fall,2011.0,Casual,Tantra Women Blue Printed T-shirt,index
10016,10016.jpg,F:\CEI\Celebal_Excellence_Internship\fashion-visual-search\data\subset\images\10016.jpg,Women,Apparel,Dress,Dresses,Pink,Summer,2011.0,Casual,Palm Tree Girl's Cr Blossom Drs Pink Dresses,query
34570,34570.jpg,F:\CEI\Celebal_Excellence_Internship\fashion-visual-search\data\subset\images\34570.jpg,Women,Apparel,Dress,Dresses,Black,Summer,2012.0,Casual,Tonga Women Printed Black Dress,query
28165,28165.jpg,F:\CEI\Celebal_Excellence_Internship\fashion-visual-search\data\subset\images\28165.jpg,Men,Accessories,Eyewear,Sunglasses,Gold,Winter,2016.0,Casual,Ray-Ban Men Aviator Gold Sunglasses,query
59373,59373.jpg,F:\CEI\Celebal_Excellence_Internship\fashion-visual-search\data\subset\images\59373.jpg,Women,Apparel,Topwear,Kurtas,Beige,Summer,2012.0,Ethnic,Vishudh Women Beige Printed Kurta,index
50209,50209.jpg,F:\CEI\Celebal_Excellence_Internship\fashion-visual-search\data\subset\images\50209.jpg,Women,Accessories,Eyewear,Sunglasses,Brown,Winter,2016.0,Casual,Stoln Women Brown Sunglasses,query
6138,6138.jpg,F:\CEI\Celebal_Excellence_Internship\fashion-visual-search\data\subset\images\6138.jpg,Unisex,Footwear,Sandal,Sandals,Grey,Winter,2011.0,Casual,Puma Unisex Winch Grey Orange Floater,query
40553,40553.jpg,F:\CEI\Celebal_Excellence_Internship\fashion-visual-search\data\subset\images\40553.jpg,Women,Accessories,Watches,Watches,Gold,Winter,2016.0,Casual,Titan Women Gold Watch,query
6649,6649.jpg,F:\CEI\Celebal_Excellence_Internship\fashion-visual-search\data\subset\images\6649.jpg,Men,Footwear,Shoes,Sports Shoes,Yellow,Summer,2011.0,Sports,Nike Men's Air Max Tailwind 3 Black Yellow Shoe,index
4163,4163.jpg,F:\CEI\Celebal_Excellence_Internship\fashion-visual-search\data\subset\images\4163.jpg,Men,Footwear,Shoes,Sports Shoes,Yellow,Fall,2011.0,Sports,Reebok Men's ZigSonic Grey & Yellow Shoe,index
58439,58439.jpg,F:\CEI\Celebal_Excellence_Internship\fashion-visual-search\data\subset\images\58439.jpg,Women,Apparel,Dress,Dresses,Black,Summer,2012.0,Casual,AND by Anita Dongre Women Black Dress,query
43645,43645.jpg,F:\CEI\Celebal_Excellence_Internship\fashion-visual-search\data\subset\images\43645.jpg,Women,Apparel,Dress,Dresses,Grey,Summer,2012.0,Casual,Vero Moda Women Grey Dress,query
45189,45189.jpg,F:\CEI\Celebal_Excellence_Internship\fashion-visual-search\data\subset\images\45189.jpg,Women,Accessories,Watches,Watches,Black,Winter,2016.0,Casual,CASIO ENTICER Women Black Dial Analogue Watch A638,query
36830,36830.jpg,F:\CEI\Celebal_Excellence_Internship\fashion-visual-search\data\subset\images\36830.jpg,Women,Apparel,Topwear,Kurtas,Purple,Summer,2012.0,Ethnic,Vishudh Women Purple Kurta,index
41867,41867.jpg,F:\CEI\Celebal_Excellence_Internship\fashion-visual-search\data\subset\images\41867.jpg,Men,Footwear,Sandal,Sandals,Red,Summer,2016.0,Casual,Estd. 1977 Men Red & Brown Sandals,query
9481,9481.jpg,F:\CEI\Celebal_Excellence_Internship\fashion-visual-search\data\subset\images\9481.jpg,Men,Apparel,Topwear,Shirts,Black,Fall,2011.0,Formal,John Miller Men Black white small check Shirts,index
25609,25609.jpg,F:\CEI\Celebal_Excellence_Internship\fashion-visual-search\data\subset\images\25609.jpg,Women,Accessories,Watches,Watches,Black,Winter,2016.0,Casual,Fastrack Women Black & Grey Dial Watch N2161SL06,query
7330,7330.jpg,F:\CEI\Celebal_Excellence_Internship\fashion-visual-search\data\subset\images\7330.jpg,Men,Footwear,Sandal,Sandals,Black,Summer,2013.0,Casual,Red Tape Men Strappy Black Floater,query
18670,18670.jpg,F:\CEI\Celebal_Excellence_Internship\fashion-visual-search\data\subset\images\18670.jpg,Men,Footwear,Sandal,Sandals,Black,Fall,2011.0,Casual,Fila Men Cavander Black Sandals,query
12874,12874.jpg,F:\CEI\Celebal_Excellence_Internship\fashion-visual-search\data\subset\images\12874.jpg,Men,Footwear,Shoes,Casual Shoes,Black,Fall,2011.0,Casual,Provogue Men Casual Black Casual Shoes,query
28296,28296.jpg,F:\CEI\Celebal_Excellence_Internship\fashion-visual-search\data\subset\images\28296.jpg,Men,Accessories,Eyewear,Sunglasses,Black,Winter,2016.0,Casual,Fastrack Men Sunglasses,query
16177,16177.jpg,F:\CEI\Celebal_Excellence_Internship\fashion-visual-search\data\subset\images\16177.jpg,Men,Footwear,Sandal,Sandals,Black,Summer,2012.0,Casual,Enroute Men Leather Black Sandals,query
59296,59296.jpg,F:\CEI\Celebal_Excellence_Internship\fashion-visual-search\data\subset\images\59296.jpg,Men,Apparel,Topwear,Shirts,White,Fall,2012.0,Casual,U.S. Polo Assn. Men White & Green Shirt,index
5296,5296.jpg,F:\CEI\Celebal_Excellence_Internship\fashion-visual-search\data\subset\images\5296.jpg,Men,Footwear,Sandal,Sandals,Black,Summer,2011.0,Casual,Puma Men Black Floater,query
4471,4471.jpg,F:\CEI\Celebal_Excellence_Internship\fashion-visual-search\data\subset\images\4471.jpg,Men,Footwear,Shoes,Sports Shoes,Silver,Summer,2011.0,Sports,Puma Men's Complete Itana Silver Black Red Shoes,index
24380,24380.jpg,F:\CEI\Celebal_Excellence_Internship\fashion-visual-search\data\subset\images\24380.jpg,Women,Apparel,Topwear,Kurtas,Purple,Fall,2011.0,Ethnic,Folklore Women Purple Printed Kurta,index
45925,45925.jpg,F:\CEI\Celebal_Excellence_Internship\fashion-visual-search\data\subset\images\45925.jpg,Men,Accessories,Watches,Watches,White,Winter,2016.0,Casual,Maxima Men White Dial Watch,query
45197,45197.jpg,F:\CEI\Celebal_Excellence_Internship\fashion-visual-search\data\subset\images\45197.jpg,Women,Accessories,Watches,Watches,Black,Winter,2016.0,Casual,CASIO ENTICER Women Black Dial Analogue Watch A652,query
4166,4166.jpg,F:\CEI\Celebal_Excellence_Internship\fashion-visual-search\data\subset\images\4166.jpg,Men,Footwear,Shoes,Sports Shoes,Red,Summer,2011.0,Sports,Reebok Men's Zigfuel White Red Shoe,index
47139,47139.jpg,F:\CEI\Celebal_Excellence_Internship\fashion-visual-search\data\subset\images\47139.jpg,Women,Accessories,Bags,Handbags,Pink,Summer,2015.0,Casual,Be For Bag Women Combo pack Tote Bags,query
16875,16875.jpg,F:\CEI\Celebal_Excellence_Internship\fashion-visual-search\data\subset\images\16875.jpg,Women,Accessories,Eyewear,Sunglasses,Black,Winter,2016.0,Casual,Idee Women Funky Eyewear Black Sunglasses,query
42137,42137.jpg,F:\CEI\Celebal_Excellence_Internship\fashion-visual-search\data\subset\images\42137.jpg,Men,Footwear,Shoes,Sports Shoes,White,Summer,2012.0,Sports,Nike Men White Air Courtballistec White Sports Shoes,index
58820,58820.jpg,F:\CEI\Celebal_Excellence_Internship\fashion-visual-search\data\subset\images\58820.jpg,Men,Footwear,Sandal,Sandals,Brown,Fall,2013.0,Casual,Skechers Men Brown Sandals,query
53438,53438.jpg,F:\CEI\Celebal_Excellence_Internship\fashion-visual-search\data\subset\images\53438.jpg,Men,Footwear,Shoes,Sports Shoes,Black,Summer,2012.0,Sports,ADIDAS Men Black Sports Shoes,index
15415,15415.jpg,F:\CEI\Celebal_Excellence_Internship\fashion-visual-search\data\subset\images\15415.jpg,Women,Footwear,Shoes,Sports Shoes,Black,Fall,2011.0,Sports,FILA Women Tenet Black Sports Shoes,index
59012,59012.jpg,F:\CEI\Celebal_Excellence_Internship\fashion-visual-search\data\subset\images\59012.jpg,Men,Footwear,Shoes,Sports Shoes,Charcoal,Summer,2012.0,Casual,Skechers Men Charcoal Sports Shoes,index
35165,35165.jpg,F:\CEI\Celebal_Excellence_Internship\fashion-visual-search\data\subset\images\35165.jpg,Men,Footwear,Sandal,Sandals,Black,Fall,2012.0,Casual,Coolers Men Black Sandals,query
9720,9720.jpg,F:\CEI\Celebal_Excellence_Internship\fashion-visual-search\data\subset\images\9720.jpg,Men,Footwear,Shoes,Sports Shoes,Black,Summer,2011.0,Sports,Lotto Men Lima Black Sports Shoes,index
58653,58653.jpg,F:\CEI\Celebal_Excellence_Internship\fashion-visual-search\data\subset\images\58653.jpg,Women,Apparel,Topwear,Kurtas,Pink,Summer,2012.0,Ethnic,ALayna Women Pink Kurta,index
19784,19784.jpg,F:\CEI\Celebal_Excellence_Internship\fashion-visual-search\data\subset\images\19784.jpg,Men,Apparel,Topwear,Tshirts,Green,Winter,2016.0,Casual,U.S. Polo Assn. Men Solid Green Tshirt,index
9716,9716.jpg,F:\CEI\Celebal_Excellence_Internship\fashion-visual-search\data\subset\images\9716.jpg,Men,Footwear,Sandal,Sandals,Brown,Winter,2015.0,Formal,Hush Puppies Men Decent Brown Sandals,query
41971,41971.jpg,F:\CEI\Celebal_Excellence_Internship\fashion-visual-search\data\subset\images\41971.jpg,Girls,Apparel,Topwear,Tops,Blue,Summer,2012.0,Casual,Gini and Jony Girls Summer Up Blue Top,index
35261,35261.jpg,F:\CEI\Celebal_Excellence_Internship\fashion-visual-search\data\subset\images\35261.jpg,Women,Apparel,Topwear,Tops,White,Summer,2012.0,Casual,Lee Women Jennifer White Top,index
43256,43256.jpg,F:\CEI\Celebal_Excellence_Internship\fashion-visual-search\data\subset\images\43256.jpg,Women,Apparel,Topwear,Kurtas,Pink,Summer,2012.0,Ethnic,Aneri Women Salmon Pink Kurta,index
15071,15071.jpg,F:\CEI\Celebal_Excellence_Internship\fashion-visual-search\data\subset\images\15071.jpg,Men,Footwear,Sandal,Sandals,Brown,Fall,2012.0,Casual,Ganuchi Men Brown Sandals,query
18033,18033.jpg,F:\CEI\Celebal_Excellence_Internship\fashion-visual-search\data\subset\images\18033.jpg,Women,Accessories,Bags,Handbags,Brown,Winter,2015.0,Casual,Lino Perros Women Solid Brown Handbag,query
13066,13066.jpg,F:\CEI\Celebal_Excellence_Internship\fashion-visual-search\data\subset\images\13066.jpg,Men,Footwear,Shoes,Casual Shoes,White,Fall,2011.0,Casual,Numero Uno Men White Casual Shoes,query
25629,25629.jpg,F:\CEI\Celebal_Excellence_Internship\fashion-visual-search\data\subset\images\25629.jpg,Women,Accessories,Watches,Watches,Black,Winter,2016.0,Casual,Fastrack Women Black Casual Watch,query
21341,21341.jpg,F:\CEI\Celebal_Excellence_Internship\fashion-visual-search\data\subset\images\21341.jpg,Men,Accessories,Eyewear,Sunglasses,Steel,Winter,2016.0,Casual,Pal Zileri Men Casual Steel Frame Sunglasses,query
35989,35989.jpg,F:\CEI\Celebal_Excellence_Internship\fashion-visual-search\data\subset\images\35989.jpg,Women,Apparel,Dress,Dresses,Black,Summer,2012.0,Casual,Flying Machine Women Cotton Black Dress,query
27227,27227.jpg,F:\CEI\Celebal_Excellence_Internship\fashion-visual-search\data\subset\images\27227.jpg,Women,Apparel,Dress,Dresses,White,Summer,2012.0,Casual,Doodle Kids Girl Printed White Dress,query
20132,20132.jpg,F:\CEI\Celebal_Excellence_Internship\fashion-visual-search\data\subset\images\20132.jpg,Women,Apparel,Topwear,Tops,Green,Fall,2011.0,Casual,Wrangler Women Ribbed Green Top,index
28325,28325.jpg,F:\CEI\Celebal_Excellence_Internship\fashion-visual-search\data\subset\images\28325.jpg,Men,Footwear,Sandal,Sandals,Brown,Winter,2018.0,Casual,Red Tape Men Brown Sandals,query
28729,28729.jpg,F:\CEI\Celebal_Excellence_Internship\fashion-visual-search\data\subset\images\28729.jpg,Women,Apparel,Topwear,Kurtas,Cream,Summer,2012.0,Ethnic,W Women Printed Cream Kurta,index
4209,4209.jpg,F:\CEI\Celebal_Excellence_Internship\fashion-visual-search\data\subset\images\4209.jpg,Boys,Apparel,Topwear,Tshirts,Green,Summer,2011.0,Casual,Disney Kids Boy's Green Mickey On Skates Kidswear,index
5406,5406.jpg,F:\CEI\Celebal_Excellence_Internship\fashion-visual-search\data\subset\images\5406.jpg,Women,Footwear,Shoes,Sports Shoes,Blue,,2011.0,Sports,Kalenji Ekiden Blue Scratch 2011,index
30889,30889.jpg,F:\CEI\Celebal_Excellence_Internship\fashion-visual-search\data\subset\images\30889.jpg,Women,Apparel,Topwear,Kurtas,Rust,Summer,2012.0,Ethnic,Fabindia Women Rust Printed Tussar Kurta,index
3385,3385.jpg,F:\CEI\Celebal_Excellence_Internship\fashion-visual-search\data\subset\images\3385.jpg,Women,Accessories,Bags,Handbags,Brown,Winter,2015.0,Casual,Murcia Brown Self Design Shoulder Bag,query
41791,41791.jpg,F:\CEI\Celebal_Excellence_Internship\fashion-visual-search\data\subset\images\41791.jpg,Women,Apparel,Topwear,Tops,Black,Summer,2012.0,Casual,Remanika Women Black Top,index
31308,31308.jpg,F:\CEI\Celebal_Excellence_Internship\fashion-visual-search\data\subset\images\31308.jpg,Women,Apparel,Topwear,Kurtas,Black,Summer,2012.0,Ethnic,W Women Black Kurta,index
8481,8481.jpg,F:\CEI\Celebal_Excellence_Internship\fashion-visual-search\data\subset\images\8481.jpg,Women,Apparel,Dress,Dresses,Peach,Fall,2011.0,Casual,Forever New Women Peach Dress,query
6385,6385.jpg,F:\CEI\Celebal_Excellence_Internship\fashion-visual-search\data\subset\images\6385.jpg,Men,Footwear,Shoes,Sports Shoes,Black,Summer,2011.0,Sports,Puma Men's Future Cat Engine Black Shoe,index
12880,12880.jpg,F:\CEI\Celebal_Excellence_Internship\fashion-visual-search\data\subset\images\12880.jpg,Men,Footwear,Shoes,Casual Shoes,Black,Spring,2012.0,Casual,Provogue Men Casual Black Shoes,query
11819,11819.jpg,F:\CEI\Celebal_Excellence_Internship\fashion-visual-search\data\subset\images\11819.jpg,Men,Footwear,Shoes,Casual Shoes,Blue,Summer,2013.0,Casual,Playboy Men Casual Blue Casual Shoes,index
19762,19762.jpg,F:\CEI\Celebal_Excellence_Internship\fashion-visual-search\data\subset\images\19762.jpg,Men,Accessories,Watches,Watches,Black,Winter,2016.0,Casual,Ice Men Carbon Black Watch,query
48484,48484.jpg,F:\CEI\Celebal_Excellence_Internship\fashion-visual-search\data\subset\images\48484.jpg,Women,Apparel,Dress,Dresses,Blue,Winter,2011.0,Casual,French Connection Women Blue Dress,query
37984,37984.jpg,F:\CEI\Celebal_Excellence_Internship\fashion-visual-search\data\subset\images\37984.jpg,Men,Apparel,Topwear,Tshirts,Black,Summer,2012.0,Casual,Classic Polo Men Black & White T-Shirt,index
35386,35386.jpg,F:\CEI\Celebal_Excellence_Internship\fashion-visual-search\data\subset\images\35386.jpg,Boys,Footwear,Shoes,Casual Shoes,Blue,Summer,2012.0,Casual,Enroute Teens Blue Shoes,index
19070,19070.jpg,F:\CEI\Celebal_Excellence_Internship\fashion-visual-search\data\subset\images\19070.jpg,Women,Apparel,Topwear,Kurtas,Blue,Fall,2011.0,Ethnic,W Women Floral Print Blue Kurta,index
43629,43629.jpg,F:\CEI\Celebal_Excellence_Internship\fashion-visual-search\data\subset\images\43629.jpg,Women,Apparel,Topwear,Shirts,Black,Summer,2012.0,Casual,Vero Moda Women Black Shirt,index
17266,17266.jpg,F:\CEI\Celebal_Excellence_Internship\fashion-visual-search\data\subset\images\17266.jpg,Men,Apparel,Topwear,Tshirts,Green,Fall,2011.0,Casual,U.S. Polo Assn. Men Stripes Green  polo Tshirt,index
11491,11491.jpg,F:\CEI\Celebal_Excellence_Internship\fashion-visual-search\data\subset\images\11491.jpg,Men,Accessories,Watches,Watches,Black,Winter,2016.0,Casual,Puma Men Top Indication Silver Black Watch,query
31821,31821.jpg,F:\CEI\Celebal_Excellence_Internship\fashion-visual-search\data\subset\images\31821.jpg,Men,Accessories,Watches,Watches,Steel,Winter,2016.0,Casual,Titan Men Silver Dial Watch,query
39827,39827.jpg,F:\CEI\Celebal_Excellence_Internship\fashion-visual-search\data\subset\images\39827.jpg,Men,Footwear,Sandal,Sandals,Brown,Summer,2012.0,Casual,Red Tape Men Brown Sandals,query
24929,24929.jpg,F:\CEI\Celebal_Excellence_Internship\fashion-visual-search\data\subset\images\24929.jpg,Girls,Apparel,Dress,Dresses,Navy Blue,Summer,2012.0,Casual,United Colors of Benetton Kids Girls Navy Blue Dress,query
43651,43651.jpg,F:\CEI\Celebal_Excellence_Internship\fashion-visual-search\data\subset\images\43651.jpg,Women,Apparel,Topwear,Tops,White,Summer,2012.0,Casual,ONLY Women White Top,index
26546,26546.jpg,F:\CEI\Celebal_Excellence_Internship\fashion-visual-search\data\subset\images\26546.jpg,Men,Footwear,Sandal,Sandals,Black,Fall,2012.0,Casual,ID Men Black & Red Sandals,query
23792,23792.jpg,F:\CEI\Celebal_Excellence_Internship\fashion-visual-search\data\subset\images\23792.jpg,Women,Accessories,Eyewear,Sunglasses,Red,Winter,2016.0,Casual,Oakley Women Immerse Red Sunglasses,query
15101,15101.jpg,F:\CEI\Celebal_Excellence_Internship\fashion-visual-search\data\subset\images\15101.jpg,Women,Apparel,Topwear,Kurtas,Black,Fall,2011.0,Ethnic,Mother Earth Women Printed Black Kurtas,index
17589,17589.jpg,F:\CEI\Celebal_Excellence_Internship\fashion-visual-search\data\subset\images\17589.jpg,Men,Accessories,Eyewear,Sunglasses,Black,Summer,2017.0,Sports,Speedo Men Funky Eyewear Black Sunglasses,query
45144,45144.jpg,F:\CEI\Celebal_Excellence_Internship\fashion-visual-search\data\subset\images\45144.jpg,Women,Accessories,Watches,Watches,Black,Winter,2016.0,Casual,CASIO ENTICER Women Black Dial Analogue Watch A443,query
43881,43881.jpg,F:\CEI\Celebal_Excellence_Internship\fashion-visual-search\data\subset\images\43881.jpg,Men,Footwear,Shoes,Casual Shoes,Black,Summer,2012.0,Casual,Puma Men Black Bolt Lite Shoes,index
33235,33235.jpg,F:\CEI\Celebal_Excellence_Internship\fashion-visual-search\data\subset\images\33235.jpg,Men,Apparel,Topwear,Shirts,Blue,Summer,2012.0,Formal,Arrow Men Blue Check Shirt,index
27060,27060.jpg,F:\CEI\Celebal_Excellence_Internship\fashion-visual-search\data\subset\images\27060.jpg,Women,Accessories,Bags,Handbags,Brown,Summer,2012.0,Casual,Yelloe Brown New level of utility Handbag,query
22840,22840.jpg,F:\CEI\Celebal_Excellence_Internship\fashion-visual-search\data\subset\images\22840.jpg,Men,Footwear,Shoes,Casual Shoes,Brown,Summer,2012.0,Casual,Woodland Men Brown Casual Shoes,index
48005,48005.jpg,F:\CEI\Celebal_Excellence_Internship\fashion-visual-search\data\subset\images\48005.jpg,Men,Accessories,Watches,Watches,Black,Winter,2016.0,Casual,Helix Men Black Dial Watch,query
1978,1978.jpg,F:\CEI\Celebal_Excellence_Internship\fashion-visual-search\data\subset\images\1978.jpg,Women,Apparel,Topwear,Tops,Yellow,Fall,2010.0,Casual,Puma Women Yellow Sleeveless Top,index
13232,13232.jpg,F:\CEI\Celebal_Excellence_Internship\fashion-visual-search\data\subset\images\13232.jpg,Men,Apparel,Topwear,Tshirts,Orange,Fall,2011.0,Casual,Palm Tree Kids Boys Printed Orange Tshirts,index
4109,4109.jpg,F:\CEI\Celebal_Excellence_Internship\fashion-visual-search\data\subset\images\4109.jpg,Men,Footwear,Sandal,Sandals,Navy Blue,Summer,2011.0,Casual,Fila Men Obsidian Navy Sandal,query
42656,42656.jpg,F:\CEI\Celebal_Excellence_Internship\fashion-visual-search\data\subset\images\42656.jpg,Women,Apparel,Topwear,Kurtas,White,Summer,2012.0,Ethnic,Alma Women White Printed Kurta,index
32351,32351.jpg,F:\CEI\Celebal_Excellence_Internship\fashion-visual-search\data\subset\images\32351.jpg,Women,Accessories,Watches,Watches,Steel,Winter,2016.0,Casual,Q&Q Women Steel Dial Watch,index
12101,12101.jpg,F:\CEI\Celebal_Excellence_Internship\fashion-visual-search\data\subset\images\12101.jpg,Women,Apparel,Topwear,Kurtas,Pink,Fall,2011.0,Ethnic,W Women Printed Pink Kurtas,index
3967,3967.jpg,F:\CEI\Celebal_Excellence_Internship\fashion-visual-search\data\subset\images\3967.jpg,Women,Apparel,Topwear,Tops,Pink,Summer,2011.0,Casual,Jealous 21 Women Pink & Beige Long Top,index
59963,59963.jpg,F:\CEI\Celebal_Excellence_Internship\fashion-visual-search\data\subset\images\59963.jpg,Women,Apparel,Dress,Dresses,Multi,Fall,2012.0,Casual,Avirate Women Multi Coloured Dress,query
8452,8452.jpg,F:\CEI\Celebal_Excellence_Internship\fashion-visual-search\data\subset\images\8452.jpg,Women,Apparel,Topwear,Tops,Blue,Fall,2011.0,Casual,Jealous 21 Women Jealous Rain Blue Top Blue Tops,index
57247,57247.jpg,F:\CEI\Celebal_Excellence_Internship\fashion-visual-search\data\subset\images\57247.jpg,Women,Accessories,Bags,Handbags,Maroon,Summer,2012.0,Casual,Murcia Women Maroon Handbag,query
38194,38194.jpg,F:\CEI\Celebal_Excellence_Internship\fashion-visual-search\data\subset\images\38194.jpg,Men,Accessories,Eyewear,Sunglasses,Black,Winter,2016.0,Casual,Polaroid Men Sunglasses,query
48073,48073.jpg,F:\CEI\Celebal_Excellence_Internship\fashion-visual-search\data\subset\images\48073.jpg,Men,Apparel,Topwear,Tshirts,Grey,Summer,2012.0,Casual,French Connection Men Grey T-shirt,index
9920,9920.jpg,F:\CEI\Celebal_Excellence_Internship\fashion-visual-search\data\subset\images\9920.jpg,Women,Accessories,Bags,Handbags,Red,Fall,2011.0,Casual,Puma Women Ferrari LS Red Handbags,query
32581,32581.jpg,F:\CEI\Celebal_Excellence_Internship\fashion-visual-search\data\subset\images\32581.jpg,Women,Apparel,Dress,Dresses,Pink,Summer,2012.0,Casual,ONLY Women Pink Dotted Print Dress,index
54494,54494.jpg,F:\CEI\Celebal_Excellence_Internship\fashion-visual-search\data\subset\images\54494.jpg,Women,Accessories,Bags,Handbags,Black,Summer,2012.0,Casual,Lino Perros Women Black Handbag,index
7370,7370.jpg,F:\CEI\Celebal_Excellence_Internship\fashion-visual-search\data\subset\images\7370.jpg,Men,Footwear,Sandal,Sandals,Brown,Fall,2012.0,Casual,Red Tape Men Stone Brown Floater,query
1841,1841.jpg,F:\CEI\Celebal_Excellence_Internship\fashion-visual-search\data\subset\images\1841.jpg,Men,Footwear,Shoes,Sports Shoes,White,Fall,2010.0,Sports,Puma Men's Calibre Convertible Spike Shoe,index
13949,13949.jpg,F:\CEI\Celebal_Excellence_Internship\fashion-visual-search\data\subset\images\13949.jpg,Women,Accessories,Bags,Handbags,Blue,Summer,2011.0,Casual,United Colors of Benetton Women Solid Blue Handbags,index
52130,52130.jpg,F:\CEI\Celebal_Excellence_Internship\fashion-visual-search\data\subset\images\52130.jpg,Girls,Apparel,Dress,Dresses,Blue,Summer,2012.0,Casual,Doodle Girls Blue Printed Dress,index
28518,28518.jpg,F:\CEI\Celebal_Excellence_Internship\fashion-visual-search\data\subset\images\28518.jpg,Men,Apparel,Topwear,Tshirts,Navy Blue,Summer,2012.0,Sports,Nike Men Training Navy Blue T-shirt,index
8664,8664.jpg,F:\CEI\Celebal_Excellence_Internship\fashion-visual-search\data\subset\images\8664.jpg,Unisex,Accessories,Eyewear,Sunglasses,Black,Winter,2016.0,Casual,Fastrack Unisex Sport Black Sunglasses,query
11980,11980.jpg,F:\CEI\Celebal_Excellence_Internship\fashion-visual-search\data\subset\images\11980.jpg,Men,Footwear,Sandal,Sandals,Black,Fall,2011.0,Casual,Fila Men Motor Sports Black Sandals,query
45028,45028.jpg,F:\CEI\Celebal_Excellence_Internship\fashion-visual-search\data\subset\images\45028.jpg,Men,Accessories,Watches,Watches,White,Winter,2016.0,Casual,Maxima Men White Dial Watch 24132LMGT,index
21975,21975.jpg,F:\CEI\Celebal_Excellence_Internship\fashion-visual-search\data\subset\images\21975.jpg,Women,Accessories,Bags,Handbags,Brown,Winter,2015.0,Casual,Murcia Women Casual Brown Handbag,index
44611,44611.jpg,F:\CEI\Celebal_Excellence_Internship\fashion-visual-search\data\subset\images\44611.jpg,Men,Footwear,Shoes,Sports Shoes,Black,Spring,2013.0,Sports,Salomon Men Black RX Prime Sports Shoes,index
28204,28204.jpg,F:\CEI\Celebal_Excellence_Internship\fashion-visual-search\data\subset\images\28204.jpg,Men,Accessories,Eyewear,Sunglasses,Metallic,Winter,2016.0,Casual,Ray-Ban Men High Street Metallic Sunglasses,query
32395,32395.jpg,F:\CEI\Celebal_Excellence_Internship\fashion-visual-search\data\subset\images\32395.jpg,Women,Apparel,Topwear,Shirts,Grey,Summer,2012.0,Formal,Arrow Woman Grey Shirt,index
3971,3971.jpg,F:\CEI\Celebal_Excellence_Internship\fashion-visual-search\data\subset\images\3971.jpg,Women,Apparel,Topwear,Tops,Purple,Summer,2011.0,Casual,Jealous 21 Women Purple Basic Top,index
45127,45127.jpg,F:\CEI\Celebal_Excellence_Internship\fashion-visual-search\data\subset\images\45127.jpg,Men,Accessories,Watches,Watches,Blue,Winter,2016.0,Casual,Casio Enticer Men Silver Analogue Watch MTP-1214A-2AVDF(A343),index
45913,45913.jpg,F:\CEI\Celebal_Excellence_Internship\fashion-visual-search\data\subset\images\45913.jpg,Men,Accessories,Watches,Watches,White,Winter,2016.0,Casual,Maxima Men White Dial Watch,index
53622,53622.jpg,F:\CEI\Celebal_Excellence_Internship\fashion-visual-search\data\subset\images\53622.jpg,Men,Accessories,Watches,Watches,Black,Winter,2016.0,Casual,Q&Q Men Black Watch,index
4153,4153.jpg,F:\CEI\Celebal_Excellence_Internship\fashion-visual-search\data\subset\images\4153.jpg,Men,Footwear,Shoes,Sports Shoes,Black,Summer,2011.0,Sports,Nike Men's Sweet Classic Black White Shoe,index
11761,11761.jpg,F:\CEI\Celebal_Excellence_Internship\fashion-visual-search\data\subset\images\11761.jpg,Women,Apparel,Topwear,Tops,Green,Summer,2011.0,Casual,Lee Women Solid Green Tshirts,index
54659,54659.jpg,F:\CEI\Celebal_Excellence_Internship\fashion-visual-search\data\subset\images\54659.jpg,Women,Accessories,Watches,Watches,Black,Winter,2016.0,Casual,Fastrack Women Red Dial Watch,index
3769,3769.jpg,F:\CEI\Celebal_Excellence_Internship\fashion-visual-search\data\subset\images\3769.jpg,Men,Apparel,Topwear,Tshirts,Blue,Summer,2011.0,Casual,Status Quo Men's Blue Polo T-shirt,index
5579,5579.jpg,F:\CEI\Celebal_Excellence_Internship\fashion-visual-search\data\subset\images\5579.jpg,Men,Footwear,Shoes,Sports Shoes,Black,Summer,2012.0,Sports,ADIDAS Men's Coleman Black Shoe,index
42221,42221.jpg,F:\CEI\Celebal_Excellence_Internship\fashion-visual-search\data\subset\images\42221.jpg,Women,Apparel,Topwear,Tops,Blue,Summer,2012.0,Casual,Sepia Women Blue Top,index
43280,43280.jpg,F:\CEI\Celebal_Excellence_Internship\fashion-visual-search\data\subset\images\43280.jpg,Women,Accessories,Bags,Handbags,Beige,Summer,2012.0,Casual,Murcia Women Beige Handbag,index
43571,43571.jpg,F:\CEI\Celebal_Excellence_Internship\fashion-visual-search\data\subset\images\43571.jpg,Women,Accessories,Bags,Handbags,Purple,Summer,2012.0,Casual,Puma Purple Kenobi II Tote Bag,index
59896,59896.jpg,F:\CEI\Celebal_Excellence_Internship\fashion-visual-search\data\subset\images\59896.jpg,Women,Apparel,Dress,Dresses,Multi,Fall,2012.0,Casual,Femella Women Multi Coloured Dress,index
4562,4562.jpg,F:\CEI\Celebal_Excellence_Internship\fashion-visual-search\data\subset\images\4562.jpg,Women,Footwear,Shoes,Sports Shoes,White,Summer,2011.0,Sports,Nike Women Capri White Shoe,index
27152,27152.jpg,F:\CEI\Celebal_Excellence_Internship\fashion-visual-search\data\subset\images\27152.jpg,Men,Apparel,Topwear,Shirts,Blue,Summer,2012.0,Formal,Mark Taylor Men Striped Blue Shirt,index
5974,5974.jpg,F:\CEI\Celebal_Excellence_Internship\fashion-visual-search\data\subset\images\5974.jpg,Men,Apparel,Topwear,Shirts,Green,Summer,2011.0,Casual,Locomotive Men Green Black White Checked Shirt,index
18291,18291.jpg,F:\CEI\Celebal_Excellence_Internship\fashion-visual-search\data\subset\images\18291.jpg,Women,Apparel,Topwear,Kurtas,Multi,Fall,2011.0,Ethnic,Aneri Women Shabana Multi Kurta,index
3588,3588.jpg,F:\CEI\Celebal_Excellence_Internship\fashion-visual-search\data\subset\images\3588.jpg,Unisex,Footwear,Shoes,Casual Shoes,Red,Summer,2013.0,Casual,Converse Unisex All Star Canvas Ox Red Shoe,index
53997,53997.jpg,F:\CEI\Celebal_Excellence_Internship\fashion-visual-search\data\subset\images\53997.jpg,Women,Accessories,Bags,Handbags,Grey,Summer,2012.0,Casual,Kiara Women Grey Handbag,index
18412,18412.jpg,F:\CEI\Celebal_Excellence_Internship\fashion-visual-search\data\subset\images\18412.jpg,Men,Footwear,Shoes,Sports Shoes,White,Fall,2011.0,Sports,Skechers MenShape-Ups White Shoe,index
4569,4569.jpg,F:\CEI\Celebal_Excellence_Internship\fashion-visual-search\data\subset\images\4569.jpg,Men,Footwear,Shoes,Sports Shoes,White,Summer,2011.0,Sports,Nike Men's Collect White Shoe,index
22398,22398.jpg,F:\CEI\Celebal_Excellence_Internship\fashion-visual-search\data\subset\images\22398.jpg,Men,Apparel,Topwear,Shirts,White,Fall,2011.0,Casual,Mark Taylor Men Striped White Shirt,index
11109,11109.jpg,F:\CEI\Celebal_Excellence_Internship\fashion-visual-search\data\subset\images\11109.jpg,Men,Apparel,Topwear,Shirts,Black,Fall,2011.0,Formal,Indigo Nation Men Stripes Black Shirts,index
8667,8667.jpg,F:\CEI\Celebal_Excellence_Internship\fashion-visual-search\data\subset\images\8667.jpg,Men,Accessories,Eyewear,Sunglasses,Brown,Winter,2016.0,Casual,Fastrack Men Gradient Bikers Sunglasses P148BR2,query
49634,49634.jpg,F:\CEI\Celebal_Excellence_Internship\fashion-visual-search\data\subset\images\49634.jpg,Women,Apparel,Dress,Dresses,Blue,Summer,2012.0,Casual,Mineral Blue Dress,index
38201,38201.jpg,F:\CEI\Celebal_Excellence_Internship\fashion-visual-search\data\subset\images\38201.jpg,Men,Accessories,Eyewear,Sunglasses,Gold,Winter,2016.0,Casual,Polaroid Men Sunglasses,query
2591,2591.jpg,F:\CEI\Celebal_Excellence_Internship\fashion-visual-search\data\subset\images\2591.jpg,Women,Apparel,Topwear,Tops,Black,Summer,2011.0,Casual,Tribord Women Tankini Black Top,index
57503,57503.jpg,F:\CEI\Celebal_Excellence_Internship\fashion-visual-search\data\subset\images\57503.jpg,Men,Footwear,Sandal,Sandals,Brown,Summer,2012.0,Casual,Lee Cooper Men Brown Sandals,query
9254,9254.jpg,F:\CEI\Celebal_Excellence_Internship\fashion-visual-search\data\subset\images\9254.jpg,Men,Apparel,Topwear,Shirts,White,Fall,2011.0,Formal,Mark Taylor Men Solid White Shirts,index
22158,22158.jpg,F:\CEI\Celebal_Excellence_Internship\fashion-visual-search\data\subset\images\22158.jpg,Men,Footwear,Shoes,Casual Shoes,Brown,Summer,2011.0,Casual,Lee Cooper Men Brown Casual Shoes,index
29371,29371.jpg,F:\CEI\Celebal_Excellence_Internship\fashion-visual-search\data\subset\images\29371.jpg,Men,Apparel,Topwear,Shirts,Blue,Summer,2012.0,Formal,Genesis Men Striped Blue Shirt,index
8500,8500.jpg,F:\CEI\Celebal_Excellence_Internship\fashion-visual-search\data\subset\images\8500.jpg,Women,Apparel,Dress,Dresses,Multi,Fall,2011.0,Casual,Forever New Women GeoPrint Multi Coloured Dress,index
48492,48492.jpg,F:\CEI\Celebal_Excellence_Internship\fashion-visual-search\data\subset\images\48492.jpg,Women,Apparel,Topwear,Tops,Beige,Winter,2011.0,Casual,French Connection Women Beige Top,index
18254,18254.jpg,F:\CEI\Celebal_Excellence_Internship\fashion-visual-search\data\subset\images\18254.jpg,Women,Apparel,Topwear,Kurtas,Green,Fall,2011.0,Ethnic,Aneri Women Protima Green Kurta,index
45972,45972.jpg,F:\CEI\Celebal_Excellence_Internship\fashion-visual-search\data\subset\images\45972.jpg,Women,Apparel,Topwear,Tops,Red,Summer,2012.0,Casual,Tokyo Talkies Women Red Printed Top,index
13359,13359.jpg,F:\CEI\Celebal_Excellence_Internship\fashion-visual-search\data\subset\images\13359.jpg,Men,Footwear,Shoes,Casual Shoes,Beige,Fall,2011.0,Casual,Timberland Men Juniors Beige Casual Shoes,index
25288,25288.jpg,F:\CEI\Celebal_Excellence_Internship\fashion-visual-search\data\subset\images\25288.jpg,Women,Accessories,Bags,Handbags,Turquoise Blue,Summer,2012.0,Casual,Lino Perros Women Leatherette Turquoise Blue Sling Bag,index
33662,33662.jpg,F:\CEI\Celebal_Excellence_Internship\fashion-visual-search\data\subset\images\33662.jpg,Men,Footwear,Sandal,Sandals,Black,Summer,2012.0,Casual,Lotto Men Caesar Cross Black Sandals,query
10377,10377.jpg,F:\CEI\Celebal_Excellence_Internship\fashion-visual-search\data\subset\images\10377.jpg,Men,Apparel,Topwear,Tshirts,White,Fall,2011.0,Casual,United Colors of Benetton Men Printed White Tshirts,index
22828,22828.jpg,F:\CEI\Celebal_Excellence_Internship\fashion-visual-search\data\subset\images\22828.jpg,Men,Footwear,Shoes,Casual Shoes,Black,Summer,2016.0,Casual,Woodland Men Black Casual Shoes,index
33541,33541.jpg,F:\CEI\Celebal_Excellence_Internship\fashion-visual-search\data\subset\images\33541.jpg,Women,Apparel,Topwear,Tops,Navy Blue,Summer,2012.0,Casual,Wrangler Women Rosy Navy Blue Top,index
6996,6996.jpg,F:\CEI\Celebal_Excellence_Internship\fashion-visual-search\data\subset\images\6996.jpg,Men,Apparel,Topwear,Tshirts,Brown,Spring,2011.0,Casual,Classic Polo Men's State Athletic Brown T-shirt,index
15512,15512.jpg,F:\CEI\Celebal_Excellence_Internship\fashion-visual-search\data\subset\images\15512.jpg,Men,Footwear,Shoes,Casual Shoes,Brown,Fall,2011.0,Casual,Rockport Men Slatkin Brown Casual Shoes,index
34064,34064.jpg,F:\CEI\Celebal_Excellence_Internship\fashion-visual-search\data\subset\images\34064.jpg,Girls,Apparel,Dress,Dresses,Blue,Summer,2012.0,Casual,Gini and Jony Girls Printed Teal Dress,index
47650,47650.jpg,F:\CEI\Celebal_Excellence_Internship\fashion-visual-search\data\subset\images\47650.jpg,Women,Apparel,Dress,Dresses,Black,Summer,2012.0,Casual,Femella Women Black Lace Dress,index
33997,33997.jpg,F:\CEI\Celebal_Excellence_Internship\fashion-visual-search\data\subset\images\33997.jpg,Women,Apparel,Dress,Dresses,Purple,Summer,2012.0,Casual,Femella Women Purple & Black Dress,index
35683,35683.jpg,F:\CEI\Celebal_Excellence_Internship\fashion-visual-search\data\subset\images\35683.jpg,Men,Footwear,Shoes,Casual Shoes,Black,Summer,2012.0,Casual,U.S. Polo Assn. Men Black Shoes,index
4974,4974.jpg,F:\CEI\Celebal_Excellence_Internship\fashion-visual-search\data\subset\images\4974.jpg,Men,Apparel,Topwear,Shirts,Yellow,Summer,2011.0,Casual,Gini and Jony Boy's Kangaroo Yellow Infant Kidswear,index
11935,11935.jpg,F:\CEI\Celebal_Excellence_Internship\fashion-visual-search\data\subset\images\11935.jpg,Men,Footwear,Sandal,Sandals,Black,Summer,2012.0,Casual,Ganuchi Men Casual Black Slipper,query
44570,44570.jpg,F:\CEI\Celebal_Excellence_Internship\fashion-visual-search\data\subset\images\44570.jpg,Men,Footwear,Sandal,Sandals,Black,Summer,2012.0,Casual,Coolers Men Black Sandals,query
17224,17224.jpg,F:\CEI\Celebal_Excellence_Internship\fashion-visual-search\data\subset\images\17224.jpg,Men,Accessories,Eyewear,Sunglasses,Blue,Winter,2016.0,Casual,United Colors of Benetton Men Funky Eyewear Blue Sunglasses,query
43236,43236.jpg,F:\CEI\Celebal_Excellence_Internship\fashion-visual-search\data\subset\images\43236.jpg,Men,Footwear,Shoes,Casual Shoes,Black,Summer,2012.0,Casual,Reebok Men Black Varsity Casual Shoes,index
42275,42275.jpg,F:\CEI\Celebal_Excellence_Internship\fashion-visual-search\data\subset\images\42275.jpg,Men,Footwear,Shoes,Casual Shoes,Brown,Summer,2012.0,Casual,Vans Men Brown Michoacan Shoes,index
45981,45981.jpg,F:\CEI\Celebal_Excellence_Internship\fashion-visual-search\data\subset\images\45981.jpg,Women,Apparel,Topwear,Tops,Grey Melange,Summer,2012.0,Casual,Tokyo Talkies Women Grey Melange Printed Top,index
29873,29873.jpg,F:\CEI\Celebal_Excellence_Internship\fashion-visual-search\data\subset\images\29873.jpg,Men,Accessories,Eyewear,Sunglasses,Blue,Summer,2017.0,Casual,Mayhem Men Rectangular Sunglasses 1022-206,index
45250,45250.jpg,F:\CEI\Celebal_Excellence_Internship\fashion-visual-search\data\subset\images\45250.jpg,Men,Accessories,Watches,Watches,Black,Winter,2016.0,Casual,Casio Youth Series Men Digital Watch AE-2000W-1AVDF(D083),index
31699,31699.jpg,F:\CEI\Celebal_Excellence_Internship\fashion-visual-search\data\subset\images\31699.jpg,Women,Apparel,Topwear,Kurtas,Brown,Summer,2012.0,Ethnic,Folklore Women Printed Brown Kurta,index
10211,10211.jpg,F:\CEI\Celebal_Excellence_Internship\fashion-visual-search\data\subset\images\10211.jpg,Women,Accessories,Bags,Handbags,Grey,Winter,2015.0,Casual,Murcia Women Lambretta Grey Handbags,index
5239,5239.jpg,F:\CEI\Celebal_Excellence_Internship\fashion-visual-search\data\subset\images\5239.jpg,Men,Footwear,Shoes,Sports Shoes,White,Summer,2011.0,Sports,Reebok Men's Zigfuel White Shoe,index
20283,20283.jpg,F:\CEI\Celebal_Excellence_Internship\fashion-visual-search\data\subset\images\20283.jpg,Men,Apparel,Topwear,Shirts,White,Fall,2011.0,Casual,Basics Men White Checked Shirt,index
27871,27871.jpg,F:\CEI\Celebal_Excellence_Internship\fashion-visual-search\data\subset\images\27871.jpg,Women,Apparel,Topwear,Shirts,White,Summer,2012.0,Casual,Scullers For Her Striped White Shirt,index
51654,51654.jpg,F:\CEI\Celebal_Excellence_Internship\fashion-visual-search\data\subset\images\51654.jpg,Men,Accessories,Watches,Watches,Black,Winter,2016.0,Casual,Fossil Men Black Dial Chronograph Watch CH2810,index
8810,8810.jpg,F:\CEI\Celebal_Excellence_Internship\fashion-visual-search\data\subset\images\8810.jpg,Men,Apparel,Topwear,Shirts,Blue,Fall,2011.0,Casual,Scullers Men White Check Shirt,index
35699,35699.jpg,F:\CEI\Celebal_Excellence_Internship\fashion-visual-search\data\subset\images\35699.jpg,Men,Footwear,Sandal,Sandals,Black,Summer,2012.0,Casual,Nike Men Air Deschutz Black Sandals,index
5153,5153.jpg,F:\CEI\Celebal_Excellence_Internship\fashion-visual-search\data\subset\images\5153.jpg,Women,Apparel,Topwear,Tshirts,White,Summer,2011.0,Casual,Wrangler Women's Side Paisley White T-shirt,index
27196,27196.jpg,F:\CEI\Celebal_Excellence_Internship\fashion-visual-search\data\subset\images\27196.jpg,Girls,Apparel,Dress,Dresses,Yellow,Summer,2012.0,Casual,Doodle Girls Yellow Dress,index
53941,53941.jpg,F:\CEI\Celebal_Excellence_Internship\fashion-visual-search\data\subset\images\53941.jpg,Women,Accessories,Bags,Handbags,Grey,Summer,2012.0,Casual,Kiara Women Grey Handbag,index
17033,17033.jpg,F:\CEI\Celebal_Excellence_Internship\fashion-visual-search\data\subset\images\17033.jpg,Men,Footwear,Shoes,Casual Shoes,Black,Summer,2013.0,Casual,Gas Men Europa Casual Shoes,index
8482,8482.jpg,F:\CEI\Celebal_Excellence_Internship\fashion-visual-search\data\subset\images\8482.jpg,Women,Apparel,Dress,Dresses,Cream,Fall,2011.0,Casual,Forever New Women Cream Fur Dress,index
8438,8438.jpg,F:\CEI\Celebal_Excellence_Internship\fashion-visual-search\data\subset\images\8438.jpg,Women,Apparel,Topwear,Tops,Yellow,Fall,2011.0,Casual,Jealous 21 Women Jealous Mabon Yellow Top Yellow Tops,index
12849,12849.jpg,F:\CEI\Celebal_Excellence_Internship\fashion-visual-search\data\subset\images\12849.jpg,Girls,Apparel,Dress,Dresses,White,Fall,2011.0,Casual,Ant Kids Girls Butterfly Print White Dresses,index
15001,15001.jpg,F:\CEI\Celebal_Excellence_Internship\fashion-visual-search\data\subset\images\15001.jpg,Men,Apparel,Topwear,Tshirts,Navy Blue,Fall,2011.0,Casual,ADIDAS Men Stripes Navy Blue Polo Tshirts,index
50753,50753.jpg,F:\CEI\Celebal_Excellence_Internship\fashion-visual-search\data\subset\images\50753.jpg,Men,Footwear,Shoes,Casual Shoes,Mushroom Brown,Winter,2018.0,Casual,Red Chief Men Mushroom Brown Shoes,index
26725,26725.jpg,F:\CEI\Celebal_Excellence_Internship\fashion-visual-search\data\subset\images\26725.jpg,Men,Apparel,Topwear,Tshirts,Black,Summer,2012.0,Casual,Puma Men Large Logo Graphic Black T-shirt,index
34790,34790.jpg,F:\CEI\Celebal_Excellence_Internship\fashion-visual-search\data\subset\images\34790.jpg,Men,Footwear,Shoes,Casual Shoes,Black,Summer,2012.0,Casual,Fila Men Cadillace Black Shoes,index
40431,40431.jpg,F:\CEI\Celebal_Excellence_Internship\fashion-visual-search\data\subset\images\40431.jpg,Women,Apparel,Dress,Dresses,Navy Blue,Summer,2012.0,Casual,Tonga Women Navy Blue Dress,index
5884,5884.jpg,F:\CEI\Celebal_Excellence_Internship\fashion-visual-search\data\subset\images\5884.jpg,Women,Apparel,Topwear,Tshirts,Black,Summer,2011.0,Casual,Puma Women Classic Black Top,index
23889,23889.jpg,F:\CEI\Celebal_Excellence_Internship\fashion-visual-search\data\subset\images\23889.jpg,Men,Footwear,Shoes,Sports Shoes,White,Summer,2012.0,Sports,Fila Men Roller White Sports Shoes,index
32228,32228.jpg,F:\CEI\Celebal_Excellence_Internship\fashion-visual-search\data\subset\images\32228.jpg,Women,Apparel,Topwear,Kurtas,Mustard,Summer,2012.0,Ethnic,Fabindia Women Printed Mustard Kurta,index
21562,21562.jpg,F:\CEI\Celebal_Excellence_Internship\fashion-visual-search\data\subset\images\21562.jpg,Women,Accessories,Bags,Handbags,Purple,Winter,2015.0,Casual,Kiara Women Front Pocket Purple Handbag,index
51663,51663.jpg,F:\CEI\Celebal_Excellence_Internship\fashion-visual-search\data\subset\images\51663.jpg,Men,Accessories,Eyewear,Sunglasses,Green,Winter,2016.0,Casual,Louis Philippe Men Green Sunglasses,index
22010,22010.jpg,F:\CEI\Celebal_Excellence_Internship\fashion-visual-search\data\subset\images\22010.jpg,Women,Accessories,Bags,Handbags,Black,Winter,2015.0,Casual,Murcia Women Casual Black Handbag,index
46825,46825.jpg,F:\CEI\Celebal_Excellence_Internship\fashion-visual-search\data\subset\images\46825.jpg,Women,Footwear,Shoes,Casual Shoes,Off White,Winter,2015.0,Casual,Catwalk Women Off-White and Blue Pumps,index
6493,6493.jpg,F:\CEI\Celebal_Excellence_Internship\fashion-visual-search\data\subset\images\6493.jpg,Men,Apparel,Topwear,Tshirts,Blue,Summer,2011.0,Casual,ADIDAS Men's Fresh Blue T-shirt,index
17157,17157.jpg,F:\CEI\Celebal_Excellence_Internship\fashion-visual-search\data\subset\images\17157.jpg,Men,Apparel,Topwear,Shirts,Maroon,Fall,2011.0,Casual,U.S. Polo Assn. Men Checks Maroon Shirt,index
8134,8134.jpg,F:\CEI\Celebal_Excellence_Internship\fashion-visual-search\data\subset\images\8134.jpg,Women,Accessories,Watches,Watches,Black,Winter,2016.0,Casual,Fastrack Women Upgrades Analog Black Steel Watch,index
42854,42854.jpg,F:\CEI\Celebal_Excellence_Internship\fashion-visual-search\data\subset\images\42854.jpg,Women,Accessories,Bags,Handbags,Brown,Summer,2010.0,Casual,French Connection Brown Colourblocked Tote Bag,index
20967,20967.jpg,F:\CEI\Celebal_Excellence_Internship\fashion-visual-search\data\subset\images\20967.jpg,Women,Accessories,Bags,Handbags,Black,Winter,2016.0,Casual,Fastrack Women Polyester Black Sling Bag,index
12183,12183.jpg,F:\CEI\Celebal_Excellence_Internship\fashion-visual-search\data\subset\images\12183.jpg,Men,Apparel,Topwear,Shirts,White,Fall,2011.0,Casual,Basics Men White Slim Fit Checked Shirt,index
41871,41871.jpg,F:\CEI\Celebal_Excellence_Internship\fashion-visual-search\data\subset\images\41871.jpg,Men,Footwear,Sandal,Sandals,Brown,Summer,2016.0,Casual,Estd. 1977 Men Brown Sandals,index
16896,16896.jpg,F:\CEI\Celebal_Excellence_Internship\fashion-visual-search\data\subset\images\16896.jpg,Women,Accessories,Eyewear,Sunglasses,Black,Winter,2016.0,Casual,Police Women Casual Black Sunglasses,index
40376,40376.jpg,F:\CEI\Celebal_Excellence_Internship\fashion-visual-search\data\subset\images\40376.jpg,Women,Apparel,Topwear,Tops,Yellow,Summer,2012.0,Casual,Tokyo Talkies Women Yellow Top,index
27038,27038.jpg,F:\CEI\Celebal_Excellence_Internship\fashion-visual-search\data\subset\images\27038.jpg,Women,Accessories,Bags,Handbags,Beige,Summer,2012.0,Casual,Yelloe Beige Easy To Handle Handbag,index
30239,30239.jpg,F:\CEI\Celebal_Excellence_Internship\fashion-visual-search\data\subset\images\30239.jpg,Men,Footwear,Shoes,Casual Shoes,White,Summer,2012.0,Casual,Numero Uno Men White Shoes,index
34580,34580.jpg,F:\CEI\Celebal_Excellence_Internship\fashion-visual-search\data\subset\images\34580.jpg,Women,Apparel,Topwear,Tops,Black,Summer,2012.0,Casual,Tonga Women Black Top,index
7749,7749.jpg,F:\CEI\Celebal_Excellence_Internship\fashion-visual-search\data\subset\images\7749.jpg,Men,Apparel,Topwear,Tshirts,Purple,Fall,2011.0,Casual,Indigo Nation Men Young Lords Purple T-shirt,index
11261,11261.jpg,F:\CEI\Celebal_Excellence_Internship\fashion-visual-search\data\subset\images\11261.jpg,Women,Apparel,Dress,Dresses,Red,Summer,2011.0,Casual,Palm Tree Kids Girls Red Saloppette Set,index
22003,22003.jpg,F:\CEI\Celebal_Excellence_Internship\fashion-visual-search\data\subset\images\22003.jpg,Women,Accessories,Bags,Handbags,Blue,Winter,2015.0,Casual,Murcia Women Casual Blue Handbag,index
22819,22819.jpg,F:\CEI\Celebal_Excellence_Internship\fashion-visual-search\data\subset\images\22819.jpg,Men,Footwear,Shoes,Casual Shoes,Brown,Summer,2016.0,Casual,Woodland Men Brown Casual Shoes,index
23315,23315.jpg,F:\CEI\Celebal_Excellence_Internship\fashion-visual-search\data\subset\images\23315.jpg,Women,Apparel,Topwear,Kurtas,Green,Fall,2011.0,Ethnic,W Women Green Printed Kurta,index
10499,10499.jpg,F:\CEI\Celebal_Excellence_Internship\fashion-visual-search\data\subset\images\10499.jpg,Women,Apparel,Topwear,Tshirts,Yellow,Fall,2011.0,Casual,Flying Machine Women Aspen Yellow Tshirts,index
36798,36798.jpg,F:\CEI\Celebal_Excellence_Internship\fashion-visual-search\data\subset\images\36798.jpg,Men,Accessories,Watches,Watches,Silver,Winter,2016.0,Casual,Maxima Men Silver Dial Ssteele Watch,index
50736,50736.jpg,F:\CEI\Celebal_Excellence_Internship\fashion-visual-search\data\subset\images\50736.jpg,Men,Footwear,Sandal,Sandals,Brown,Winter,2018.0,Casual,Red Chief Men Brown Sandals,index
13470,13470.jpg,F:\CEI\Celebal_Excellence_Internship\fashion-visual-search\data\subset\images\13470.jpg,Women,Apparel,Dress,Dresses,Pink,Summer,2011.0,Casual,United Colors of Benetton Women Solid Pink Dress,index
45941,45941.jpg,F:\CEI\Celebal_Excellence_Internship\fashion-visual-search\data\subset\images\45941.jpg,Women,Apparel,Topwear,Tops,Black,Summer,2012.0,Casual,Mumbai Slang Women Black Top,index
59993,59993.jpg,F:\CEI\Celebal_Excellence_Internship\fashion-visual-search\data\subset\images\59993.jpg,Women,Apparel,Dress,Dresses,Black,Fall,2012.0,Casual,Avirate Black Dress,index
17035,17035.jpg,F:\CEI\Celebal_Excellence_Internship\fashion-visual-search\data\subset\images\17035.jpg,Men,Footwear,Shoes,Casual Shoes,Brown,Summer,2013.0,Casual,Gas Men Romance Casual Shoe,index
25666,25666.jpg,F:\CEI\Celebal_Excellence_Internship\fashion-visual-search\data\subset\images\25666.jpg,Men,Accessories,Watches,Watches,Blue,Summer,2017.0,Casual,Fastrack Men Blue Dial Watch NA3001SM02,index
54409,54409.jpg,F:\CEI\Celebal_Excellence_Internship\fashion-visual-search\data\subset\images\54409.jpg,Women,Accessories,Bags,Handbags,Purple,Fall,2012.0,Casual,Baggit Women Purple Sling Bag,index
4359,4359.jpg,F:\CEI\Celebal_Excellence_Internship\fashion-visual-search\data\subset\images\4359.jpg,Men,Apparel,Topwear,Tshirts,Black,Summer,2011.0,Casual,Free Authority Men's Melting Records Black T-shirt,index
25537,25537.jpg,F:\CEI\Celebal_Excellence_Internship\fashion-visual-search\data\subset\images\25537.jpg,Men,Apparel,Topwear,Shirts,Brown,Summer,2012.0,Casual,Wrangler Men Glamorgan Brown Shirt,index
6872,6872.jpg,F:\CEI\Celebal_Excellence_Internship\fashion-visual-search\data\subset\images\6872.jpg,Women,Apparel,Dress,Dresses,Black,Summer,2011.0,Casual,Forever New Women's Lacy Black Dress,index
11820,11820.jpg,F:\CEI\Celebal_Excellence_Internship\fashion-visual-search\data\subset\images\11820.jpg,Men,Footwear,Shoes,Casual Shoes,Green,Summer,2013.0,Casual,Playboy Men Casual Green Casual Shoes,index
3607,3607.jpg,F:\CEI\Celebal_Excellence_Internship\fashion-visual-search\data\subset\images\3607.jpg,Men,Footwear,Shoes,Casual Shoes,Black,Summer,2011.0,Casual,Converse Men's Chuck Taylor Print OX Black Canvas Shoe,index
12519,12519.jpg,F:\CEI\Celebal_Excellence_Internship\fashion-visual-search\data\subset\images\12519.jpg,Men,Footwear,Shoes,Casual Shoes,Beige,Winter,2018.0,Casual,Red Tape Men Beige Shoes,index
51370,51370.jpg,F:\CEI\Celebal_Excellence_Internship\fashion-visual-search\data\subset\images\51370.jpg,Men,Apparel,Topwear,Tshirts,Black,Summer,2012.0,Casual,Spykar Men Black T-shirt,index
25641,25641.jpg,F:\CEI\Celebal_Excellence_Internship\fashion-visual-search\data\subset\images\25641.jpg,Men,Accessories,Watches,Watches,White,Winter,2016.0,Casual,Fastrack Men White Casual Watch,index
57049,57049.jpg,F:\CEI\Celebal_Excellence_Internship\fashion-visual-search\data\subset\images\57049.jpg,Women,Apparel,Dress,Dresses,Black,Summer,2012.0,Casual,Elle Women Black A-Line Dress,index
28381,28381.jpg,F:\CEI\Celebal_Excellence_Internship\fashion-visual-search\data\subset\images\28381.jpg,Men,Accessories,Eyewear,Sunglasses,Black,Winter,2016.0,Casual,I Dee Men Black Sunglasses,index
50708,50708.jpg,F:\CEI\Celebal_Excellence_Internship\fashion-visual-search\data\subset\images\50708.jpg,Women,Apparel,Topwear,Tops,Yellow,Summer,2012.0,Casual,Latin Quarters Women Yellow Striped Top,index
40974,40974.jpg,F:\CEI\Celebal_Excellence_Internship\fashion-visual-search\data\subset\images\40974.jpg,Boys,Apparel,Topwear,Tshirts,Green,Summer,2012.0,Casual,Gini and Jony Boys United Green T-shirt,index
12180,12180.jpg,F:\CEI\Celebal_Excellence_Internship\fashion-visual-search\data\subset\images\12180.jpg,Men,Apparel,Topwear,Shirts,White,Fall,2011.0,Casual,Basics Men White Slim Fit Checked Shirt,index
46573,46573.jpg,F:\CEI\Celebal_Excellence_Internship\fashion-visual-search\data\subset\images\46573.jpg,Men,Accessories,Watches,Watches,Black,Winter,2016.0,Sports,Timex Men Black Watch,index
36501,36501.jpg,F:\CEI\Celebal_Excellence_Internship\fashion-visual-search\data\subset\images\36501.jpg,Women,Apparel,Topwear,Kurtas,White,Summer,2012.0,Ethnic,Folklore Women White Printed Kurta,index
41605,41605.jpg,F:\CEI\Celebal_Excellence_Internship\fashion-visual-search\data\subset\images\41605.jpg,Men,Apparel,Topwear,Shirts,Grey,Fall,2012.0,Casual,Basics Men Grey Shirt,index
26649,26649.jpg,F:\CEI\Celebal_Excellence_Internship\fashion-visual-search\data\subset\images\26649.jpg,Men,Footwear,Shoes,Sports Shoes,Grey,Summer,2012.0,Sports,Puma Men TX-3 Grey & Blue Sports Shoes,index
34852,34852.jpg,F:\CEI\Celebal_Excellence_Internship\fashion-visual-search\data\subset\images\34852.jpg,Unisex,Footwear,Shoes,Casual Shoes,Black,Summer,2012.0,Casual,Vans Unisex Classic Slip-On Black Shoes,index
24551,24551.jpg,F:\CEI\Celebal_Excellence_Internship\fashion-visual-search\data\subset\images\24551.jpg,Women,Apparel,Topwear,Kurtas,Blue,Fall,2011.0,Ethnic,Diva Women Blue Printed Kurta,index
16888,16888.jpg,F:\CEI\Celebal_Excellence_Internship\fashion-visual-search\data\subset\images\16888.jpg,Men,Accessories,Eyewear,Sunglasses,Black,Winter,2016.0,Casual,Police Men Casual Black Sunglasses,index
22576,22576.jpg,F:\CEI\Celebal_Excellence_Internship\fashion-visual-search\data\subset\images\22576.jpg,Men,Apparel,Topwear,Shirts,Purple,Fall,2011.0,Casual,Highlander Men Purple Check Shirt,index
34167,34167.jpg,F:\CEI\Celebal_Excellence_Internship\fashion-visual-search\data\subset\images\34167.jpg,Girls,Apparel,Dress,Dresses,White,Summer,2012.0,Casual,Gini and Jony Girls White Dress,index
57502,57502.jpg,F:\CEI\Celebal_Excellence_Internship\fashion-visual-search\data\subset\images\57502.jpg,Men,Footwear,Sandal,Sandals,Khaki,Summer,2012.0,Casual,Lee Cooper Men Khaki Sandals,index
58191,58191.jpg,F:\CEI\Celebal_Excellence_Internship\fashion-visual-search\data\subset\images\58191.jpg,Women,Accessories,Bags,Handbags,Olive,Summer,2012.0,Casual,Rocky S Women Olive Green Handbag,index
7003,7003.jpg,F:\CEI\Celebal_Excellence_Internship\fashion-visual-search\data\subset\images\7003.jpg,Men,Apparel,Topwear,Tshirts,Blue,Summer,2011.0,Casual,s.Oliver Men's Sky Polo Blue T-shirt,index
30059,30059.jpg,F:\CEI\Celebal_Excellence_Internship\fashion-visual-search\data\subset\images\30059.jpg,Men,Accessories,Watches,Watches,Black,Winter,2016.0,Casual,SKAGEN DENMARK Men Black Dial Watch 861XLSXB,index
44426,44426.jpg,F:\CEI\Celebal_Excellence_Internship\fashion-visual-search\data\subset\images\44426.jpg,Unisex,Footwear,Sandal,Sandals,Blue,Summer,2012.0,Casual,Footfun Kids Unisex Blue Sandals,index
2041,2041.jpg,F:\CEI\Celebal_Excellence_Internship\fashion-visual-search\data\subset\images\2041.jpg,Men,Apparel,Topwear,Tshirts,Grey,Fall,2010.0,Sports,ADIDAS Mens Fire Grey T-shirt,index
56816,56816.jpg,F:\CEI\Celebal_Excellence_Internship\fashion-visual-search\data\subset\images\56816.jpg,Men,Apparel,Topwear,Shirts,White,Summer,2012.0,Casual,John Players Men Blue Shirt,index
46500,46500.jpg,F:\CEI\Celebal_Excellence_Internship\fashion-visual-search\data\subset\images\46500.jpg,Men,Accessories,Watches,Watches,Steel,Winter,2016.0,Casual,Timex Men Silver Dial Watch,index
56329,56329.jpg,F:\CEI\Celebal_Excellence_Internship\fashion-visual-search\data\subset\images\56329.jpg,Women,Accessories,Watches,Watches,Black,Winter,2016.0,Casual,Fastrack Women Black Dial Watch,index
37295,37295.jpg,F:\CEI\Celebal_Excellence_Internship\fashion-visual-search\data\subset\images\37295.jpg,Men,Accessories,Watches,Watches,Black,Winter,2016.0,Casual,Casio Enticer Men Black Analogue Watches (A501) MTD-1065B-1A2VDF,index
51532,51532.jpg,F:\CEI\Celebal_Excellence_Internship\fashion-visual-search\data\subset\images\51532.jpg,Men,Accessories,Watches,Watches,Black,Winter,2016.0,Casual,Fastrack Men Black Watch,index
35909,35909.jpg,F:\CEI\Celebal_Excellence_Internship\fashion-visual-search\data\subset\images\35909.jpg,Women,Accessories,Bags,Handbags,Yellow,Summer,2012.0,Casual,Peperone Women Yellow Sling Bag,index
54670,54670.jpg,F:\CEI\Celebal_Excellence_Internship\fashion-visual-search\data\subset\images\54670.jpg,Men,Accessories,Watches,Watches,Black,Winter,2016.0,Casual,Fastrack Men White Dial Watch,index
32283,32283.jpg,F:\CEI\Celebal_Excellence_Internship\fashion-visual-search\data\subset\images\32283.jpg,Men,Accessories,Watches,Watches,White,Winter,2016.0,Casual,Q&Q Men White Dial Watch A150J204Y,index
39663,39663.jpg,F:\CEI\Celebal_Excellence_Internship\fashion-visual-search\data\subset\images\39663.jpg,Men,Footwear,Shoes,Casual Shoes,Black,Summer,2012.0,Casual,Lotto Men Black Shoes,index
17940,17940.jpg,F:\CEI\Celebal_Excellence_Internship\fashion-visual-search\data\subset\images\17940.jpg,Men,Apparel,Topwear,Tshirts,Green,Fall,2011.0,Casual,Puma Men Heroes T7 Green Tshirt,index
46425,46425.jpg,F:\CEI\Celebal_Excellence_Internship\fashion-visual-search\data\subset\images\46425.jpg,Men,Accessories,Watches,Watches,Silver,Winter,2016.0,Casual,Timex Men Sliver Dial Chronograph Watch,index
17959,17959.jpg,F:\CEI\Celebal_Excellence_Internship\fashion-visual-search\data\subset\images\17959.jpg,Women,Footwear,Shoes,Casual Shoes,White,Fall,2011.0,Casual,Puma Women Trinity White Casual Shoe,index
12367,12367.jpg,F:\CEI\Celebal_Excellence_Internship\fashion-visual-search\data\subset\images\12367.jpg,Men,Apparel,Topwear,Shirts,White,Fall,2011.0,Formal,Reid & Taylor Men White Shirt,index
3949,3949.jpg,F:\CEI\Celebal_Excellence_Internship\fashion-visual-search\data\subset\images\3949.jpg,Women,Apparel,Topwear,Tops,White,Summer,2011.0,Casual,Jealous 21 Women White Flower Top Purple Stripes Top,index
17312,17312.jpg,F:\CEI\Celebal_Excellence_Internship\fashion-visual-search\data\subset\images\17312.jpg,Women,Accessories,Eyewear,Sunglasses,Black,Winter,2016.0,Casual,Pepe Jeans Women Casual Sunglasses,index
48104,48104.jpg,F:\CEI\Celebal_Excellence_Internship\fashion-visual-search\data\subset\images\48104.jpg,Women,Apparel,Topwear,Tops,White,Summer,2012.0,Casual,French Connection Women White Top,index
17842,17842.jpg,F:\CEI\Celebal_Excellence_Internship\fashion-visual-search\data\subset\images\17842.jpg,Women,Footwear,Shoes,Casual Shoes,Black,Fall,2011.0,Casual,Nike Women Sweet Classic High Black Casual Shoe,index
18478,18478.jpg,F:\CEI\Celebal_Excellence_Internship\fashion-visual-search\data\subset\images\18478.jpg,Men,Footwear,Shoes,Casual Shoes,Navy Blue,Fall,2011.0,Casual,Puma Men Yacht Lifevest Navy Casual Shoes,index
28703,28703.jpg,F:\CEI\Celebal_Excellence_Internship\fashion-visual-search\data\subset\images\28703.jpg,Women,Apparel,Topwear,Kurtas,Pink,Summer,2012.0,Ethnic,W Women Printed Pink Kurta,index
29322,29322.jpg,F:\CEI\Celebal_Excellence_Internship\fashion-visual-search\data\subset\images\29322.jpg,Men,Apparel,Topwear,Shirts,Maroon,Summer,2012.0,Casual,Probase Men Check Maroon Shirt,index
15314,15314.jpg,F:\CEI\Celebal_Excellence_Internship\fashion-visual-search\data\subset\images\15314.jpg,Men,Footwear,Shoes,Sports Shoes,White,Fall,2011.0,Sports,ADIDAS Men Ranger White Sports Shoes,index
3364,3364.jpg,F:\CEI\Celebal_Excellence_Internship\fashion-visual-search\data\subset\images\3364.jpg,Men,Apparel,Topwear,Tshirts,Blue,Summer,2011.0,Casual,Myntra Men's Brain Blue T-shirt,index
41774,41774.jpg,F:\CEI\Celebal_Excellence_Internship\fashion-visual-search\data\subset\images\41774.jpg,Women,Apparel,Dress,Dresses,Navy Blue,Summer,2012.0,Casual,Remanika Women Navy Blue Dress,index
17845,17845.jpg,F:\CEI\Celebal_Excellence_Internship\fashion-visual-search\data\subset\images\17845.jpg,Men,Footwear,Shoes,Sports Shoes,White,Fall,2011.0,Sports,Nike Men T90 Shoot I\/ HG-B White Sports Shoe,index
57424,57424.jpg,F:\CEI\Celebal_Excellence_Internship\fashion-visual-search\data\subset\images\57424.jpg,Women,Apparel,Topwear,Tshirts,Charcoal,Summer,2015.0,Casual,Angry Birds Women Charcoal T-shirt,index
3016,3016.jpg,F:\CEI\Celebal_Excellence_Internship\fashion-visual-search\data\subset\images\3016.jpg,Men,Apparel,Topwear,Tshirts,Beige,Summer,2011.0,Casual,Lee Men's Bottle Grey T-shirt,index
32596,32596.jpg,F:\CEI\Celebal_Excellence_Internship\fashion-visual-search\data\subset\images\32596.jpg,Women,Apparel,Topwear,Tops,Peach,Summer,2012.0,Casual,ONLY Women Peach Long Tank Top,index
56722,56722.jpg,F:\CEI\Celebal_Excellence_Internship\fashion-visual-search\data\subset\images\56722.jpg,Men,Footwear,Shoes,Casual Shoes,Maroon,Fall,2012.0,Casual,Converse Men Maroon Shoes,index
39634,39634.jpg,F:\CEI\Celebal_Excellence_Internship\fashion-visual-search\data\subset\images\39634.jpg,Men,Footwear,Shoes,Sports Shoes,White,Summer,2012.0,Sports,Nike Men Overplay White Sports Shoes,index
26876,26876.jpg,F:\CEI\Celebal_Excellence_Internship\fashion-visual-search\data\subset\images\26876.jpg,Women,Apparel,Topwear,Tops,White,Summer,2012.0,Casual,Jealous 21 Women White Top,index
31106,31106.jpg,F:\CEI\Celebal_Excellence_Internship\fashion-visual-search\data\subset\images\31106.jpg,Boys,Apparel,Topwear,Tshirts,White,Summer,2012.0,Casual,Gini and Jony Boys Printed White T-shirt,index
12864,12864.jpg,F:\CEI\Celebal_Excellence_Internship\fashion-visual-search\data\subset\images\12864.jpg,Men,Footwear,Shoes,Casual Shoes,Black,Fall,2012.0,Casual,Lee Cooper Men Casual Black Shoes,index
42207,42207.jpg,F:\CEI\Celebal_Excellence_Internship\fashion-visual-search\data\subset\images\42207.jpg,Women,Apparel,Topwear,Tops,White,Summer,2012.0,Casual,Sepia Women White Printed Top,index
24805,24805.jpg,F:\CEI\Celebal_Excellence_Internship\fashion-visual-search\data\subset\images\24805.jpg,Men,Footwear,Shoes,Sports Shoes,Black,Spring,2007.0,Sports,Decathlon Men Black F300 Sports Shoes,index
29943,29943.jpg,F:\CEI\Celebal_Excellence_Internship\fashion-visual-search\data\subset\images\29943.jpg,Men,Accessories,Watches,Watches,Black,Winter,2016.0,Casual,Police Men Black Dual Dial Watch PL13076JPCL-04,index
15436,15436.jpg,F:\CEI\Celebal_Excellence_Internship\fashion-visual-search\data\subset\images\15436.jpg,Women,Accessories,Bags,Handbags,Maroon,Fall,2011.0,Casual,Hidekraft Women Leather Maroon Handbags,index
45145,45145.jpg,F:\CEI\Celebal_Excellence_Internship\fashion-visual-search\data\subset\images\45145.jpg,Men,Accessories,Watches,Watches,White,Winter,2016.0,Casual,Casio ENTICER Men Dial Watch A450 MTP-1296D-7AVDF,index
29871,29871.jpg,F:\CEI\Celebal_Excellence_Internship\fashion-visual-search\data\subset\images\29871.jpg,Men,Accessories,Eyewear,Sunglasses,Brown,Summer,2017.0,Casual,Mayhem Men Rectangular Sunglasses 1022-203,index
26088,26088.jpg,F:\CEI\Celebal_Excellence_Internship\fashion-visual-search\data\subset\images\26088.jpg,Men,Apparel,Topwear,Shirts,Purple,Summer,2012.0,Formal,John Miller Men Striped Purple Shirt,index
11012,11012.jpg,F:\CEI\Celebal_Excellence_Internship\fashion-visual-search\data\subset\images\11012.jpg,Women,Apparel,Topwear,Tops,Multi,Fall,2011.0,Casual,Wrangler Women Frill Check Multi Tops,index
43653,43653.jpg,F:\CEI\Celebal_Excellence_Internship\fashion-visual-search\data\subset\images\43653.jpg,Women,Apparel,Dress,Dresses,Peach,Summer,2012.0,Casual,ONLY Women Peach Dress,index
16951,16951.jpg,F:\CEI\Celebal_Excellence_Internship\fashion-visual-search\data\subset\images\16951.jpg,Men,Accessories,Eyewear,Sunglasses,Black,Winter,2016.0,Casual,Image Men Classic Eyewear Black Sunglasses,index
15867,15867.jpg,F:\CEI\Celebal_Excellence_Internship\fashion-visual-search\data\subset\images\15867.jpg,Unisex,Footwear,Shoes,Casual Shoes,Silver,Fall,2011.0,Casual,Warner Bros Kids Unisex SD Silly Shoe Silver Casual Shoes,index
40515,40515.jpg,F:\CEI\Celebal_Excellence_Internship\fashion-visual-search\data\subset\images\40515.jpg,Men,Accessories,Watches,Watches,Cream,Winter,2016.0,Casual,Titan Men Cream Dial Watch,index
5489,5489.jpg,F:\CEI\Celebal_Excellence_Internship\fashion-visual-search\data\subset\images\5489.jpg,Men,Apparel,Topwear,Tshirts,Purple,Summer,2011.0,Casual,Mr.Men Men's Grumpy Purple T-shirt,index
28208,28208.jpg,F:\CEI\Celebal_Excellence_Internship\fashion-visual-search\data\subset\images\28208.jpg,Men,Accessories,Eyewear,Sunglasses,Metallic,Winter,2016.0,Casual,Ray-Ban Men Active Lifestyle Metallic Sunglasses,index
17692,17692.jpg,F:\CEI\Celebal_Excellence_Internship\fashion-visual-search\data\subset\images\17692.jpg,Men,Footwear,Shoes,Casual Shoes,Red,Spring,2012.0,Casual,Vans Men Rowley Style 99 S Red Casual Shoes,index
29947,29947.jpg,F:\CEI\Celebal_Excellence_Internship\fashion-visual-search\data\subset\images\29947.jpg,Women,Accessories,Watches,Watches,White,Winter,2016.0,Casual,Police Women White Dial Watch,index
23759,23759.jpg,F:\CEI\Celebal_Excellence_Internship\fashion-visual-search\data\subset\images\23759.jpg,Men,Accessories,Eyewear,Sunglasses,Brown,Winter,2016.0,Casual,Oakley Men Brown Sunglasses,index
41043,41043.jpg,F:\CEI\Celebal_Excellence_Internship\fashion-visual-search\data\subset\images\41043.jpg,Men,Accessories,Watches,Watches,White,Winter,2016.0,Casual,Nautica Men White Dial Chronograph Watch,index
8728,8728.jpg,F:\CEI\Celebal_Excellence_Internship\fashion-visual-search\data\subset\images\8728.jpg,Men,Apparel,Topwear,Shirts,Purple,Fall,2011.0,Casual,Indigo Nation Men Checks Purple Shirts,index
11942,11942.jpg,F:\CEI\Celebal_Excellence_Internship\fashion-visual-search\data\subset\images\11942.jpg,Men,Footwear,Sandal,Sandals,Black,Summer,2011.0,Casual,Ganuchi Men Casual Black Sandals,index
2230,2230.jpg,F:\CEI\Celebal_Excellence_Internship\fashion-visual-search\data\subset\images\2230.jpg,Men,Footwear,Sandal,Sandals,Black,Fall,2010.0,Casual,Puma Men Cruise Black Sandal,index
35392,35392.jpg,F:\CEI\Celebal_Excellence_Internship\fashion-visual-search\data\subset\images\35392.jpg,Men,Footwear,Shoes,Casual Shoes,Brown,Summer,2012.0,Casual,Stens by Enroute Men Brown Shoes,index
5682,5682.jpg,F:\CEI\Celebal_Excellence_Internship\fashion-visual-search\data\subset\images\5682.jpg,Men,Footwear,Shoes,Casual Shoes,Brown,Winter,2015.0,Casual,Skechers Men's Transparent Brown Shoe,index
54513,54513.jpg,F:\CEI\Celebal_Excellence_Internship\fashion-visual-search\data\subset\images\54513.jpg,Men,Footwear,Shoes,Casual Shoes,Brown,Fall,2012.0,Casual,F Sports Men Brown Rodeo Shoes,index
24371,24371.jpg,F:\CEI\Celebal_Excellence_Internship\fashion-visual-search\data\subset\images\24371.jpg,Women,Apparel,Topwear,Kurtas,Maroon,Fall,2011.0,Ethnic,Folklore Women Maroon Printed Kurta,index
48198,48198.jpg,F:\CEI\Celebal_Excellence_Internship\fashion-visual-search\data\subset\images\48198.jpg,Men,Accessories,Eyewear,Sunglasses,Black,Winter,2016.0,Casual,United Colors of Benetton Men Black Sunglasses,index
3935,3935.jpg,F:\CEI\Celebal_Excellence_Internship\fashion-visual-search\data\subset\images\3935.jpg,Women,Apparel,Topwear,Tshirts,Yellow,Summer,2011.0,Casual,Jealous 21 Women's Yellow Miss T-shirt,index
16761,16761.jpg,F:\CEI\Celebal_Excellence_Internship\fashion-visual-search\data\subset\images\16761.jpg,Women,Accessories,Bags,Handbags,Olive,Winter,2015.0,Casual,Spice Art Women Leatherette  Olive Handbags,index
24412,24412.jpg,F:\CEI\Celebal_Excellence_Internship\fashion-visual-search\data\subset\images\24412.jpg,Men,Footwear,Shoes,Sports Shoes,Black,Summer,2012.0,Sports,ADIDAS  Men Smoove Black Sports Shoes,index
40613,40613.jpg,F:\CEI\Celebal_Excellence_Internship\fashion-visual-search\data\subset\images\40613.jpg,Women,Apparel,Topwear,Kurtas,Purple,Summer,2012.0,Ethnic,Span Women Purple Kurta,index
25181,25181.jpg,F:\CEI\Celebal_Excellence_Internship\fashion-visual-search\data\subset\images\25181.jpg,Women,Accessories,Bags,Handbags,Brown,Winter,2015.0,Casual,Lino Perros Women Leatherite Brown Handbag,index
43909,43909.jpg,F:\CEI\Celebal_Excellence_Internship\fashion-visual-search\data\subset\images\43909.jpg,Women,Apparel,Topwear,Kurtas,Blue,Summer,2012.0,Ethnic,W Women Blue Kurta,index
25503,25503.jpg,F:\CEI\Celebal_Excellence_Internship\fashion-visual-search\data\subset\images\25503.jpg,Girls,Apparel,Dress,Dresses,Black,Fall,2011.0,Casual,Doodle Kids Girls Polka Dot Black Dress,index
18754,18754.jpg,F:\CEI\Celebal_Excellence_Internship\fashion-visual-search\data\subset\images\18754.jpg,Women,Apparel,Dress,Dresses,Pink,Fall,2011.0,Casual,Arrow Woman Kaya Pink Dress,index
26904,26904.jpg,F:\CEI\Celebal_Excellence_Internship\fashion-visual-search\data\subset\images\26904.jpg,Women,Apparel,Topwear,Tops,Lavender,Summer,2012.0,Casual,Jealous 21 Women Lavender Top,index
13707,13707.jpg,F:\CEI\Celebal_Excellence_Internship\fashion-visual-search\data\subset\images\13707.jpg,Men,Apparel,Topwear,Tshirts,Red,Fall,2011.0,Casual,Proline Mens Solid Red Polo Tshirt,index
37079,37079.jpg,F:\CEI\Celebal_Excellence_Internship\fashion-visual-search\data\subset\images\37079.jpg,Women,Accessories,Bags,Handbags,Purple,Summer,2012.0,Casual,Lino Perros Women Purple Handbag,index
23919,23919.jpg,F:\CEI\Celebal_Excellence_Internship\fashion-visual-search\data\subset\images\23919.jpg,Women,Footwear,Shoes,Casual Shoes,Black,Fall,2012.0,Casual,Fila Women Princess Black Casual Shoes,index
4105,4105.jpg,F:\CEI\Celebal_Excellence_Internship\fashion-visual-search\data\subset\images\4105.jpg,Men,Footwear,Sandal,Sandals,Navy Blue,Summer,2011.0,Casual,Fila Men Tremor Navy Sandal,index
25151,25151.jpg,F:\CEI\Celebal_Excellence_Internship\fashion-visual-search\data\subset\images\25151.jpg,Women,Accessories,Bags,Handbags,Black,Winter,2015.0,Casual,Lino Perros Women Leatherette Black Handbag,index
56818,56818.jpg,F:\CEI\Celebal_Excellence_Internship\fashion-visual-search\data\subset\images\56818.jpg,Men,Apparel,Topwear,Shirts,Grey,Summer,2012.0,Casual,John Players Men Grey Shirt,index
44834,44834.jpg,F:\CEI\Celebal_Excellence_Internship\fashion-visual-search\data\subset\images\44834.jpg,Men,Apparel,Topwear,Tshirts,Black,Summer,2012.0,Sports,Puma Men Black Training T-shirt,index
58003,58003.jpg,F:\CEI\Celebal_Excellence_Internship\fashion-visual-search\data\subset\images\58003.jpg,Women,Apparel,Dress,Dresses,Blue,Fall,2012.0,Casual,Latin Quarters Women Blue Dress,index
23621,23621.jpg,F:\CEI\Celebal_Excellence_Internship\fashion-visual-search\data\subset\images\23621.jpg,Girls,Apparel,Dress,Dresses,Navy Blue,Fall,2011.0,Casual,Doodle Kids Girls Navy Blue Floral Print Dress,index
7201,7201.jpg,F:\CEI\Celebal_Excellence_Internship\fashion-visual-search\data\subset\images\7201.jpg,Women,Apparel,Topwear,Tops,Pink,Fall,2011.0,Casual,Jealous 21 Women White Pink Lady With The Hat Top,index
40387,40387.jpg,F:\CEI\Celebal_Excellence_Internship\fashion-visual-search\data\subset\images\40387.jpg,Women,Apparel,Topwear,Tops,Orange,Summer,2012.0,Casual,Tokyo Talkies Women Orange Top,index
20184,20184.jpg,F:\CEI\Celebal_Excellence_Internship\fashion-visual-search\data\subset\images\20184.jpg,Men,Apparel,Topwear,Shirts,Green,Fall,2011.0,Casual,Wrangler Men Check Green Shirt,index
32178,32178.jpg,F:\CEI\Celebal_Excellence_Internship\fashion-visual-search\data\subset\images\32178.jpg,Men,Footwear,Shoes,Sports Shoes,White,Spring,2013.0,Sports,ADIDAS Men Vermont White Sports Shoes,index
39067,39067.jpg,F:\CEI\Celebal_Excellence_Internship\fashion-visual-search\data\subset\images\39067.jpg,Men,Apparel,Topwear,Tshirts,Green,Summer,2012.0,Casual,Arrow Sport Men Green T-shirt,index
33112,33112.jpg,F:\CEI\Celebal_Excellence_Internship\fashion-visual-search\data\subset\images\33112.jpg,Women,Footwear,Shoes,Casual Shoes,Black,Winter,2015.0,Casual,Catwalk Women Black Casual Shoes,index
56410,56410.jpg,F:\CEI\Celebal_Excellence_Internship\fashion-visual-search\data\subset\images\56410.jpg,Men,Footwear,Shoes,Casual Shoes,Brown,Summer,2013.0,Casual,GAS Men Brown Casual Shoes,index
8447,8447.jpg,F:\CEI\Celebal_Excellence_Internship\fashion-visual-search\data\subset\images\8447.jpg,Women,Apparel,Topwear,Tops,Navy Blue,Fall,2011.0,Casual,Jealous 21 Women Jealous Palila Purple Top Purple Tops,index
36476,36476.jpg,F:\CEI\Celebal_Excellence_Internship\fashion-visual-search\data\subset\images\36476.jpg,Men,Footwear,Shoes,Casual Shoes,Black,Spring,2013.0,Casual,Spinn Men Agile Black Shoes,index
9129,9129.jpg,F:\CEI\Celebal_Excellence_Internship\fashion-visual-search\data\subset\images\9129.jpg,Men,Footwear,Shoes,Sports Shoes,Black,Fall,2011.0,Sports,Puma Men Bolt Faas 400 Black Sports Shoes,index
2703,2703.jpg,F:\CEI\Celebal_Excellence_Internship\fashion-visual-search\data\subset\images\2703.jpg,Girls,Apparel,Topwear,Tops,Pink,Summer,2011.0,Casual,Disney Kids Girl's Check Pink Kidswear,index
46566,46566.jpg,F:\CEI\Celebal_Excellence_Internship\fashion-visual-search\data\subset\images\46566.jpg,Men,Accessories,Watches,Watches,Black,Winter,2016.0,Casual,Timex Men Black Watch,index
18878,18878.jpg,F:\CEI\Celebal_Excellence_Internship\fashion-visual-search\data\subset\images\18878.jpg,Women,Apparel,Topwear,Shirts,Purple,Fall,2011.0,Casual,Arrow Woman Fendy Purple Shirt,index
47382,47382.jpg,F:\CEI\Celebal_Excellence_Internship\fashion-visual-search\data\subset\images\47382.jpg,Women,Accessories,Bags,Handbags,Pink,Summer,2012.0,Casual,Baggit Women Pink Bag,index
48009,48009.jpg,F:\CEI\Celebal_Excellence_Internship\fashion-visual-search\data\subset\images\48009.jpg,Women,Accessories,Watches,Watches,White,Winter,2016.0,Casual,Helix Women Silver Dial Watch,index
28635,28635.jpg,F:\CEI\Celebal_Excellence_Internship\fashion-visual-search\data\subset\images\28635.jpg,Men,Footwear,Shoes,Sports Shoes,White,Summer,2012.0,Sports,Nike Men Free TR2 White Sports Shoes,index
5478,5478.jpg,F:\CEI\Celebal_Excellence_Internship\fashion-visual-search\data\subset\images\5478.jpg,Men,Footwear,Shoes,Sports Shoes,White,Summer,2011.0,Sports,Nike Men's T-Lite Leather White Shoe,index
3713,3713.jpg,F:\CEI\Celebal_Excellence_Internship\fashion-visual-search\data\subset\images\3713.jpg,Men,Apparel,Topwear,Tshirts,Green,Summer,2011.0,Casual,Lee Men Green Polo T-shirt,index
54512,54512.jpg,F:\CEI\Celebal_Excellence_Internship\fashion-visual-search\data\subset\images\54512.jpg,Women,Accessories,Bags,Handbags,Beige,Summer,2012.0,Casual,Lino Perros Women Beige Handbag,index
52072,52072.jpg,F:\CEI\Celebal_Excellence_Internship\fashion-visual-search\data\subset\images\52072.jpg,Men,Apparel,Topwear,Tshirts,Blue,Summer,2012.0,Casual,Myntra Men Blue T-shirt,index
34654,34654.jpg,F:\CEI\Celebal_Excellence_Internship\fashion-visual-search\data\subset\images\34654.jpg,Men,Footwear,Shoes,Sports Shoes,Grey,Summer,2012.0,Sports,Fila Men Cerchi Lite Grey Sports Shoes,index
50728,50728.jpg,F:\CEI\Celebal_Excellence_Internship\fashion-visual-search\data\subset\images\50728.jpg,Men,Footwear,Sandal,Sandals,Black,Winter,2018.0,Casual,Red Chief Men Black Sandals,index
5365,5365.jpg,F:\CEI\Celebal_Excellence_Internship\fashion-visual-search\data\subset\images\5365.jpg,Unisex,Footwear,Shoes,Sports Shoes,Green,,2011.0,Sports,Solognac Shoes Namib 200,index
6066,6066.jpg,F:\CEI\Celebal_Excellence_Internship\fashion-visual-search\data\subset\images\6066.jpg,Men,Apparel,Topwear,Tshirts,Black,Summer,2011.0,Casual,UCB Men's Polo Neck Striper Heavy Wash Black Pink T-shirt,index
36418,36418.jpg,F:\CEI\Celebal_Excellence_Internship\fashion-visual-search\data\subset\images\36418.jpg,Women,Footwear,Shoes,Sports Shoes,Pink,Spring,2013.0,Sports,Spinn Women Alliance Pink Sports Shoes,index
22113,22113.jpg,F:\CEI\Celebal_Excellence_Internship\fashion-visual-search\data\subset\images\22113.jpg,Women,Footwear,Shoes,Sports Shoes,White,Fall,2011.0,Sports,Reebok Women Fusion Runner White Sports Shoes,index
7947,7947.jpg,F:\CEI\Celebal_Excellence_Internship\fashion-visual-search\data\subset\images\7947.jpg,Men,Apparel,Topwear,Tshirts,White,Fall,2011.0,Sports,Puma Men's Graphic White Navy T-shirt,index
35465,35465.jpg,F:\CEI\Celebal_Excellence_Internship\fashion-visual-search\data\subset\images\35465.jpg,Men,Footwear,Shoes,Casual Shoes,Blue,Fall,2012.0,Casual,Franco Leone Men Blue Shoes,index
8675,8675.jpg,F:\CEI\Celebal_Excellence_Internship\fashion-visual-search\data\subset\images\8675.jpg,Unisex,Accessories,Eyewear,Sunglasses,Black,Winter,2016.0,Casual,Fastrack Unisex Black Sunglasses,index
40472,40472.jpg,F:\CEI\Celebal_Excellence_Internship\fashion-visual-search\data\subset\images\40472.jpg,Men,Footwear,Shoes,Sports Shoes,Black,Fall,2012.0,Sports,Fila Men Black Dls Supercharger Sports Shoes,index
26543,26543.jpg,F:\CEI\Celebal_Excellence_Internship\fashion-visual-search\data\subset\images\26543.jpg,Men,Footwear,Sandal,Sandals,Black,Fall,2012.0,Casual,ID Men Black & Yellow Sandals,index
14884,14884.jpg,F:\CEI\Celebal_Excellence_Internship\fashion-visual-search\data\subset\images\14884.jpg,Women,Accessories,Bags,Handbags,Grey,Summer,2011.0,Casual,United Colors of Benetton Women Solid Grey Handbags,index
6795,6795.jpg,F:\CEI\Celebal_Excellence_Internship\fashion-visual-search\data\subset\images\6795.jpg,Men,Apparel,Topwear,Shirts,Green,Summer,2011.0,Casual,Timberland Men Vintage Rugged Green Shirt,index
29741,29741.jpg,F:\CEI\Celebal_Excellence_Internship\fashion-visual-search\data\subset\images\29741.jpg,Women,Accessories,Bags,Handbags,Green,Summer,2012.0,Casual,Kiara Women Leatherette Green Handbag,index
50326,50326.jpg,F:\CEI\Celebal_Excellence_Internship\fashion-visual-search\data\subset\images\50326.jpg,Women,Apparel,Topwear,Kurtas,White,Summer,2012.0,Ethnic,Aurelia Women White Printed Kurta,index
47195,47195.jpg,F:\CEI\Celebal_Excellence_Internship\fashion-visual-search\data\subset\images\47195.jpg,Men,Footwear,Sandal,Sandals,Black,Summer,2012.0,Casual,Franco Leone Men Black Sandals,index
32373,32373.jpg,F:\CEI\Celebal_Excellence_Internship\fashion-visual-search\data\subset\images\32373.jpg,Women,Accessories,Watches,Watches,White,Winter,2016.0,Casual,Q&Q Women White Dial Watch,index
47295,47295.jpg,F:\CEI\Celebal_Excellence_Internship\fashion-visual-search\data\subset\images\47295.jpg,Women,Accessories,Bags,Handbags,Purple,Summer,2012.0,Casual,Baggit Women Purple Sling Bag,index
33044,33044.jpg,F:\CEI\Celebal_Excellence_Internship\fashion-visual-search\data\subset\images\33044.jpg,Women,Apparel,Topwear,Kurtas,Blue,Summer,2012.0,Ethnic,Mother Earth Women Printed Blue Kurta,index
45192,45192.jpg,F:\CEI\Celebal_Excellence_Internship\fashion-visual-search\data\subset\images\45192.jpg,Men,Accessories,Watches,Watches,Gold,Winter,2016.0,Formal,CASIO ENTICER Men Gold-Toned Dial Analogue Watch A644,index
47175,47175.jpg,F:\CEI\Celebal_Excellence_Internship\fashion-visual-search\data\subset\images\47175.jpg,Men,Footwear,Sandal,Sandals,Black,Summer,2012.0,Casual,Ganuchi Men Black Sandals,index
7423,7423.jpg,F:\CEI\Celebal_Excellence_Internship\fashion-visual-search\data\subset\images\7423.jpg,Women,Apparel,Topwear,Kurtas,Pink,Summer,2011.0,Ethnic,W Women U Neck Sleeveless Red Kurta,index
38998,38998.jpg,F:\CEI\Celebal_Excellence_Internship\fashion-visual-search\data\subset\images\38998.jpg,Girls,Apparel,Dress,Dresses,Pink,Summer,2012.0,Casual,Gini and Jony Girls Summer Paradise Pink Dress,index
26551,26551.jpg,F:\CEI\Celebal_Excellence_Internship\fashion-visual-search\data\subset\images\26551.jpg,Men,Footwear,Shoes,Casual Shoes,Black,Fall,2012.0,Casual,ID Men Black Shoes,index
14798,14798.jpg,F:\CEI\Celebal_Excellence_Internship\fashion-visual-search\data\subset\images\14798.jpg,Women,Accessories,Bags,Handbags,Brown,Summer,2011.0,Casual,United Colors of Benetton Women Solid Coffee Brown Handbags,index
21996,21996.jpg,F:\CEI\Celebal_Excellence_Internship\fashion-visual-search\data\subset\images\21996.jpg,Women,Accessories,Bags,Handbags,Yellow,Winter,2015.0,Casual,Murcia Women Casual Yellow Handbag,index
51459,51459.jpg,F:\CEI\Celebal_Excellence_Internship\fashion-visual-search\data\subset\images\51459.jpg,Women,Apparel,Topwear,Tops,White,Summer,2012.0,Casual,Tonga Women White Top,index
54663,54663.jpg,F:\CEI\Celebal_Excellence_Internship\fashion-visual-search\data\subset\images\54663.jpg,Men,Accessories,Watches,Watches,Steel,Winter,2016.0,Casual,Fastrack Men White Dial Watch,index
40176,40176.jpg,F:\CEI\Celebal_Excellence_Internship\fashion-visual-search\data\subset\images\40176.jpg,Men,Accessories,Eyewear,Sunglasses,Black,Winter,2016.0,Casual,Fastrack Men UV Protected Sporty Wrap Sunglasses,index
24409,24409.jpg,F:\CEI\Celebal_Excellence_Internship\fashion-visual-search\data\subset\images\24409.jpg,Women,Footwear,Shoes,Sports Shoes,White,Summer,2012.0,Sports,ADIDAS Women White & Grey Vanquish Sports Shoes,index
58535,58535.jpg,F:\CEI\Celebal_Excellence_Internship\fashion-visual-search\data\subset\images\58535.jpg,Men,Accessories,Eyewear,Sunglasses,Grey,Winter,2016.0,Casual,Miami Blues Men Sunglasses,index
58447,58447.jpg,F:\CEI\Celebal_Excellence_Internship\fashion-visual-search\data\subset\images\58447.jpg,Men,Accessories,Watches,Watches,Black,Winter,2016.0,Casual,Fossil Men Black Dial Chronograph Watch JR1265,index
9101,9101.jpg,F:\CEI\Celebal_Excellence_Internship\fashion-visual-search\data\subset\images\9101.jpg,Men,Footwear,Sandal,Sandals,Black,Winter,2011.0,Casual,Buckaroo Men Luz Black Sandals,index
44554,44554.jpg,F:\CEI\Celebal_Excellence_Internship\fashion-visual-search\data\subset\images\44554.jpg,Men,Footwear,Sandal,Sandals,Black,Summer,2012.0,Casual,Coolers Men Black Sandals,index
12230,12230.jpg,F:\CEI\Celebal_Excellence_Internship\fashion-visual-search\data\subset\images\12230.jpg,Men,Apparel,Topwear,Shirts,Pink,Fall,2011.0,Formal,Genesis Pink & White Striped Formal Shirt,index
57940,57940.jpg,F:\CEI\Celebal_Excellence_Internship\fashion-visual-search\data\subset\images\57940.jpg,Men,Footwear,Sandal,Sandals,Grey,Spring,2012.0,Casual,Clarks Men Grey Sandals,index
44564,44564.jpg,F:\CEI\Celebal_Excellence_Internship\fashion-visual-search\data\subset\images\44564.jpg,Men,Footwear,Sandal,Sandals,Brown,Summer,2012.0,Casual,Coolers Men Brown Sandals,index
28737,28737.jpg,F:\CEI\Celebal_Excellence_Internship\fashion-visual-search\data\subset\images\28737.jpg,Women,Apparel,Topwear,Kurtas,White,Summer,2012.0,Ethnic,W Women Printed White Kurta,index
32206,32206.jpg,F:\CEI\Celebal_Excellence_Internship\fashion-visual-search\data\subset\images\32206.jpg,Women,Apparel,Topwear,Kurtas,Green,Summer,2012.0,Ethnic,Fabindia Women Green Kurta,index
20421,20421.jpg,F:\CEI\Celebal_Excellence_Internship\fashion-visual-search\data\subset\images\20421.jpg,Women,Accessories,Bags,Handbags,Brown,Winter,2015.0,Casual,Baggit Women Brown Handbag,index
21342,21342.jpg,F:\CEI\Celebal_Excellence_Internship\fashion-visual-search\data\subset\images\21342.jpg,Men,Accessories,Eyewear,Sunglasses,Silver,Winter,2016.0,Casual,Pal Zileri Men Casual Metalic Frame Sunglasses,index
57050,57050.jpg,F:\CEI\Celebal_Excellence_Internship\fashion-visual-search\data\subset\images\57050.jpg,Women,Apparel,Dress,Dresses,White,Summer,2012.0,Casual,Elle Color Clash Purple Dress,index
48084,48084.jpg,F:\CEI\Celebal_Excellence_Internship\fashion-visual-search\data\subset\images\48084.jpg,Women,Apparel,Dress,Dresses,Red,Summer,2012.0,Casual,French Connection Women Red Dress,index
1784,1784.jpg,F:\CEI\Celebal_Excellence_Internship\fashion-visual-search\data\subset\images\1784.jpg,Men,Footwear,Shoes,Sports Shoes,White,Fall,2010.0,Sports,Lotto Men's Melbourne White-Red Shoe,index
46451,46451.jpg,F:\CEI\Celebal_Excellence_Internship\fashion-visual-search\data\subset\images\46451.jpg,Men,Accessories,Watches,Watches,Silver,Winter,2016.0,Casual,Timex Men Silver Toned Dial Watch,index
51728,51728.jpg,F:\CEI\Celebal_Excellence_Internship\fashion-visual-search\data\subset\images\51728.jpg,Women,Accessories,Eyewear,Sunglasses,Black,Winter,2016.0,Casual,Allen Solly Women Oversized Sunglasses AH220-C1,index
26057,26057.jpg,F:\CEI\Celebal_Excellence_Internship\fashion-visual-search\data\subset\images\26057.jpg,Men,Apparel,Topwear,Shirts,Purple,Summer,2012.0,Formal,John Miller Men Check Purple Shirt,index
47298,47298.jpg,F:\CEI\Celebal_Excellence_Internship\fashion-visual-search\data\subset\images\47298.jpg,Women,Accessories,Bags,Handbags,Purple,Summer,2012.0,Casual,Baggit Women Purple Bag,index
49874,49874.jpg,F:\CEI\Celebal_Excellence_Internship\fashion-visual-search\data\subset\images\49874.jpg,Women,Accessories,Watches,Watches,Gold,Winter,2016.0,Casual,Q&Q Women Gold Dial Analog Watch,index
4313,4313.jpg,F:\CEI\Celebal_Excellence_Internship\fashion-visual-search\data\subset\images\4313.jpg,Unisex,Apparel,Topwear,Tshirts,Pink,Summer,2011.0,Casual,Tantra Kid's Unisex Elephant Pink Kidswear,index
8909,8909.jpg,F:\CEI\Celebal_Excellence_Internship\fashion-visual-search\data\subset\images\8909.jpg,Unisex,Footwear,Shoes,Casual Shoes,Blue,Summer,2011.0,Casual,Puma Unisex Benecio Leather Drip Indigo Blue Casual Shoes,index
34637,34637.jpg,F:\CEI\Celebal_Excellence_Internship\fashion-visual-search\data\subset\images\34637.jpg,Men,Footwear,Shoes,Sports Shoes,White,Summer,2012.0,Sports,Lotto Men Vienna III White Sports Shoes,index
47656,47656.jpg,F:\CEI\Celebal_Excellence_Internship\fashion-visual-search\data\subset\images\47656.jpg,Women,Apparel,Dress,Dresses,Black,Summer,2012.0,Casual,Femella Women Black Printed Dress,index
4623,4623.jpg,F:\CEI\Celebal_Excellence_Internship\fashion-visual-search\data\subset\images\4623.jpg,Women,Apparel,Topwear,Tops,Blue,Summer,2011.0,Casual,Jealous 21 Women Knit Teal Blue Top,index
30567,30567.jpg,F:\CEI\Celebal_Excellence_Internship\fashion-visual-search\data\subset\images\30567.jpg,Men,Accessories,Eyewear,Sunglasses,Black,Winter,2016.0,Casual,Opium Men Black Sunglass,index
24509,24509.jpg,F:\CEI\Celebal_Excellence_Internship\fashion-visual-search\data\subset\images\24509.jpg,Women,Apparel,Topwear,Kurtas,Black,Fall,2011.0,Ethnic,Mother Earth Women Black Printed Kurta,index
30077,30077.jpg,F:\CEI\Celebal_Excellence_Internship\fashion-visual-search\data\subset\images\30077.jpg,Women,Accessories,Watches,Watches,White,Winter,2016.0,Casual,Ed Hardy Women White Dial Watch,index
38756,38756.jpg,F:\CEI\Celebal_Excellence_Internship\fashion-visual-search\data\subset\images\38756.jpg,Women,Accessories,Bags,Handbags,Fluorescent Green,Summer,2012.0,Casual,Nike Fluorescent Green Tote Bag,index
36206,36206.jpg,F:\CEI\Celebal_Excellence_Internship\fashion-visual-search\data\subset\images\36206.jpg,Boys,Apparel,Topwear,Shirts,Black,Summer,2012.0,Casual,Gini Jony Boys Black Shirt,index
29895,29895.jpg,F:\CEI\Celebal_Excellence_Internship\fashion-visual-search\data\subset\images\29895.jpg,Women,Accessories,Eyewear,Sunglasses,Grey,Winter,2016.0,Casual,Mayhem Women Sunglasses 1011-163,index
37489,37489.jpg,F:\CEI\Celebal_Excellence_Internship\fashion-visual-search\data\subset\images\37489.jpg,Women,Accessories,Watches,Watches,Black,Winter,2016.0,Casual,Esprit Women Black Watch,index
40311,40311.jpg,F:\CEI\Celebal_Excellence_Internship\fashion-visual-search\data\subset\images\40311.jpg,Unisex,Footwear,Sandal,Sandals,Pink,Winter,2013.0,Casual,Warner Bros Kids Unisex Pink Sandals,index
46454,46454.jpg,F:\CEI\Celebal_Excellence_Internship\fashion-visual-search\data\subset\images\46454.jpg,Men,Accessories,Watches,Watches,Blue,Winter,2016.0,Casual,Timex Men Blue Dial Watch J203,index
53850,53850.jpg,F:\CEI\Celebal_Excellence_Internship\fashion-visual-search\data\subset\images\53850.jpg,Women,Apparel,Topwear,Kurtas,Turquoise Blue,Fall,2012.0,Ethnic,Vishudh Women Turquoise Blue Printed Kurta,index
3640,3640.jpg,F:\CEI\Celebal_Excellence_Internship\fashion-visual-search\data\subset\images\3640.jpg,Men,Footwear,Shoes,Casual Shoes,Black,Summer,2011.0,Casual,Fila Men's Universe HI Black Shoe,index
23718,23718.jpg,F:\CEI\Celebal_Excellence_Internship\fashion-visual-search\data\subset\images\23718.jpg,Men,Accessories,Eyewear,Sunglasses,Gold,Winter,2016.0,Casual,Ray-Ban Men Caravan Sunglasses,index
43511,43511.jpg,F:\CEI\Celebal_Excellence_Internship\fashion-visual-search\data\subset\images\43511.jpg,Women,Apparel,Dress,Dresses,Navy Blue,Summer,2012.0,Formal,French Connection Women Navy Blue Dress,index
7012,7012.jpg,F:\CEI\Celebal_Excellence_Internship\fashion-visual-search\data\subset\images\7012.jpg,Men,Apparel,Topwear,Tshirts,Green,Summer,2011.0,Casual,Classic Polo Men's Green Polo With Grey Stripes T-shirt,index
43085,43085.jpg,F:\CEI\Celebal_Excellence_Internship\fashion-visual-search\data\subset\images\43085.jpg,Women,Apparel,Topwear,Tshirts,Yellow,Summer,2012.0,Sports,Nike Women Yellow Polo Neck T-shirt,index
4604,4604.jpg,F:\CEI\Celebal_Excellence_Internship\fashion-visual-search\data\subset\images\4604.jpg,Women,Accessories,Bags,Handbags,Pink,Winter,2015.0,Casual,Wildcraft Pink & Grey Printed Tote Bag,index
30782,30782.jpg,F:\CEI\Celebal_Excellence_Internship\fashion-visual-search\data\subset\images\30782.jpg,Men,Apparel,Topwear,Kurtas,White,Summer,2012.0,Ethnic,Fabindia Men White Mangalgiri Kurta,index
43957,43957.jpg,F:\CEI\Celebal_Excellence_Internship\fashion-visual-search\data\subset\images\43957.jpg,Women,Footwear,Sandal,Sandals,Grey,Fall,2012.0,Casual,Puma Women Grey Techno Ind Sandals,index
6824,6824.jpg,F:\CEI\Celebal_Excellence_Internship\fashion-visual-search\data\subset\images\6824.jpg,Men,Footwear,Sandal,Sandals,Brown,Fall,2012.0,Casual,Timberland Men Granite Trailway Brown Floater,index
40985,40985.jpg,F:\CEI\Celebal_Excellence_Internship\fashion-visual-search\data\subset\images\40985.jpg,Boys,Apparel,Topwear,Tshirts,White,Summer,2012.0,Casual,Gini and Jony Boys United White T-shirt,index
4402,4402.jpg,F:\CEI\Celebal_Excellence_Internship\fashion-visual-search\data\subset\images\4402.jpg,Men,Apparel,Topwear,Tshirts,Black,Summer,2011.0,Casual,Billy Idol Men's Faceless Black T-shirt,index
9399,9399.jpg,F:\CEI\Celebal_Excellence_Internship\fashion-visual-search\data\subset\images\9399.jpg,Women,Footwear,Shoes,Sports Shoes,Black,Fall,2011.0,Sports,Nike Women Wmns Dou Black Sports Shoes,index
31955,31955.jpg,F:\CEI\Celebal_Excellence_Internship\fashion-visual-search\data\subset\images\31955.jpg,Men,Footwear,Shoes,Sports Shoes,Black,Summer,2012.0,Sports,Nike Men Zoom Elite Black Sports Shoes,index
43291,43291.jpg,F:\CEI\Celebal_Excellence_Internship\fashion-visual-search\data\subset\images\43291.jpg,Women,Accessories,Bags,Handbags,Grey,Summer,2012.0,Casual,Murcia Women Grey Kate Handbag,index
51660,51660.jpg,F:\CEI\Celebal_Excellence_Internship\fashion-visual-search\data\subset\images\51660.jpg,Men,Accessories,Watches,Watches,Black,Winter,2016.0,Casual,Fossil Men Black Dial Watch AM4384,index
12882,12882.jpg,F:\CEI\Celebal_Excellence_Internship\fashion-visual-search\data\subset\images\12882.jpg,Men,Footwear,Shoes,Sports Shoes,White,Fall,2011.0,Sports,Fila Men Sports White Shoes,index
42834,42834.jpg,F:\CEI\Celebal_Excellence_Internship\fashion-visual-search\data\subset\images\42834.jpg,Women,Accessories,Bags,Handbags,Grey,Summer,2012.0,Casual,French Connection Women Grey & Brown Handbag,index
24390,24390.jpg,F:\CEI\Celebal_Excellence_Internship\fashion-visual-search\data\subset\images\24390.jpg,Women,Apparel,Topwear,Kurtas,Turquoise Blue,Fall,2011.0,Ethnic,Folklore Women Turquoise Blue Printed Kurta,index
6631,6631.jpg,F:\CEI\Celebal_Excellence_Internship\fashion-visual-search\data\subset\images\6631.jpg,Men,Footwear,Shoes,Sports Shoes,White,Summer,2011.0,Sports,ADIDAS Men's Spector White Shoe,index
11828,11828.jpg,F:\CEI\Celebal_Excellence_Internship\fashion-visual-search\data\subset\images\11828.jpg,Men,Footwear,Shoes,Casual Shoes,Red,Summer,2013.0,Casual,Playboy Men Casual Red Casual Shoes,index
7006,7006.jpg,F:\CEI\Celebal_Excellence_Internship\fashion-visual-search\data\subset\images\7006.jpg,Men,Apparel,Topwear,Tshirts,Black,Summer,2011.0,Casual,s.Oliver Men's Sound Rebels Black T-shirt,index
5726,5726.jpg,F:\CEI\Celebal_Excellence_Internship\fashion-visual-search\data\subset\images\5726.jpg,Men,Footwear,Shoes,Sports Shoes,Black,Summer,2011.0,Sports,Reebok Men's Zigfuel Black Yellow Shoe,index
14712,14712.jpg,F:\CEI\Celebal_Excellence_Internship\fashion-visual-search\data\subset\images\14712.jpg,Men,Apparel,Topwear,Shirts,Off White,Winter,2011.0,Formal,Genesis Off-White Formal Shirt,index
35935,35935.jpg,F:\CEI\Celebal_Excellence_Internship\fashion-visual-search\data\subset\images\35935.jpg,Men,Footwear,Shoes,Sports Shoes,Black,Summer,2012.0,Sports,Salomon Men XR Mission Black Sports Shoes,index
40415,40415.jpg,F:\CEI\Celebal_Excellence_Internship\fashion-visual-search\data\subset\images\40415.jpg,Women,Apparel,Topwear,Tops,Peach,Summer,2012.0,Casual,Tonga Women Coral Top,index
51623,51623.jpg,F:\CEI\Celebal_Excellence_Internship\fashion-visual-search\data\subset\images\51623.jpg,Women,Accessories,Watches,Watches,Pink,Winter,2016.0,Casual,Fossil Women Pink Dial Chronograph Watch ES3050,index
39629,39629.jpg,F:\CEI\Celebal_Excellence_Internship\fashion-visual-search\data\subset\images\39629.jpg,Men,Footwear,Shoes,Casual Shoes,Purple,Summer,2012.0,Casual,Nike Men Toki Premium Purple Casual Shoes,index
24690,24690.jpg,F:\CEI\Celebal_Excellence_Internship\fashion-visual-search\data\subset\images\24690.jpg,Men,Footwear,Shoes,Casual Shoes,Brown,Summer,2011.0,Casual,Lee Cooper Men Casual Brown Shoes,index
52157,52157.jpg,F:\CEI\Celebal_Excellence_Internship\fashion-visual-search\data\subset\images\52157.jpg,Women,Apparel,Topwear,Tops,Pink,Summer,2012.0,Casual,Femella Women Pink Summer Cape Top,index
11804,11804.jpg,F:\CEI\Celebal_Excellence_Internship\fashion-visual-search\data\subset\images\11804.jpg,Women,Apparel,Topwear,Kurtas,Red,Fall,2011.0,Ethnic,Vishudh Women Pigment Print Red Kurtas,index
22227,22227.jpg,F:\CEI\Celebal_Excellence_Internship\fashion-visual-search\data\subset\images\22227.jpg,Women,Apparel,Topwear,Tshirts,Pink,Fall,2011.0,Casual,Little Miss Women Sunshine Pink T-shirt,index
19058,19058.jpg,F:\CEI\Celebal_Excellence_Internship\fashion-visual-search\data\subset\images\19058.jpg,Women,Apparel,Topwear,Kurtas,Rust,Fall,2011.0,Ethnic,Aurelia Women Solid Rust Kurta,index
5415,5415.jpg,F:\CEI\Celebal_Excellence_Internship\fashion-visual-search\data\subset\images\5415.jpg,Girls,Apparel,Topwear,Tshirts,Red,Summer,2011.0,Casual,Ant Kids Girl's Red Little Heart Kidswear,index
22846,22846.jpg,F:\CEI\Celebal_Excellence_Internship\fashion-visual-search\data\subset\images\22846.jpg,Men,Footwear,Shoes,Casual Shoes,Khaki,Summer,2012.0,Casual,Woodland Men Khaki Casual Shoes,index
30035,30035.jpg,F:\CEI\Celebal_Excellence_Internship\fashion-visual-search\data\subset\images\30035.jpg,Women,Accessories,Watches,Watches,Silver,Winter,2016.0,Casual,Kenneth Cole Women White Dial Watch,index
28383,28383.jpg,F:\CEI\Celebal_Excellence_Internship\fashion-visual-search\data\subset\images\28383.jpg,Men,Accessories,Eyewear,Sunglasses,Black,Winter,2016.0,Casual,Idee Men Black Sunglasses,index
1806,1806.jpg,F:\CEI\Celebal_Excellence_Internship\fashion-visual-search\data\subset\images\1806.jpg,Men,Footwear,Sandal,Sandals,Brown,Spring,2011.0,Casual,Quechua Men Arpenaz Brown Sandal,index
39224,39224.jpg,F:\CEI\Celebal_Excellence_Internship\fashion-visual-search\data\subset\images\39224.jpg,Women,Apparel,Topwear,Shirts,Pink,Summer,2012.0,Casual,Femella Women Pink Shirt,index
29257,29257.jpg,F:\CEI\Celebal_Excellence_Internship\fashion-visual-search\data\subset\images\29257.jpg,Men,Footwear,Shoes,Sports Shoes,Grey,Summer,2012.0,Sports,ADIDAS Men Duramo 4M Grey Sports Shoes,index
41517,41517.jpg,F:\CEI\Celebal_Excellence_Internship\fashion-visual-search\data\subset\images\41517.jpg,Men,Accessories,Eyewear,Sunglasses,Grey,Winter,2016.0,Casual,Basics Men Sunglasses,index
20951,20951.jpg,F:\CEI\Celebal_Excellence_Internship\fashion-visual-search\data\subset\images\20951.jpg,Men,Footwear,Sandal,Sandals,Red,Fall,2011.0,Casual,ADIDAS Men Plugged In Red Slipper,index
44809,44809.jpg,F:\CEI\Celebal_Excellence_Internship\fashion-visual-search\data\subset\images\44809.jpg,Women,Apparel,Topwear,Tops,Black,Summer,2012.0,Casual,Spykar Women Black Top,index
51680,51680.jpg,F:\CEI\Celebal_Excellence_Internship\fashion-visual-search\data\subset\images\51680.jpg,Men,Accessories,Eyewear,Sunglasses,Black,Winter,2016.0,Casual,Louis Philippe Men Aviator Sunglasses LP208-C3,index
44535,44535.jpg,F:\CEI\Celebal_Excellence_Internship\fashion-visual-search\data\subset\images\44535.jpg,Men,Footwear,Sandal,Sandals,Black,Summer,2012.0,Casual,Coolers Men Black Sandals,index
5351,5351.jpg,F:\CEI\Celebal_Excellence_Internship\fashion-visual-search\data\subset\images\5351.jpg,Women,Footwear,Shoes,Sports Shoes,Beige,Fall,2011.0,Sports,Quechua Arpenaz Sandal 50 L Beige,index
44235,44235.jpg,F:\CEI\Celebal_Excellence_Internship\fashion-visual-search\data\subset\images\44235.jpg,Men,Footwear,Shoes,Sports Shoes,Blue,Summer,2012.0,Sports,Nike Men Air Max+ 2012 Blue Sports Shoes,index
29125,29125.jpg,F:\CEI\Celebal_Excellence_Internship\fashion-visual-search\data\subset\images\29125.jpg,Women,Accessories,Eyewear,Sunglasses,White,Winter,2016.0,Casual,Vogue Women White Sunglasses,index
10374,10374.jpg,F:\CEI\Celebal_Excellence_Internship\fashion-visual-search\data\subset\images\10374.jpg,Women,Apparel,Topwear,Tshirts,Green,Fall,2011.0,Casual,United Colors of Benetton Women Solid Green T-shirt,index
43510,43510.jpg,F:\CEI\Celebal_Excellence_Internship\fashion-visual-search\data\subset\images\43510.jpg,Women,Apparel,Dress,Dresses,Maroon,Fall,2012.0,Casual,French Connection Women Maroon Knitted Dress,index
19089,19089.jpg,F:\CEI\Celebal_Excellence_Internship\fashion-visual-search\data\subset\images\19089.jpg,Women,Apparel,Topwear,Kurtas,Blue,Fall,2011.0,Ethnic,W Women Shaded Blue Kurta,index
34399,34399.jpg,F:\CEI\Celebal_Excellence_Internship\fashion-visual-search\data\subset\images\34399.jpg,Men,Apparel,Topwear,Tshirts,Black,Summer,2012.0,Casual,Myntra Men Global Response Black T-shirt,index
38152,38152.jpg,F:\CEI\Celebal_Excellence_Internship\fashion-visual-search\data\subset\images\38152.jpg,Women,Apparel,Topwear,Tshirts,White,Summer,2012.0,Casual,Wildcraft Women White T-shirt,index
9718,9718.jpg,F:\CEI\Celebal_Excellence_Internship\fashion-visual-search\data\subset\images\9718.jpg,Men,Footwear,Sandal,Sandals,Brown,Fall,2011.0,Casual,Hush Puppies Men Walsh Brown Sandals,index
3045,3045.jpg,F:\CEI\Celebal_Excellence_Internship\fashion-visual-search\data\subset\images\3045.jpg,Men,Apparel,Topwear,Tshirts,Black,Summer,2011.0,Casual,Tantra Men's Tiger Black T-shirt,index
58666,58666.jpg,F:\CEI\Celebal_Excellence_Internship\fashion-visual-search\data\subset\images\58666.jpg,Women,Apparel,Topwear,Kurtas,Navy Blue,Summer,2012.0,Ethnic,ALayna Women Navy Blue Kurta,index
14580,14580.jpg,F:\CEI\Celebal_Excellence_Internship\fashion-visual-search\data\subset\images\14580.jpg,Men,Apparel,Topwear,Shirts,Grey,Summer,2011.0,Casual,United Colors of Benetton Men Solid DK.Grey Shirts,index
5012,5012.jpg,F:\CEI\Celebal_Excellence_Internship\fashion-visual-search\data\subset\images\5012.jpg,Women,Apparel,Topwear,Tops,Pink,Summer,2011.0,Casual,Gini and Jony Girl's Peggy Pink Kidswear,index
12977,12977.jpg,F:\CEI\Celebal_Excellence_Internship\fashion-visual-search\data\subset\images\12977.jpg,Men,Footwear,Shoes,Sports Shoes,Black,Fall,2011.0,Sports,ADIDAS Men Marathon Black Sports Shoes,index
35425,35425.jpg,F:\CEI\Celebal_Excellence_Internship\fashion-visual-search\data\subset\images\35425.jpg,Men,Footwear,Shoes,Sports Shoes,White,Summer,2012.0,Sports,ADIDAS Men Twenty2yds Mid IV White Sports Shoes,index
46434,46434.jpg,F:\CEI\Celebal_Excellence_Internship\fashion-visual-search\data\subset\images\46434.jpg,Men,Accessories,Watches,Watches,Blue,Winter,2016.0,Casual,Timex Men Blue Dial Watch,index
26338,26338.jpg,F:\CEI\Celebal_Excellence_Internship\fashion-visual-search\data\subset\images\26338.jpg,Women,Accessories,Watches,Watches,Silver,Winter,2016.0,Formal,DKNY Women Silver-Toned Dial Chronograph Watch NY8062,index
6145,6145.jpg,F:\CEI\Celebal_Excellence_Internship\fashion-visual-search\data\subset\images\6145.jpg,Unisex,Footwear,Sandal,Sandals,Black,Summer,2011.0,Casual,Puma Unisex K9 Black Green Floater,index
39478,39478.jpg,F:\CEI\Celebal_Excellence_Internship\fashion-visual-search\data\subset\images\39478.jpg,Women,Apparel,Topwear,Kurtas,Pink,Summer,2012.0,Ethnic,Diva Women Pink Kurta,index
11624,11624.jpg,F:\CEI\Celebal_Excellence_Internship\fashion-visual-search\data\subset\images\11624.jpg,Women,Apparel,Topwear,Kurtas,Grey,Summer,2011.0,Ethnic,W Women Printed Grey Kurtas,index
7966,7966.jpg,F:\CEI\Celebal_Excellence_Internship\fashion-visual-search\data\subset\images\7966.jpg,Men,Footwear,Sandal,Sandals,Black,Summer,2013.0,Casual,Red Tape Men Casual Black Floater,index
26563,26563.jpg,F:\CEI\Celebal_Excellence_Internship\fashion-visual-search\data\subset\images\26563.jpg,Men,Footwear,Shoes,Casual Shoes,Tan,Summer,2012.0,Casual,Lee Cooper Men Tan Shoes,index
2680,2680.jpg,F:\CEI\Celebal_Excellence_Internship\fashion-visual-search\data\subset\images\2680.jpg,Men,Apparel,Topwear,Tshirts,Blue,Summer,2011.0,Casual,Inkfruit Men's Indian Rule Blue T-shirt,index
16107,16107.jpg,F:\CEI\Celebal_Excellence_Internship\fashion-visual-search\data\subset\images\16107.jpg,Women,Accessories,Eyewear,Sunglasses,Black,Winter,2016.0,Casual,M tv Women My Fab Eyewear Black Sunglasses,index
30038,30038.jpg,F:\CEI\Celebal_Excellence_Internship\fashion-visual-search\data\subset\images\30038.jpg,Men,Accessories,Watches,Watches,White,Winter,2016.0,Casual,SKAGEN DENMARK Men White Dial Watch 233XLSS,index
10107,10107.jpg,F:\CEI\Celebal_Excellence_Internship\fashion-visual-search\data\subset\images\10107.jpg,Men,Accessories,Watches,Watches,Steel,Winter,2016.0,Casual,Fastrack Men Analogue Leather Steel Watches,index
25682,25682.jpg,F:\CEI\Celebal_Excellence_Internship\fashion-visual-search\data\subset\images\25682.jpg,Women,Accessories,Watches,Watches,Black,Winter,2016.0,Casual,Fastrack Women Black Casual Watch,index
44532,44532.jpg,F:\CEI\Celebal_Excellence_Internship\fashion-visual-search\data\subset\images\44532.jpg,Men,Footwear,Sandal,Sandals,Black,Summer,2012.0,Casual,Coolers Men Black Sandals,index
26367,26367.jpg,F:\CEI\Celebal_Excellence_Internship\fashion-visual-search\data\subset\images\26367.jpg,Women,Apparel,Topwear,Shirts,Lavender,Summer,2012.0,,Arrow Woman Lavender Shirt,index
5377,5377.jpg,F:\CEI\Celebal_Excellence_Internship\fashion-visual-search\data\subset\images\5377.jpg,Unisex,Footwear,Shoes,Sports Shoes,Black,,2011.0,Sports,Btwin Road Shoes 5,index
38665,38665.jpg,F:\CEI\Celebal_Excellence_Internship\fashion-visual-search\data\subset\images\38665.jpg,Men,Footwear,Shoes,Sports Shoes,Black,Summer,2012.0,Sports,Nike Men Lunarfly Black Sports Shoes,index
22921,22921.jpg,F:\CEI\Celebal_Excellence_Internship\fashion-visual-search\data\subset\images\22921.jpg,Women,Accessories,Watches,Watches,Blue,Winter,2016.0,Casual,Fastrack Women Blue Dial Watch 9911PP03,index
10306,10306.jpg,F:\CEI\Celebal_Excellence_Internship\fashion-visual-search\data\subset\images\10306.jpg,Men,Footwear,Shoes,Casual Shoes,Grey,Fall,2011.0,Casual,Clarks Men Rocco Fuse Leather Grey Casual Shoes,index
18493,18493.jpg,F:\CEI\Celebal_Excellence_Internship\fashion-visual-search\data\subset\images\18493.jpg,Men,Footwear,Sandal,Sandals,Multi,Fall,2011.0,Casual,Puma Men Duncan Multi Slipper,index
5427,5427.jpg,F:\CEI\Celebal_Excellence_Internship\fashion-visual-search\data\subset\images\5427.jpg,Boys,Apparel,Topwear,Tshirts,Red,Summer,2011.0,Casual,Ant Kids Boy's Red Cartoon Pop Kidswear,index
28408,28408.jpg,F:\CEI\Celebal_Excellence_Internship\fashion-visual-search\data\subset\images\28408.jpg,Men,Accessories,Eyewear,Sunglasses,Metallic,Winter,2016.0,Casual,Idee Men Metallic Sunglasses,index
34733,34733.jpg,F:\CEI\Celebal_Excellence_Internship\fashion-visual-search\data\subset\images\34733.jpg,Women,Footwear,Shoes,Sports Shoes,Blue,Summer,2012.0,Sports,Puma Women Faas 300 Blue & Pink Sports Shoes,index
23675,23675.jpg,F:\CEI\Celebal_Excellence_Internship\fashion-visual-search\data\subset\images\23675.jpg,Men,Footwear,Sandal,Sandals,Black,Winter,2018.0,Casual,Red Tape Men Black Casual Sandals,index
46464,46464.jpg,F:\CEI\Celebal_Excellence_Internship\fashion-visual-search\data\subset\images\46464.jpg,Women,Accessories,Watches,Watches,Black,Winter,2016.0,Casual,Timex Women Black Dial Watch,index
34873,34873.jpg,F:\CEI\Celebal_Excellence_Internship\fashion-visual-search\data\subset\images\34873.jpg,Women,Accessories,Bags,Handbags,Multi,Summer,2012.0,Casual,Envirosax Women Multi Coloured Bag,index
46884,46884.jpg,F:\CEI\Celebal_Excellence_Internship\fashion-visual-search\data\subset\images\46884.jpg,Boys,Footwear,Shoes,Casual Shoes,Black,Fall,2012.0,Casual,Ben 10 Boys Black Casual Shoes,index
10706,10706.jpg,F:\CEI\Celebal_Excellence_Internship\fashion-visual-search\data\subset\images\10706.jpg,Women,Accessories,Watches,Watches,Gold,Winter,2016.0,Casual,Esprit Women Lissomy Two Tone Gold Watches,index
10317,10317.jpg,F:\CEI\Celebal_Excellence_Internship\fashion-visual-search\data\subset\images\10317.jpg,Women,Accessories,Watches,Watches,Silver,Winter,2016.0,Casual,Esprit Women Purple Silicon Silver Watches,index
21351,21351.jpg,F:\CEI\Celebal_Excellence_Internship\fashion-visual-search\data\subset\images\21351.jpg,Women,Accessories,Eyewear,Sunglasses,Black,Winter,2016.0,Casual,Van Heusen Women Black Oversized Sunglasses VH163-C1,index
4920,4920.jpg,F:\CEI\Celebal_Excellence_Internship\fashion-visual-search\data\subset\images\4920.jpg,Women,Apparel,Topwear,Tops,Pink,Summer,2011.0,Casual,Gini and Jony Girl's Veeya Pink Infant Kidswear,index
4319,4319.jpg,F:\CEI\Celebal_Excellence_Internship\fashion-visual-search\data\subset\images\4319.jpg,Unisex,Apparel,Topwear,Tshirts,Blue,Summer,2011.0,Casual,Tantra Kid's Unisex Free Spirit Turquoise Kidswear,index
22164,22164.jpg,F:\CEI\Celebal_Excellence_Internship\fashion-visual-search\data\subset\images\22164.jpg,Men,Footwear,Shoes,Casual Shoes,Brown,Fall,2012.0,Casual,Timberland Men Brown Casual Shoes,index
22575,22575.jpg,F:\CEI\Celebal_Excellence_Internship\fashion-visual-search\data\subset\images\22575.jpg,Men,Apparel,Topwear,Shirts,Red,Summer,2011.0,Casual,Highlander Men Check Red Shirt,index
33659,33659.jpg,F:\CEI\Celebal_Excellence_Internship\fashion-visual-search\data\subset\images\33659.jpg,Men,Footwear,Sandal,Sandals,Brown,Summer,2012.0,Casual,Lotto Men Sting II Brown & Black Sandals,index
10198,10198.jpg,F:\CEI\Celebal_Excellence_Internship\fashion-visual-search\data\subset\images\10198.jpg,Women,Accessories,Bags,Handbags,Beige,Winter,2015.0,Casual,Murcia Women Hddcs Beige Handbags,index
5108,5108.jpg,F:\CEI\Celebal_Excellence_Internship\fashion-visual-search\data\subset\images\5108.jpg,Women,Apparel,Topwear,Tops,Blue,Summer,2011.0,Casual,Wrangler Women Yoke Tucks Check Blue Black Top,index
7704,7704.jpg,F:\CEI\Celebal_Excellence_Internship\fashion-visual-search\data\subset\images\7704.jpg,Women,Apparel,Topwear,Tops,Red,Fall,2011.0,Casual,Jealous 21 Women's She's Got Attitude Red Top,index
57061,57061.jpg,F:\CEI\Celebal_Excellence_Internship\fashion-visual-search\data\subset\images\57061.jpg,Women,Apparel,Dress,Dresses,Black,Summer,2012.0,Casual,Elle Women Black Dress,index
42653,42653.jpg,F:\CEI\Celebal_Excellence_Internship\fashion-visual-search\data\subset\images\42653.jpg,Women,Apparel,Topwear,Kurtas,Black,Summer,2012.0,Ethnic,Alma Women Black Printed Kurta,index
24547,24547.jpg,F:\CEI\Celebal_Excellence_Internship\fashion-visual-search\data\subset\images\24547.jpg,Women,Apparel,Topwear,Tops,Blue,Fall,2011.0,Ethnic,Mother Earth Women Blue Top,index
13726,13726.jpg,F:\CEI\Celebal_Excellence_Internship\fashion-visual-search\data\subset\images\13726.jpg,Women,Footwear,Shoes,Casual Shoes,Blue,Fall,2011.0,Casual,ADIDAS Women Blue Adi light casual Shoe,index
11546,11546.jpg,F:\CEI\Celebal_Excellence_Internship\fashion-visual-search\data\subset\images\11546.jpg,Women,Apparel,Topwear,Kurtas,Grey,Summer,2011.0,Ethnic,W Women Printed Grey Kurtas,index
22611,22611.jpg,F:\CEI\Celebal_Excellence_Internship\fashion-visual-search\data\subset\images\22611.jpg,Men,Apparel,Topwear,Tshirts,Green,Fall,2011.0,Sports,Nike Men Green Jersey,index
32366,32366.jpg,F:\CEI\Celebal_Excellence_Internship\fashion-visual-search\data\subset\images\32366.jpg,Men,Accessories,Watches,Watches,Black,Winter,2016.0,Casual,Q&Q Men Black Watch,index
39994,39994.jpg,F:\CEI\Celebal_Excellence_Internship\fashion-visual-search\data\subset\images\39994.jpg,Men,Accessories,Eyewear,Sunglasses,Metallic,Winter,2016.0,Casual,Park Avenue Men Metallic Frame Sunglasses,index
7099,7099.jpg,F:\CEI\Celebal_Excellence_Internship\fashion-visual-search\data\subset\images\7099.jpg,Unisex,Accessories,Bags,Handbags,Grey,Winter,2015.0,Casual,Wildcraft Unisex Grey Camera Bag,index
28652,28652.jpg,F:\CEI\Celebal_Excellence_Internship\fashion-visual-search\data\subset\images\28652.jpg,Men,Footwear,Shoes,Sports Shoes,Black,Summer,2012.0,Sports,Nike Men Tiempo Natural IV Black Sports Shoes,index
36433,36433.jpg,F:\CEI\Celebal_Excellence_Internship\fashion-visual-search\data\subset\images\36433.jpg,Men,Footwear,Shoes,Casual Shoes,Black,Spring,2013.0,Casual,Spinn Men Conniver Black Shoes,index
43574,43574.jpg,F:\CEI\Celebal_Excellence_Internship\fashion-visual-search\data\subset\images\43574.jpg,Girls,Apparel,Topwear,Tops,White,Summer,2012.0,Casual,Gini and Jony Girls Knits White Top,index
37070,37070.jpg,F:\CEI\Celebal_Excellence_Internship\fashion-visual-search\data\subset\images\37070.jpg,Women,Accessories,Bags,Handbags,Brown,Summer,2012.0,Casual,Lino Perros Women Brown Handbag,index
22796,22796.jpg,F:\CEI\Celebal_Excellence_Internship\fashion-visual-search\data\subset\images\22796.jpg,Men,Apparel,Topwear,Tshirts,Green,Fall,2011.0,Casual,Manchester United Men Green Tshirt,index
49879,49879.jpg,F:\CEI\Celebal_Excellence_Internship\fashion-visual-search\data\subset\images\49879.jpg,Women,Accessories,Watches,Watches,Gold,Winter,2016.0,Casual,Q&Q Women Ladies ANALOG Gold Watches,index
27887,27887.jpg,F:\CEI\Celebal_Excellence_Internship\fashion-visual-search\data\subset\images\27887.jpg,Women,Apparel,Topwear,Shirts,White,Summer,2012.0,Formal,Scullers For Her White Check Shirt,index
48206,48206.jpg,F:\CEI\Celebal_Excellence_Internship\fashion-visual-search\data\subset\images\48206.jpg,Men,Accessories,Eyewear,Sunglasses,Black,Winter,2016.0,Casual,United Colors of Benetton Men Black Sunglasses,index
44522,44522.jpg,F:\CEI\Celebal_Excellence_Internship\fashion-visual-search\data\subset\images\44522.jpg,Men,Footwear,Sandal,Sandals,White,Fall,2012.0,Casual,Coolers Men White Sandals,index
17179,17179.jpg,F:\CEI\Celebal_Excellence_Internship\fashion-visual-search\data\subset\images\17179.jpg,Men,Apparel,Topwear,Shirts,White,Winter,2016.0,Casual,U.S. Polo Assn. Men Solid White Shirt,index
50719,50719.jpg,F:\CEI\Celebal_Excellence_Internship\fashion-visual-search\data\subset\images\50719.jpg,Girls,Apparel,Topwear,Tops,Red,Summer,2012.0,Casual,Doodle Girls Red Printed Top,index
31554,31554.jpg,F:\CEI\Celebal_Excellence_Internship\fashion-visual-search\data\subset\images\31554.jpg,Men,Footwear,Shoes,Casual Shoes,Khaki,Summer,2016.0,Casual,Woodland Men Khaki Casual Shoes,index
2348,2348.jpg,F:\CEI\Celebal_Excellence_Internship\fashion-visual-search\data\subset\images\2348.jpg,Men,Apparel,Topwear,Tshirts,Blue,Fall,2010.0,Casual,Reebok Men Basketball Blue T-shirt,index
7583,7583.jpg,F:\CEI\Celebal_Excellence_Internship\fashion-visual-search\data\subset\images\7583.jpg,Men,Apparel,Topwear,Tshirts,White,Summer,2011.0,Sports,Nike Men's As Cruiser T-Shirts,index
21913,21913.jpg,F:\CEI\Celebal_Excellence_Internship\fashion-visual-search\data\subset\images\21913.jpg,Women,Apparel,Topwear,Kurtas,Red,Fall,2011.0,Ethnic,BIBA Women Printed Red Kurta,index
21481,21481.jpg,F:\CEI\Celebal_Excellence_Internship\fashion-visual-search\data\subset\images\21481.jpg,Men,Accessories,Watches,Watches,White,Winter,2016.0,Casual,Ice Men XXL White Watch,index
11789,11789.jpg,F:\CEI\Celebal_Excellence_Internship\fashion-visual-search\data\subset\images\11789.jpg,Women,Apparel,Topwear,Kurtas,Pink,Fall,2011.0,Ethnic,Vishudh Women Pigment Print Pink Kurtas,index
25183,25183.jpg,F:\CEI\Celebal_Excellence_Internship\fashion-visual-search\data\subset\images\25183.jpg,Women,Accessories,Bags,Handbags,Brown,Winter,2015.0,Casual,Lino Perros Women Leatherite Brown Handbag,index
1649,1649.jpg,F:\CEI\Celebal_Excellence_Internship\fashion-visual-search\data\subset\images\1649.jpg,Unisex,Footwear,Shoes,Casual Shoes,Blue,Spring,2012.0,Casual,Newfeel Unisex Comfy Cool Blue Shoe,index
6403,6403.jpg,F:\CEI\Celebal_Excellence_Internship\fashion-visual-search\data\subset\images\6403.jpg,Men,Footwear,Sandal,Sandals,Grey,Summer,2011.0,Casual,Lotto Men Quick Sports Grey Floater,index
26044,26044.jpg,F:\CEI\Celebal_Excellence_Internship\fashion-visual-search\data\subset\images\26044.jpg,Men,Apparel,Topwear,Shirts,Pink,Summer,2012.0,Formal,John Miller Men Pink Shirt,index
43641,43641.jpg,F:\CEI\Celebal_Excellence_Internship\fashion-visual-search\data\subset\images\43641.jpg,Women,Apparel,Topwear,Tops,Black,Summer,2012.0,Casual,Vero Moda Women Black Top,index
7362,7362.jpg,F:\CEI\Celebal_Excellence_Internship\fashion-visual-search\data\subset\images\7362.jpg,Women,Apparel,Topwear,Tops,Blue,Summer,2011.0,Casual,UCB Women's Graphic Print Sequins Blue Top,index
43646,43646.jpg,F:\CEI\Celebal_Excellence_Internship\fashion-visual-search\data\subset\images\43646.jpg,Women,Apparel,Dress,Dresses,Blue,Summer,2012.0,Casual,ONLY Women Blue Dress,index
21326,21326.jpg,F:\CEI\Celebal_Excellence_Internship\fashion-visual-search\data\subset\images\21326.jpg,Men,Accessories,Eyewear,Sunglasses,Green,Winter,2016.0,Casual,Louis Philippe Men Aviator Sunglasses LP201-C3,index
7168,7168.jpg,F:\CEI\Celebal_Excellence_Internship\fashion-visual-search\data\subset\images\7168.jpg,Men,Apparel,Topwear,Shirts,Blue,Fall,2011.0,Casual,Scullers Men Scul Blue White Shirt,index
43659,43659.jpg,F:\CEI\Celebal_Excellence_Internship\fashion-visual-search\data\subset\images\43659.jpg,Women,Apparel,Dress,Dresses,Pink,Summer,2012.0,Casual,ONLY Women Pink Dress,index
40285,40285.jpg,F:\CEI\Celebal_Excellence_Internship\fashion-visual-search\data\subset\images\40285.jpg,Unisex,Footwear,Sandal,Sandals,Green,Spring,2013.0,Casual,Warner Bros kids Unisex Green Sandals,index
57520,57520.jpg,F:\CEI\Celebal_Excellence_Internship\fashion-visual-search\data\subset\images\57520.jpg,Men,Footwear,Shoes,Casual Shoes,Brown,Fall,2012.0,Casual,Provogue Men Brown Casual Shoes,index
29432,29432.jpg,F:\CEI\Celebal_Excellence_Internship\fashion-visual-search\data\subset\images\29432.jpg,Men,Accessories,Watches,Watches,Black,Winter,2016.0,Casual,Giordano Men Black Dial Watch,index
57128,57128.jpg,F:\CEI\Celebal_Excellence_Internship\fashion-visual-search\data\subset\images\57128.jpg,Women,Apparel,Topwear,Shirts,Grey,Summer,2012.0,Casual,Elle Women Grey Retro Top,index
2661,2661.jpg,F:\CEI\Celebal_Excellence_Internship\fashion-visual-search\data\subset\images\2661.jpg,Women,Accessories,Bags,Handbags,Pink,Winter,2015.0,Casual,Murcia Women Jute Sling Pink Bag,index
10406,10406.jpg,F:\CEI\Celebal_Excellence_Internship\fashion-visual-search\data\subset\images\10406.jpg,Women,Apparel,Dress,Dresses,Grey,Fall,2011.0,Casual,United Colors of Benetton Women Solid Grey Dresses,index
24234,24234.jpg,F:\CEI\Celebal_Excellence_Internship\fashion-visual-search\data\subset\images\24234.jpg,Women,Apparel,Topwear,Kurtas,Brown,Fall,2011.0,Ethnic,La-Emotio Women Brown Kurta,index
10217,10217.jpg,F:\CEI\Celebal_Excellence_Internship\fashion-visual-search\data\subset\images\10217.jpg,Women,Accessories,Bags,Handbags,Pink,Winter,2015.0,Casual,Murcia Women Kkhh Pink Handbags,index
26376,26376.jpg,F:\CEI\Celebal_Excellence_Internship\fashion-visual-search\data\subset\images\26376.jpg,Men,Apparel,Topwear,Shirts,Blue,Summer,2012.0,Formal,Turtle Men Blue Shirt,index
8091,8091.jpg,F:\CEI\Celebal_Excellence_Internship\fashion-visual-search\data\subset\images\8091.jpg,Men,Footwear,Shoes,Sports Shoes,White,Fall,2011.0,Sports,ADIDAS Men Galaxy Elite White Sports Shoes,index
38828,38828.jpg,F:\CEI\Celebal_Excellence_Internship\fashion-visual-search\data\subset\images\38828.jpg,Women,Apparel,Dress,Dresses,Teal,Summer,2012.0,Casual,Latin Quarters Women Teal Dress,index
15890,15890.jpg,F:\CEI\Celebal_Excellence_Internship\fashion-visual-search\data\subset\images\15890.jpg,Girls,Footwear,Sandal,Sandals,Pink,Spring,2013.0,Casual,Warner Bros Kids Girls TW Rainbow Clog Pink Sandals,index
52816,52816.jpg,F:\CEI\Celebal_Excellence_Internship\fashion-visual-search\data\subset\images\52816.jpg,Men,Accessories,Watches,Watches,Black,Winter,2016.0,Casual,Morellato Men Black Watch,index
41435,41435.jpg,F:\CEI\Celebal_Excellence_Internship\fashion-visual-search\data\subset\images\41435.jpg,Men,Footwear,Shoes,Sports Shoes,White,Fall,2012.0,Sports,Lee Cooper Men White Sports Shoes,index
26872,26872.jpg,F:\CEI\Celebal_Excellence_Internship\fashion-visual-search\data\subset\images\26872.jpg,Women,Apparel,Topwear,Tops,White,Summer,2012.0,Casual,Jealous 21 Women White Top,index
39027,39027.jpg,F:\CEI\Celebal_Excellence_Internship\fashion-visual-search\data\subset\images\39027.jpg,Men,Accessories,Watches,Watches,Black,Winter,2016.0,Casual,CASIO ENTICER Men Black Dial Watch A641,index
31643,31643.jpg,F:\CEI\Celebal_Excellence_Internship\fashion-visual-search\data\subset\images\31643.jpg,Men,Apparel,Topwear,Shirts,Purple,Summer,2012.0,Casual,Indigo Nation Men Purple Shirt,index
47339,47339.jpg,F:\CEI\Celebal_Excellence_Internship\fashion-visual-search\data\subset\images\47339.jpg,Women,Accessories,Bags,Handbags,Navy Blue,Summer,2015.0,Casual,Baggit Women Navy Blue Sling Bag,index
9485,9485.jpg,F:\CEI\Celebal_Excellence_Internship\fashion-visual-search\data\subset\images\9485.jpg,Unisex,Accessories,Bags,Handbags,Black,Winter,2013.0,Casual,Puma Unisex Black Foundation Shoulder Bag,index
11813,11813.jpg,F:\CEI\Celebal_Excellence_Internship\fashion-visual-search\data\subset\images\11813.jpg,Women,Apparel,Topwear,Kurtas,Pink,Fall,2011.0,Ethnic,Vishudh Women Pigment Print Pink Kurtas,index
39226,39226.jpg,F:\CEI\Celebal_Excellence_Internship\fashion-visual-search\data\subset\images\39226.jpg,Women,Apparel,Dress,Dresses,Black,Summer,2012.0,Casual,Femella Women Black Tiered Dress,index
33734,33734.jpg,F:\CEI\Celebal_Excellence_Internship\fashion-visual-search\data\subset\images\33734.jpg,Women,Accessories,Bags,Handbags,Navy Blue,Winter,2012.0,Casual,Pieces Women Navy Blue Zaki Handbag,index
29019,29019.jpg,F:\CEI\Celebal_Excellence_Internship\fashion-visual-search\data\subset\images\29019.jpg,Men,Apparel,Topwear,Tshirts,Navy Blue,Summer,2012.0,Casual,ADIDAS Men Color Block Navy Blue T-shirt,index
34872,34872.jpg,F:\CEI\Celebal_Excellence_Internship\fashion-visual-search\data\subset\images\34872.jpg,Women,Accessories,Bags,Handbags,Blue,Summer,2012.0,Casual,Envirosax Women Blue Bag,index
15400,15400.jpg,F:\CEI\Celebal_Excellence_Internship\fashion-visual-search\data\subset\images\15400.jpg,Men,Footwear,Shoes,Sports Shoes,White,Fall,2011.0,Sports,FILA Men FILA Runner White Sports Shoes,index
29919,29919.jpg,F:\CEI\Celebal_Excellence_Internship\fashion-visual-search\data\subset\images\29919.jpg,Men,Accessories,Watches,Watches,Black,Winter,2016.0,Casual,Police Men Black Dial Chronograph Watch PL12699JS-02,index
14815,14815.jpg,F:\CEI\Celebal_Excellence_Internship\fashion-visual-search\data\subset\images\14815.jpg,Women,Accessories,Bags,Handbags,Lavender,Summer,2011.0,Casual,United Colors of Benetton Women Solid Lavender Handbags,index
18743,18743.jpg,F:\CEI\Celebal_Excellence_Internship\fashion-visual-search\data\subset\images\18743.jpg,Women,Apparel,Topwear,Tops,Orange,Fall,2011.0,Casual,Arrow Woman Cameron Orange Top,index
39363,39363.jpg,F:\CEI\Celebal_Excellence_Internship\fashion-visual-search\data\subset\images\39363.jpg,Men,Accessories,Watches,Watches,Black,Winter,2016.0,Casual,Helix Men Black Watch,index
53981,53981.jpg,F:\CEI\Celebal_Excellence_Internship\fashion-visual-search\data\subset\images\53981.jpg,Women,Accessories,Bags,Handbags,Yellow,Summer,2012.0,Casual,Kiara Women Burnt Yellow Sling Bag,index
17739,17739.jpg,F:\CEI\Celebal_Excellence_Internship\fashion-visual-search\data\subset\images\17739.jpg,Women,Footwear,Shoes,Sports Shoes,White,Fall,2011.0,Sports,Puma Women Body Train White Sports Shoe,index
59369,59369.jpg,F:\CEI\Celebal_Excellence_Internship\fashion-visual-search\data\subset\images\59369.jpg,Women,Apparel,Topwear,Kurtas,Black,Summer,2012.0,Ethnic,Vishudh Women Black & White Kurta,index
19278,19278.jpg,F:\CEI\Celebal_Excellence_Internship\fashion-visual-search\data\subset\images\19278.jpg,Women,Accessories,Watches,Watches,Silver,Winter,2016.0,Casual,Guess Women G Hype Silver Watch,index
3310,3310.jpg,F:\CEI\Celebal_Excellence_Internship\fashion-visual-search\data\subset\images\3310.jpg,Women,Footwear,Shoes,Sports Shoes,White,Spring,2011.0,Sports,Asics Women Gel Cushioning White Pink Lime Shoe,index
54980,54980.jpg,F:\CEI\Celebal_Excellence_Internship\fashion-visual-search\data\subset\images\54980.jpg,Women,Apparel,Dress,Dresses,Grey,Summer,2012.0,Casual,Femella Women Grey & Coral Dress,index
4076,4076.jpg,F:\CEI\Celebal_Excellence_Internship\fashion-visual-search\data\subset\images\4076.jpg,Women,Footwear,Shoes,Casual Shoes,Red,Summer,2011.0,Casual,Numero Uno Women Road Rage Red Shoe,index
41777,41777.jpg,F:\CEI\Celebal_Excellence_Internship\fashion-visual-search\data\subset\images\41777.jpg,Women,Apparel,Topwear,Tops,Pink,Summer,2012.0,Casual,Remanika Women Pink Top,index
44503,44503.jpg,F:\CEI\Celebal_Excellence_Internship\fashion-visual-search\data\subset\images\44503.jpg,Women,Footwear,Shoes,Casual Shoes,Grey,Summer,2012.0,Casual,Gliders Women Grey & Orange Shoes,index
5401,5401.jpg,F:\CEI\Celebal_Excellence_Internship\fashion-visual-search\data\subset\images\5401.jpg,Women,Footwear,Shoes,Sports Shoes,Blue,,2011.0,Sports,Kalenji Ekiden 100  Lady Blue 2011,index
46458,46458.jpg,F:\CEI\Celebal_Excellence_Internship\fashion-visual-search\data\subset\images\46458.jpg,Women,Accessories,Watches,Watches,Brown,Winter,2016.0,Smart Casual,Timex Women Brown Dial Watch,index
9130,9130.jpg,F:\CEI\Celebal_Excellence_Internship\fashion-visual-search\data\subset\images\9130.jpg,Men,Footwear,Shoes,Casual Shoes,Grey,Fall,2011.0,Casual,Puma Men Osu NM Grey Casual Shoes,index
23325,23325.jpg,F:\CEI\Celebal_Excellence_Internship\fashion-visual-search\data\subset\images\23325.jpg,Women,Apparel,Topwear,Kurtas,Brown,Fall,2011.0,Ethnic,W Women Brown Printed Kurta,index
4759,4759.jpg,F:\CEI\Celebal_Excellence_Internship\fashion-visual-search\data\subset\images\4759.jpg,Men,Apparel,Topwear,Tshirts,Blue,Summer,2011.0,Sports,ADIDAS Men's Star Polo Lead Blue T-shirt,index
42556,42556.jpg,F:\CEI\Celebal_Excellence_Internship\fashion-visual-search\data\subset\images\42556.jpg,Women,Apparel,Topwear,Kurtas,Brown,Summer,2012.0,Ethnic,Mother Earth Women Brown Kurtas,index
54941,54941.jpg,F:\CEI\Celebal_Excellence_Internship\fashion-visual-search\data\subset\images\54941.jpg,Women,Apparel,Topwear,Tops,Teal,Summer,2012.0,Casual,Do u speak green Women Teal Top,index
42936,42936.jpg,F:\CEI\Celebal_Excellence_Internship\fashion-visual-search\data\subset\images\42936.jpg,Men,Accessories,Bags,Handbags,Khaki,Summer,2012.0,Casual,French Connection Men Khaki Handbag,index
56714,56714.jpg,F:\CEI\Celebal_Excellence_Internship\fashion-visual-search\data\subset\images\56714.jpg,Women,Apparel,Topwear,Kurtas,White,Summer,2012.0,Ethnic,Folklore Women Pink & Green Printed Kurta,index
23790,23790.jpg,F:\CEI\Celebal_Excellence_Internship\fashion-visual-search\data\subset\images\23790.jpg,Men,Accessories,Eyewear,Sunglasses,Black,Winter,2016.0,Casual,Oakley Men Pit Bull Black Sunglasses,index
56660,56660.jpg,F:\CEI\Celebal_Excellence_Internship\fashion-visual-search\data\subset\images\56660.jpg,Men,Footwear,Shoes,Casual Shoes,Olive,Summer,2012.0,Casual,United Colors of Benetton Men Olive Shoes,index
35545,35545.jpg,F:\CEI\Celebal_Excellence_Internship\fashion-visual-search\data\subset\images\35545.jpg,Girls,Footwear,Sandal,Sandals,Brown,Summer,2012.0,Casual,Enroute Teens Brown Sandals,index
25333,25333.jpg,F:\CEI\Celebal_Excellence_Internship\fashion-visual-search\data\subset\images\25333.jpg,Women,Accessories,Watches,Watches,Black,Winter,2016.0,Casual,CASIO Sheen Women Analogue Watche SH110,index
26958,26958.jpg,F:\CEI\Celebal_Excellence_Internship\fashion-visual-search\data\subset\images\26958.jpg,Women,Apparel,Topwear,Shirts,Teal,Summer,2012.0,Casual,Jealous 21 Women Teal Shirt,index
34635,34635.jpg,F:\CEI\Celebal_Excellence_Internship\fashion-visual-search\data\subset\images\34635.jpg,Men,Footwear,Shoes,Casual Shoes,Black,Summer,2012.0,Casual,Lotto Men XD III Black Shoes,index
29241,29241.jpg,F:\CEI\Celebal_Excellence_Internship\fashion-visual-search\data\subset\images\29241.jpg,Men,Footwear,Shoes,Sports Shoes,White,Summer,2012.0,Sports,ADIDAS Men Advent White Sports Shoes,index
44523,44523.jpg,F:\CEI\Celebal_Excellence_Internship\fashion-visual-search\data\subset\images\44523.jpg,Men,Footwear,Sandal,Sandals,Brown,Summer,2012.0,Casual,Coolers Men Brown Sandals,index
54631,54631.jpg,F:\CEI\Celebal_Excellence_Internship\fashion-visual-search\data\subset\images\54631.jpg,Men,Accessories,Watches,Watches,Steel,Winter,2016.0,Casual,Fastrack Men White Dial Watch,index
8974,8974.jpg,F:\CEI\Celebal_Excellence_Internship\fashion-visual-search\data\subset\images\8974.jpg,Men,Footwear,Shoes,Sports Shoes,Black,Fall,2011.0,Sports,Puma Men Drift Cat III NM Black Sports Shoes,index
18498,18498.jpg,F:\CEI\Celebal_Excellence_Internship\fashion-visual-search\data\subset\images\18498.jpg,Men,Footwear,Sandal,Sandals,Black,Fall,2011.0,Casual,Puma Men Gypse-II Black Sandals,index
6782,6782.jpg,F:\CEI\Celebal_Excellence_Internship\fashion-visual-search\data\subset\images\6782.jpg,Men,Apparel,Topwear,Shirts,Blue,Winter,2012.0,Casual,Timberland Men Claremont Green and Blue Check Shirt,index
11564,11564.jpg,F:\CEI\Celebal_Excellence_Internship\fashion-visual-search\data\subset\images\11564.jpg,Women,Apparel,Topwear,Kurtas,Purple,Summer,2011.0,Ethnic,W Women Printed Purple  Kurtas,index
21569,21569.jpg,F:\CEI\Celebal_Excellence_Internship\fashion-visual-search\data\subset\images\21569.jpg,Men,Footwear,Shoes,Casual Shoes,Black,Summer,2012.0,Casual,Numero Uno Men Casual Black Shoes,index
39734,39734.jpg,F:\CEI\Celebal_Excellence_Internship\fashion-visual-search\data\subset\images\39734.jpg,Women,Apparel,Topwear,Shirts,Pink,Summer,2012.0,Casual,Arrow Woman Pink & Yellow Check Shirt,index
45838,45838.jpg,F:\CEI\Celebal_Excellence_Internship\fashion-visual-search\data\subset\images\45838.jpg,Women,Apparel,Topwear,Kurtas,Brown,Summer,2012.0,Ethnic,Vishudh Women Light Brown Kurta,index
35661,35661.jpg,F:\CEI\Celebal_Excellence_Internship\fashion-visual-search\data\subset\images\35661.jpg,Men,Footwear,Sandal,Sandals,White,Summer,2012.0,Casual,U.S. Polo Assn. Men White Sandals,index
45938,45938.jpg,F:\CEI\Celebal_Excellence_Internship\fashion-visual-search\data\subset\images\45938.jpg,Men,Accessories,Watches,Watches,Black,Winter,2016.0,Casual,Maxima Men Black Dial Watch,index
48472,48472.jpg,F:\CEI\Celebal_Excellence_Internship\fashion-visual-search\data\subset\images\48472.jpg,Women,Apparel,Dress,Dresses,Black,Summer,2012.0,Casual,French Connection Black Dress,index
27555,27555.jpg,F:\CEI\Celebal_Excellence_Internship\fashion-visual-search\data\subset\images\27555.jpg,Men,Apparel,Topwear,Shirts,Black,Summer,2012.0,Casual,Scullers Men Black Shirt,index
5505,5505.jpg,F:\CEI\Celebal_Excellence_Internship\fashion-visual-search\data\subset\images\5505.jpg,Unisex,Accessories,Bags,Handbags,Grey,Summer,2011.0,Casual,Nike Grey Printed Handheld Bag,index
57058,57058.jpg,F:\CEI\Celebal_Excellence_Internship\fashion-visual-search\data\subset\images\57058.jpg,Women,Apparel,Dress,Dresses,White,Summer,2012.0,Casual,Elle Women Multi Coloured Dress,index
53835,53835.jpg,F:\CEI\Celebal_Excellence_Internship\fashion-visual-search\data\subset\images\53835.jpg,Women,Apparel,Topwear,Kurtas,Blue,Summer,2012.0,Ethnic,Vishudh Women Blue Printed Kurta,index
59984,59984.jpg,F:\CEI\Celebal_Excellence_Internship\fashion-visual-search\data\subset\images\59984.jpg,Women,Apparel,Dress,Dresses,Purple,Fall,2012.0,Party,Avirate Women Purple Dress,index
17684,17684.jpg,F:\CEI\Celebal_Excellence_Internship\fashion-visual-search\data\subset\images\17684.jpg,Women,Footwear,Shoes,Casual Shoes,Grey,Winter,2015.0,Casual,Catwalk Women Ballerina Grey Casual Shoe,index
21892,21892.jpg,F:\CEI\Celebal_Excellence_Internship\fashion-visual-search\data\subset\images\21892.jpg,Women,Apparel,Topwear,Kurtas,Purple,Fall,2011.0,Ethnic,BIBA Women Printed Purple Kurta,index
5492,5492.jpg,F:\CEI\Celebal_Excellence_Internship\fashion-visual-search\data\subset\images\5492.jpg,Men,Apparel,Topwear,Tshirts,Blue,Summer,2011.0,Casual,Mr.Men Men's Cool Indigo T-shirt,index
4927,4927.jpg,F:\CEI\Celebal_Excellence_Internship\fashion-visual-search\data\subset\images\4927.jpg,Women,Apparel,Topwear,Tops,Green,Summer,2011.0,Casual,Gini and Jony Girl's Venice Green Blue Kidswear,index
36815,36815.jpg,F:\CEI\Celebal_Excellence_Internship\fashion-visual-search\data\subset\images\36815.jpg,Women,Apparel,Topwear,Kurtas,Green,Summer,2012.0,Ethnic,Vishudh Women Olive Vishudh Kurta,index
37190,37190.jpg,F:\CEI\Celebal_Excellence_Internship\fashion-visual-search\data\subset\images\37190.jpg,Women,Apparel,Topwear,Tops,Black,Summer,2012.0,Casual,United Colors of Benetton Women Black Top,index
5987,5987.jpg,F:\CEI\Celebal_Excellence_Internship\fashion-visual-search\data\subset\images\5987.jpg,Men,Apparel,Topwear,Shirts,Black,Summer,2011.0,Casual,Highlander Men Black Striped Slim Fit Shirt,index
9023,9023.jpg,F:\CEI\Celebal_Excellence_Internship\fashion-visual-search\data\subset\images\9023.jpg,Men,Footwear,Sandal,Sandals,Black,Winter,2011.0,Formal,Buckaroo Men Lucia Black Sandals,index
59362,59362.jpg,F:\CEI\Celebal_Excellence_Internship\fashion-visual-search\data\subset\images\59362.jpg,Women,Apparel,Topwear,Kurtas,White,Summer,2012.0,Ethnic,Vishudh Women White Printed Kurta,index
59968,59968.jpg,F:\CEI\Celebal_Excellence_Internship\fashion-visual-search\data\subset\images\59968.jpg,Women,Apparel,Dress,Dresses,Black,Fall,2012.0,Party,Avirate Women Black Dress,index
29239,29239.jpg,F:\CEI\Celebal_Excellence_Internship\fashion-visual-search\data\subset\images\29239.jpg,Men,Footwear,Sandal,Sandals,Black,Summer,2012.0,Casual,ADIDAS Men Pural Black Sandals,index
51463,51463.jpg,F:\CEI\Celebal_Excellence_Internship\fashion-visual-search\data\subset\images\51463.jpg,Women,Apparel,Topwear,Tops,Black,Summer,2012.0,Casual,Tonga Women Black Top,index
22631,22631.jpg,F:\CEI\Celebal_Excellence_Internship\fashion-visual-search\data\subset\images\22631.jpg,Women,Apparel,Topwear,Tshirts,Pink,Fall,2011.0,Sports,Nike Women Printed Pink T-shirt,index
11435,11435.jpg,F:\CEI\Celebal_Excellence_Internship\fashion-visual-search\data\subset\images\11435.jpg,Women,Apparel,Topwear,Tops,White,Fall,2011.0,Casual,United Colors of Benetton Women Light Winter White Tops,index
27281,27281.jpg,F:\CEI\Celebal_Excellence_Internship\fashion-visual-search\data\subset\images\27281.jpg,Women,Apparel,Topwear,Kurtas,Brown,Fall,2011.0,Ethnic,Mother Earth Women Light Brown Kurta,index
57993,57993.jpg,F:\CEI\Celebal_Excellence_Internship\fashion-visual-search\data\subset\images\57993.jpg,Women,Apparel,Dress,Dresses,Beige,Fall,2012.0,Casual,Latin Quarters Women Beige Dress,index
32223,32223.jpg,F:\CEI\Celebal_Excellence_Internship\fashion-visual-search\data\subset\images\32223.jpg,Women,Apparel,Topwear,Kurtas,Pink,Summer,2012.0,Ethnic,Fabindia Women Pink & Orange Striped Kurta,index
6015,6015.jpg,F:\CEI\Celebal_Excellence_Internship\fashion-visual-search\data\subset\images\6015.jpg,Men,Apparel,Topwear,Shirts,Black,Summer,2011.0,Casual,Highlander Men Small Black Checked Shirt,index
53657,53657.jpg,F:\CEI\Celebal_Excellence_Internship\fashion-visual-search\data\subset\images\53657.jpg,Women,Accessories,Bags,Handbags,Peach,Summer,2012.0,Casual,Kiara Women Peach Handbag,index
33304,33304.jpg,F:\CEI\Celebal_Excellence_Internship\fashion-visual-search\data\subset\images\33304.jpg,Boys,Apparel,Topwear,Tshirts,Yellow,Summer,2012.0,Casual,Gini and Jony Boys Pack of 2 T-shirts,index
13323,13323.jpg,F:\CEI\Celebal_Excellence_Internship\fashion-visual-search\data\subset\images\13323.jpg,Men,Apparel,Topwear,Shirts,Green,Fall,2011.0,Casual,Gini and Jony Kids Boys Stripes Green Tshirts,index
54660,54660.jpg,F:\CEI\Celebal_Excellence_Internship\fashion-visual-search\data\subset\images\54660.jpg,Women,Accessories,Watches,Watches,Black,Winter,2016.0,Casual,Fastrack Women White Dial  Watch,index
25477,25477.jpg,F:\CEI\Celebal_Excellence_Internship\fashion-visual-search\data\subset\images\25477.jpg,Men,Footwear,Shoes,Sports Shoes,Grey,Summer,2012.0,Sports,Nike Men Lunarfly +3 Grey Sports Shoes,index
33310,33310.jpg,F:\CEI\Celebal_Excellence_Internship\fashion-visual-search\data\subset\images\33310.jpg,Men,Apparel,Topwear,Tshirts,White,Summer,2012.0,Casual,Jack & Jones Men White & Green Polo T-shirt,index
16115,16115.jpg,F:\CEI\Celebal_Excellence_Internship\fashion-visual-search\data\subset\images\16115.jpg,Men,Footwear,Sandal,Sandals,Navy Blue,Fall,2011.0,Casual,Numero Uno Men Casual Navy Blue Slipper,index
40135,40135.jpg,F:\CEI\Celebal_Excellence_Internship\fashion-visual-search\data\subset\images\40135.jpg,Boys,Apparel,Topwear,Tshirts,White,Summer,2012.0,Casual,Gini and Jony Boys Aviator White T-shirt,index
24054,24054.jpg,F:\CEI\Celebal_Excellence_Internship\fashion-visual-search\data\subset\images\24054.jpg,Men,Apparel,Topwear,Tshirts,Blue,Fall,2011.0,Casual,Locomotive Men Printed Blue T-shirt,index
20387,20387.jpg,F:\CEI\Celebal_Excellence_Internship\fashion-visual-search\data\subset\images\20387.jpg,Women,Accessories,Bags,Handbags,Purple,Winter,2015.0,Casual,Baggit Women Bunny Taj Purple Handbag,index
22702,22702.jpg,F:\CEI\Celebal_Excellence_Internship\fashion-visual-search\data\subset\images\22702.jpg,Women,Footwear,Shoes,Casual Shoes,Beige,Fall,2011.0,Casual,Nike Women Beige Dunk High Casual Shoes,index
14053,14053.jpg,F:\CEI\Celebal_Excellence_Internship\fashion-visual-search\data\subset\images\14053.jpg,Men,Apparel,Topwear,Shirts,Blue,Fall,2011.0,Casual,Flying Machine Men Check  Blue Shirts,index
43033,43033.jpg,F:\CEI\Celebal_Excellence_Internship\fashion-visual-search\data\subset\images\43033.jpg,Men,Apparel,Topwear,Shirts,Blue,Summer,2012.0,Formal,Scullers Men Blue Striped Shirt,index
12094,12094.jpg,F:\CEI\Celebal_Excellence_Internship\fashion-visual-search\data\subset\images\12094.jpg,Women,Apparel,Topwear,Kurtas,White,Fall,2011.0,Ethnic,W Women Printed White Kurtas,index
10266,10266.jpg,F:\CEI\Celebal_Excellence_Internship\fashion-visual-search\data\subset\images\10266.jpg,Men,Footwear,Shoes,Casual Shoes,Brown,Fall,2011.0,Casual,Clarks Men Goto Hi Cola Suede Brown Shoes,index
9396,9396.jpg,F:\CEI\Celebal_Excellence_Internship\fashion-visual-search\data\subset\images\9396.jpg,Women,Footwear,Shoes,Sports Shoes,Black,Fall,2011.0,Sports,Nike Women Wmns Lun Black Sports Shoes,index
26706,26706.jpg,F:\CEI\Celebal_Excellence_Internship\fashion-visual-search\data\subset\images\26706.jpg,Men,Footwear,Sandal,Sandals,White,Fall,2011.0,Casual,Nike Men Bennasi Solarsift White Sandals,index
10126,10126.jpg,F:\CEI\Celebal_Excellence_Internship\fashion-visual-search\data\subset\images\10126.jpg,Men,Footwear,Shoes,Sports Shoes,White,Fall,2011.0,Sports,Reebok Men Runtone Action White Sports Shoes,index
42216,42216.jpg,F:\CEI\Celebal_Excellence_Internship\fashion-visual-search\data\subset\images\42216.jpg,Women,Apparel,Dress,Dresses,Black,Fall,2012.0,Casual,Sepia Women Black Dress,index
52650,52650.jpg,F:\CEI\Celebal_Excellence_Internship\fashion-visual-search\data\subset\images\52650.jpg,Women,Accessories,Bags,Handbags,Beige,Summer,2012.0,Casual,Mod'acc Women Beige Handbag,index
5470,5470.jpg,F:\CEI\Celebal_Excellence_Internship\fashion-visual-search\data\subset\images\5470.jpg,Men,Footwear,Shoes,Sports Shoes,Black,Summer,2011.0,Sports,Nike Men's Dunk Low Black Shoe,index
17208,17208.jpg,F:\CEI\Celebal_Excellence_Internship\fashion-visual-search\data\subset\images\17208.jpg,Men,Accessories,Eyewear,Sunglasses,Grey,Winter,2016.0,Casual,United Colors of Benetton Men Funky Eyewear Blue Sunglasses,index
3252,3252.jpg,F:\CEI\Celebal_Excellence_Internship\fashion-visual-search\data\subset\images\3252.jpg,Men,Footwear,Shoes,Sports Shoes,Black,Fall,2010.0,Sports,Puma Men's Suede Archive Black White Shoe,index
48486,48486.jpg,F:\CEI\Celebal_Excellence_Internship\fashion-visual-search\data\subset\images\48486.jpg,Women,Apparel,Dress,Dresses,Green,Winter,2011.0,Casual,French Connection Women Green Dress,index
47128,47128.jpg,F:\CEI\Celebal_Excellence_Internship\fashion-visual-search\data\subset\images\47128.jpg,Women,Accessories,Bags,Handbags,White,Summer,2015.0,Casual,Be For Bag Women White Tote Bag,index
48504,48504.jpg,F:\CEI\Celebal_Excellence_Internship\fashion-visual-search\data\subset\images\48504.jpg,Women,Apparel,Topwear,Tops,Blue,Summer,2012.0,Casual,French Connection Women Blue Top,index
23761,23761.jpg,F:\CEI\Celebal_Excellence_Internship\fashion-visual-search\data\subset\images\23761.jpg,Men,Accessories,Eyewear,Sunglasses,Brown,Winter,2016.0,Casual,Oakley Men Brown Sunglasses,index
24424,24424.jpg,F:\CEI\Celebal_Excellence_Internship\fashion-visual-search\data\subset\images\24424.jpg,Men,Footwear,Shoes,Sports Shoes,White,Summer,2012.0,Sports,ADIDAS Men Vanquish 5 White Sports Shoes,index
28403,28403.jpg,F:\CEI\Celebal_Excellence_Internship\fashion-visual-search\data\subset\images\28403.jpg,Women,Accessories,Eyewear,Sunglasses,Brown,Winter,2016.0,Casual,Idee Women Brown Sunglasses,index
23053,23053.jpg,F:\CEI\Celebal_Excellence_Internship\fashion-visual-search\data\subset\images\23053.jpg,Women,Apparel,Topwear,Tops,Purple,Fall,2011.0,Casual,Arrow Woman Purple Printed Top,index
11616,11616.jpg,F:\CEI\Celebal_Excellence_Internship\fashion-visual-search\data\subset\images\11616.jpg,Women,Apparel,Topwear,Kurtas,Green,Summer,2011.0,Ethnic,W Women Solid Green Kurtas,index
16759,16759.jpg,F:\CEI\Celebal_Excellence_Internship\fashion-visual-search\data\subset\images\16759.jpg,Women,Accessories,Bags,Handbags,White,Winter,2015.0,Casual,Spice Art Women Copper Glass White Handbags,index
14648,14648.jpg,F:\CEI\Celebal_Excellence_Internship\fashion-visual-search\data\subset\images\14648.jpg,Men,Apparel,Topwear,Tshirts,Black,Fall,2011.0,Casual,Probase Men White Grafitti Black Tshirts,index
54974,54974.jpg,F:\CEI\Celebal_Excellence_Internship\fashion-visual-search\data\subset\images\54974.jpg,Women,Apparel,Dress,Dresses,Black,Fall,2012.0,Casual,Femella Women Black Dress,index
4843,4843.jpg,F:\CEI\Celebal_Excellence_Internship\fashion-visual-search\data\subset\images\4843.jpg,Women,Apparel,Topwear,Tshirts,Black,Summer,2011.0,Sports,Sher Singh Women's Black Polo T-shirt,index
54706,54706.jpg,F:\CEI\Celebal_Excellence_Internship\fashion-visual-search\data\subset\images\54706.jpg,Women,Apparel,Topwear,Kurtas,White,Fall,2012.0,Ethnic,Shree Women White Printed Kurta,index
29256,29256.jpg,F:\CEI\Celebal_Excellence_Internship\fashion-visual-search\data\subset\images\29256.jpg,Men,Footwear,Shoes,Sports Shoes,Black,Summer,2012.0,Sports,ADIDAS Men Duramo 4 M Black Sports Shoes,index
40605,40605.jpg,F:\CEI\Celebal_Excellence_Internship\fashion-visual-search\data\subset\images\40605.jpg,Women,Apparel,Topwear,Kurtas,Teal,Summer,2012.0,Ethnic,Span Women Teal Kurta,index
29754,29754.jpg,F:\CEI\Celebal_Excellence_Internship\fashion-visual-search\data\subset\images\29754.jpg,Women,Accessories,Watches,Watches,Silver,Winter,2016.0,Casual,Fossil Women White Dial Chronograph Watch ES2965,index
11363,11363.jpg,F:\CEI\Celebal_Excellence_Internship\fashion-visual-search\data\subset\images\11363.jpg,Men,Apparel,Topwear,Tshirts,Black,Summer,2011.0,Casual,United Colors of Benetton Men Solid Black Tshirt,index
42233,42233.jpg,F:\CEI\Celebal_Excellence_Internship\fashion-visual-search\data\subset\images\42233.jpg,Women,Apparel,Topwear,Tops,Blue,Summer,2012.0,Casual,Sepia Women Blue Top,index
51690,51690.jpg,F:\CEI\Celebal_Excellence_Internship\fashion-visual-search\data\subset\images\51690.jpg,Men,Accessories,Eyewear,Sunglasses,Purple,Winter,2016.0,Casual,Louis Philippe Men Oversized Sunglasses LP226-C3,index
44520,44520.jpg,F:\CEI\Celebal_Excellence_Internship\fashion-visual-search\data\subset\images\44520.jpg,Men,Footwear,Sandal,Sandals,Khaki,Summer,2012.0,Casual,Coolers Men Khaki Sandals,index
19938,19938.jpg,F:\CEI\Celebal_Excellence_Internship\fashion-visual-search\data\subset\images\19938.jpg,Men,Footwear,Shoes,Sports Shoes,White,Fall,2011.0,Sports,Nike Men Egoli TF White Sports Shoes,index
36676,36676.jpg,F:\CEI\Celebal_Excellence_Internship\fashion-visual-search\data\subset\images\36676.jpg,Women,Accessories,Bags,Handbags,Red,Summer,2012.0,Casual,Paridhan Women Red Handbag,index
8704,8704.jpg,F:\CEI\Celebal_Excellence_Internship\fashion-visual-search\data\subset\images\8704.jpg,Women,Accessories,Eyewear,Sunglasses,Red,Winter,2016.0,Casual,Fastrack Women Hip Hop Sunglasses,index
54524,54524.jpg,F:\CEI\Celebal_Excellence_Internship\fashion-visual-search\data\subset\images\54524.jpg,Men,Footwear,Shoes,Sports Shoes,Black,Fall,2012.0,Sports,F Sports Men Black Zero Gravity Sports Shoes,index
5608,5608.jpg,F:\CEI\Celebal_Excellence_Internship\fashion-visual-search\data\subset\images\5608.jpg,Men,Footwear,Sandal,Sandals,Black,Summer,2011.0,Casual,ADIDAS Men Kendall Black Navy Floater,index
32579,32579.jpg,F:\CEI\Celebal_Excellence_Internship\fashion-visual-search\data\subset\images\32579.jpg,Women,Apparel,Topwear,Tops,Turquoise Blue,Summer,2012.0,Casual,ONLY Women Turquoise Chiffon Top,index
4992,4992.jpg,F:\CEI\Celebal_Excellence_Internship\fashion-visual-search\data\subset\images\4992.jpg,Women,Apparel,Dress,Dresses,Yellow,Summer,2011.0,Casual,Gini and Jony Girl's Sara White Yellow Polka Dot Kidswear,index
30314,30314.jpg,F:\CEI\Celebal_Excellence_Internship\fashion-visual-search\data\subset\images\30314.jpg,Men,Apparel,Topwear,Tshirts,Red,Summer,2012.0,Casual,Myntra Men Heavy Weight Red T-shirt,index
5572,5572.jpg,F:\CEI\Celebal_Excellence_Internship\fashion-visual-search\data\subset\images\5572.jpg,Men,Footwear,Shoes,Sports Shoes,Black,Summer,2012.0,Sports,ADIDAS Men's Coleman Khaki Shoe,index
8346,8346.jpg,F:\CEI\Celebal_Excellence_Internship\fashion-visual-search\data\subset\images\8346.jpg,Men,Footwear,Shoes,Sports Shoes,White,Fall,2011.0,Sports,ADIDAS Men Slimsoll White Sports Shoes,index
17230,17230.jpg,F:\CEI\Celebal_Excellence_Internship\fashion-visual-search\data\subset\images\17230.jpg,Men,Accessories,Eyewear,Sunglasses,Black,Winter,2016.0,Casual,United Colors of Benetton Men Funky Eyewear Black Sunglasses,index
47398,47398.jpg,F:\CEI\Celebal_Excellence_Internship\fashion-visual-search\data\subset\images\47398.jpg,Women,Accessories,Bags,Handbags,Brown,Summer,2012.0,Casual,Baggit Women Brown Handbag,index
28177,28177.jpg,F:\CEI\Celebal_Excellence_Internship\fashion-visual-search\data\subset\images\28177.jpg,Men,Accessories,Eyewear,Sunglasses,Green,Winter,2016.0,Casual,Ray-Ban Men Aviator Sunglasses,index
23841,23841.jpg,F:\CEI\Celebal_Excellence_Internship\fashion-visual-search\data\subset\images\23841.jpg,Men,Footwear,Shoes,Casual Shoes,White,Fall,2011.0,Casual,ADIDAS Men White Snipe Lo Casual Shoes,index
59256,59256.jpg,F:\CEI\Celebal_Excellence_Internship\fashion-visual-search\data\subset\images\59256.jpg,Men,Accessories,Watches,Watches,Black,Winter,2016.0,Casual,Titan Men Black Watch,index
51510,51510.jpg,F:\CEI\Celebal_Excellence_Internship\fashion-visual-search\data\subset\images\51510.jpg,Men,Accessories,Watches,Watches,White,Winter,2016.0,Casual,Fastrack Men White Dial Watch,index
12510,12510.jpg,F:\CEI\Celebal_Excellence_Internship\fashion-visual-search\data\subset\images\12510.jpg,Men,Footwear,Shoes,Casual Shoes,Grey,Winter,2018.0,Casual,Red Tape Men Casual Grey Casual Shoes,index
10509,10509.jpg,F:\CEI\Celebal_Excellence_Internship\fashion-visual-search\data\subset\images\10509.jpg,Women,Apparel,Topwear,Tshirts,White,Fall,2011.0,Casual,Flying Machine Women RN HS White Tshirts,index
5373,5373.jpg,F:\CEI\Celebal_Excellence_Internship\fashion-visual-search\data\subset\images\5373.jpg,Women,Footwear,Shoes,Sports Shoes,Pink,Summer,2011.0,Sports,Quechua Women Forclaz 50 Jr 10 Pink Shoes,index
30259,30259.jpg,F:\CEI\Celebal_Excellence_Internship\fashion-visual-search\data\subset\images\30259.jpg,Men,Footwear,Shoes,Casual Shoes,Navy Blue,Winter,2018.0,Casual,Red Tape Men Navy Blue Shoes,index
10403,10403.jpg,F:\CEI\Celebal_Excellence_Internship\fashion-visual-search\data\subset\images\10403.jpg,Women,Apparel,Topwear,Tops,Purple,Fall,2011.0,Casual,Jealous 21 Women Uri Purple Tops,index
21095,21095.jpg,F:\CEI\Celebal_Excellence_Internship\fashion-visual-search\data\subset\images\21095.jpg,Men,Footwear,Sandal,Sandals,Brown,Summer,2011.0,Casual,Clarks Men Vine Call Brown Sandal,index
38846,38846.jpg,F:\CEI\Celebal_Excellence_Internship\fashion-visual-search\data\subset\images\38846.jpg,Women,Apparel,Dress,Dresses,Brown,Summer,2012.0,Casual,Latin Quarters Women Brown Printed Dress,index
17563,17563.jpg,F:\CEI\Celebal_Excellence_Internship\fashion-visual-search\data\subset\images\17563.jpg,Men,Apparel,Topwear,Shirts,Green,Fall,2011.0,Formal,Mark Taylor Men Green & Pink Striped Shirt,index
16884,16884.jpg,F:\CEI\Celebal_Excellence_Internship\fashion-visual-search\data\subset\images\16884.jpg,Men,Accessories,Eyewear,Sunglasses,Brown,Winter,2016.0,Casual,Police Men Casual Brown Sunglasses,index
19310,19310.jpg,F:\CEI\Celebal_Excellence_Internship\fashion-visual-search\data\subset\images\19310.jpg,Men,Footwear,Shoes,Sports Shoes,White,Fall,2011.0,Sports,Nike Men Lunarglide+ 3 White Sports Shoe,index
45000,45000.jpg,F:\CEI\Celebal_Excellence_Internship\fashion-visual-search\data\subset\images\45000.jpg,Men,Accessories,Watches,Watches,Grey,Winter,2016.0,Casual,Maxima Men Black Digital Watch,index
11426,11426.jpg,F:\CEI\Celebal_Excellence_Internship\fashion-visual-search\data\subset\images\11426.jpg,Men,Apparel,Topwear,Shirts,Blue,Fall,2011.0,Casual,United Colors of Benetton Men Light Blue Shirts,index
24099,24099.jpg,F:\CEI\Celebal_Excellence_Internship\fashion-visual-search\data\subset\images\24099.jpg,Men,Footwear,Sandal,Sandals,Black,Summer,2012.0,Casual,Red Tape Men Black Sandals,index
58645,58645.jpg,F:\CEI\Celebal_Excellence_Internship\fashion-visual-search\data\subset\images\58645.jpg,Women,Apparel,Topwear,Kurtas,White,Summer,2012.0,Ethnic,ALayna Women Printed White Kurta,index
28175,28175.jpg,F:\CEI\Celebal_Excellence_Internship\fashion-visual-search\data\subset\images\28175.jpg,Men,Accessories,Eyewear,Sunglasses,White,Winter,2016.0,Casual,Ray-Ban Men Aviator White Sunglasses,index
11951,11951.jpg,F:\CEI\Celebal_Excellence_Internship\fashion-visual-search\data\subset\images\11951.jpg,Men,Footwear,Shoes,Casual Shoes,Blue,Summer,2012.0,Casual,Ganuchi Men Blue Shoes,index
18756,18756.jpg,F:\CEI\Celebal_Excellence_Internship\fashion-visual-search\data\subset\images\18756.jpg,Women,Apparel,Topwear,Shirts,Blue,Fall,2011.0,Casual,Arrow Woman Kiro Blue Shirt,index
12100,12100.jpg,F:\CEI\Celebal_Excellence_Internship\fashion-visual-search\data\subset\images\12100.jpg,Women,Apparel,Topwear,Kurtas,Multi,Fall,2011.0,Ethnic,W Women Multi Colour Printed Kurta,index
26448,26448.jpg,F:\CEI\Celebal_Excellence_Internship\fashion-visual-search\data\subset\images\26448.jpg,Men,Footwear,Shoes,Sports Shoes,Black,Fall,2012.0,Sports,Puma Men Kuris Black Sports Shoes,index
22395,22395.jpg,F:\CEI\Celebal_Excellence_Internship\fashion-visual-search\data\subset\images\22395.jpg,Men,Apparel,Topwear,Shirts,Blue,Fall,2011.0,Casual,Mark Taylor Men Striped Blue Shirt,index
31097,31097.jpg,F:\CEI\Celebal_Excellence_Internship\fashion-visual-search\data\subset\images\31097.jpg,Boys,Apparel,Topwear,Shirts,Blue,Summer,2012.0,Casual,Gini and Jony Boys Check Blue Shirt,index
41140,41140.jpg,F:\CEI\Celebal_Excellence_Internship\fashion-visual-search\data\subset\images\41140.jpg,Women,Apparel,Dress,Dresses,White,Summer,2012.0,Casual,Allen Solly Woman White Dress,index
21498,21498.jpg,F:\CEI\Celebal_Excellence_Internship\fashion-visual-search\data\subset\images\21498.jpg,Women,Accessories,Bags,Handbags,Black,Winter,2015.0,Casual,Kiara Women Black Handbag,index
15200,15200.jpg,F:\CEI\Celebal_Excellence_Internship\fashion-visual-search\data\subset\images\15200.jpg,Men,Apparel,Topwear,Tshirts,Yellow,Fall,2011.0,Casual,Arrow Sport Men Stripes Yellow Polo Tshirts,index
11941,11941.jpg,F:\CEI\Celebal_Excellence_Internship\fashion-visual-search\data\subset\images\11941.jpg,Men,Footwear,Sandal,Sandals,Tan,Fall,2011.0,Casual,Ganuchi Men Casual Tan Sandals,index
59966,59966.jpg,F:\CEI\Celebal_Excellence_Internship\fashion-visual-search\data\subset\images\59966.jpg,Women,Apparel,Dress,Dresses,Black,Fall,2012.0,Party,Avirate Black Polka Dot Dress,index
36429,36429.jpg,F:\CEI\Celebal_Excellence_Internship\fashion-visual-search\data\subset\images\36429.jpg,Men,Footwear,Shoes,Casual Shoes,White,Summer,2012.0,Casual,Spinn Men Brash White Shoes,index
2047,2047.jpg,F:\CEI\Celebal_Excellence_Internship\fashion-visual-search\data\subset\images\2047.jpg,Men,Apparel,Topwear,Tshirts,Navy Blue,Fall,2010.0,Sports,ADIDAS Men's Navy Blue T-shirt,index
37322,37322.jpg,F:\CEI\Celebal_Excellence_Internship\fashion-visual-search\data\subset\images\37322.jpg,Women,Accessories,Watches,Watches,Pink,Winter,2016.0,Casual,CASIO Sheen Women Mother Of Pearl Dial Watch SX019 SHE-4022D-4ADR,index
19635,19635.jpg,F:\CEI\Celebal_Excellence_Internship\fashion-visual-search\data\subset\images\19635.jpg,Women,Apparel,Topwear,Tops,Brown,Fall,2011.0,Casual,United Colors Of Benetton Women Brown Top,index
39221,39221.jpg,F:\CEI\Celebal_Excellence_Internship\fashion-visual-search\data\subset\images\39221.jpg,Women,Apparel,Dress,Dresses,Purple,Summer,2012.0,Casual,Femella Women Purple Dress,index
43584,43584.jpg,F:\CEI\Celebal_Excellence_Internship\fashion-visual-search\data\subset\images\43584.jpg,Girls,Apparel,Topwear,Tops,Pink,Summer,2012.0,Casual,Gini and Jony Girls Pink Top,index
29918,29918.jpg,F:\CEI\Celebal_Excellence_Internship\fashion-visual-search\data\subset\images\29918.jpg,Men,Accessories,Watches,Watches,Grey,Winter,2016.0,Casual,Police Men Grey Dial Watch PL12698JSU,index
48473,48473.jpg,F:\CEI\Celebal_Excellence_Internship\fashion-visual-search\data\subset\images\48473.jpg,Women,Apparel,Dress,Dresses,Blue,Winter,2011.0,Casual,French Connection Women Blue Dress,index
7379,7379.jpg,F:\CEI\Celebal_Excellence_Internship\fashion-visual-search\data\subset\images\7379.jpg,Men,Footwear,Shoes,Casual Shoes,Black,Winter,2018.0,Casual,Red Tape Men's Blk Casual Black Shoe,index
31209,31209.jpg,F:\CEI\Celebal_Excellence_Internship\fashion-visual-search\data\subset\images\31209.jpg,Men,Footwear,Shoes,Sports Shoes,Black,Summer,2012.0,Sports,Nike Men Lunarglide Black Sports Shoes,index
22573,22573.jpg,F:\CEI\Celebal_Excellence_Internship\fashion-visual-search\data\subset\images\22573.jpg,Men,Apparel,Topwear,Shirts,Red,Summer,2011.0,Casual,Highlander Men Check Red Shirt,index
15253,15253.jpg,F:\CEI\Celebal_Excellence_Internship\fashion-visual-search\data\subset\images\15253.jpg,Men,Footwear,Sandal,Sandals,White,Fall,2011.0,Casual,ADIDAS Originals Men Adi Sun M White Slippers,index
29519,29519.jpg,F:\CEI\Celebal_Excellence_Internship\fashion-visual-search\data\subset\images\29519.jpg,Women,Accessories,Watches,Watches,Black,Winter,2016.0,Casual,Playboy Women Black Dial Watch,index
44694,44694.jpg,F:\CEI\Celebal_Excellence_Internship\fashion-visual-search\data\subset\images\44694.jpg,Women,Apparel,Dress,Dresses,White,Summer,2012.0,Casual,Wills Lifestyle Women Multi Coloured Dress,index
40403,40403.jpg,F:\CEI\Celebal_Excellence_Internship\fashion-visual-search\data\subset\images\40403.jpg,Women,Apparel,Topwear,Tops,Beige,Summer,2012.0,Casual,Tonga Women Beige & Brown Top,index
39740,39740.jpg,F:\CEI\Celebal_Excellence_Internship\fashion-visual-search\data\subset\images\39740.jpg,Men,Footwear,Sandal,Sandals,Brown,Summer,2012.0,Casual,Arrow Men Brown Sandals,index
57295,57295.jpg,F:\CEI\Celebal_Excellence_Internship\fashion-visual-search\data\subset\images\57295.jpg,Men,Apparel,Topwear,Shirts,White,Summer,2012.0,Casual,French Connection Men Blue Shirt,index
13521,13521.jpg,F:\CEI\Celebal_Excellence_Internship\fashion-visual-search\data\subset\images\13521.jpg,Women,Apparel,Topwear,Tops,Grey,Fall,2011.0,Casual,Jealous 21 Women Solid Grey Tops,index
3583,3583.jpg,F:\CEI\Celebal_Excellence_Internship\fashion-visual-search\data\subset\images\3583.jpg,Men,Footwear,Sandal,Sandals,Blue,Summer,2011.0,Casual,ADIDAS Men's Blue White Flip Flop,index
24050,24050.jpg,F:\CEI\Celebal_Excellence_Internship\fashion-visual-search\data\subset\images\24050.jpg,Men,Apparel,Topwear,Tshirts,Blue,Fall,2011.0,Casual,Locomotive Men Printed Blue T-shirt,index
8681,8681.jpg,F:\CEI\Celebal_Excellence_Internship\fashion-visual-search\data\subset\images\8681.jpg,Unisex,Accessories,Eyewear,Sunglasses,Blue,Winter,2016.0,Casual,Fastrack Unisex Sunglasses,index
51456,51456.jpg,F:\CEI\Celebal_Excellence_Internship\fashion-visual-search\data\subset\images\51456.jpg,Women,Apparel,Topwear,Tops,Pink,Summer,2012.0,Casual,Tonga Women Pink & White Top,index
11229,11229.jpg,F:\CEI\Celebal_Excellence_Internship\fashion-visual-search\data\subset\images\11229.jpg,Women,Accessories,Watches,Watches,Silver,Winter,2016.0,Casual,Esprit Women Cine Citta Silver Watches,index
52128,52128.jpg,F:\CEI\Celebal_Excellence_Internship\fashion-visual-search\data\subset\images\52128.jpg,Girls,Apparel,Dress,Dresses,Blue,Summer,2012.0,Casual,Doodle Girls Blue Washed Dress,index
39028,39028.jpg,F:\CEI\Celebal_Excellence_Internship\fashion-visual-search\data\subset\images\39028.jpg,Men,Accessories,Watches,Watches,Black,Winter,2016.0,Casual,CASIO ENTICER Men Black Dial Watch A642,index
19400,19400.jpg,F:\CEI\Celebal_Excellence_Internship\fashion-visual-search\data\subset\images\19400.jpg,Men,Apparel,Topwear,Tshirts,Navy Blue,Summer,2011.0,Casual,ADIDAS Men Navy Blue T-shirt,index
57999,57999.jpg,F:\CEI\Celebal_Excellence_Internship\fashion-visual-search\data\subset\images\57999.jpg,Women,Apparel,Dress,Dresses,Brown,Fall,2012.0,Casual,Latin Quarters Women Brown Dress,index
2673,2673.jpg,F:\CEI\Celebal_Excellence_Internship\fashion-visual-search\data\subset\images\2673.jpg,Women,Accessories,Bags,Handbags,Black,Winter,2015.0,Casual,Murcia Women Sleek Black Leatherette Hand Bag,index
22734,22734.jpg,F:\CEI\Celebal_Excellence_Internship\fashion-visual-search\data\subset\images\22734.jpg,Women,Footwear,Shoes,Sports Shoes,Grey,Fall,2011.0,Sports,Nike Women Grey Lunarglide +3 Sports Shoes,index
4884,4884.jpg,F:\CEI\Celebal_Excellence_Internship\fashion-visual-search\data\subset\images\4884.jpg,Women,Apparel,Topwear,Tops,Purple,Summer,2011.0,Casual,Levis Kids Girl's Darcy Purple Teens Kidswear,index
32309,32309.jpg,F:\CEI\Celebal_Excellence_Internship\fashion-visual-search\data\subset\images\32309.jpg,Men,Accessories,Watches,Watches,Black,Winter,2016.0,Casual,Q&Q Men Black Dial Watch,index
54681,54681.jpg,F:\CEI\Celebal_Excellence_Internship\fashion-visual-search\data\subset\images\54681.jpg,Women,Apparel,Topwear,Kurtas,Navy Blue,Fall,2012.0,Ethnic,Shree Women Cream and Navy Blue Printed Kurta,index
16239,16239.jpg,F:\CEI\Celebal_Excellence_Internship\fashion-visual-search\data\subset\images\16239.jpg,Unisex,Footwear,Sandal,Sandals,Pink,Fall,2011.0,Casual,Crocs Beach Unisex Pink Sandal,index
18736,18736.jpg,F:\CEI\Celebal_Excellence_Internship\fashion-visual-search\data\subset\images\18736.jpg,Women,Apparel,Dress,Dresses,Red,Fall,2011.0,Casual,Arrow Woman Rima Red Dress,index
43958,43958.jpg,F:\CEI\Celebal_Excellence_Internship\fashion-visual-search\data\subset\images\43958.jpg,Men,Footwear,Sandal,Sandals,Olive,Fall,2012.0,Casual,Puma Men Olive Techno Ind Sandal,index
54396,54396.jpg,F:\CEI\Celebal_Excellence_Internship\fashion-visual-search\data\subset\images\54396.jpg,Women,Accessories,Bags,Handbags,Black,Summer,2012.0,Casual,Baggit Women Black Sling Bag,index
48470,48470.jpg,F:\CEI\Celebal_Excellence_Internship\fashion-visual-search\data\subset\images\48470.jpg,Women,Apparel,Dress,Dresses,Teal,Summer,2012.0,Casual,French Connection Teal Dress,index
51932,51932.jpg,F:\CEI\Celebal_Excellence_Internship\fashion-visual-search\data\subset\images\51932.jpg,Women,Accessories,Bags,Handbags,Black,Summer,2016.0,Casual,Nyk Women Black Vespa Handbag,index
25457,25457.jpg,F:\CEI\Celebal_Excellence_Internship\fashion-visual-search\data\subset\images\25457.jpg,Men,Footwear,Shoes,Sports Shoes,Black,Summer,2012.0,Sports,Nike Men Zoom Vomero +6 Black Sports Shoes,index
41875,41875.jpg,F:\CEI\Celebal_Excellence_Internship\fashion-visual-search\data\subset\images\41875.jpg,Men,Footwear,Sandal,Sandals,Brown,Fall,2014.0,Casual,Estd. 1977 Men Brown Sandals,index
7925,7925.jpg,F:\CEI\Celebal_Excellence_Internship\fashion-visual-search\data\subset\images\7925.jpg,Men,Apparel,Topwear,Tshirts,Navy Blue,Fall,2011.0,Casual,Proline Men Navy Polo T-shirt,index
37241,37241.jpg,F:\CEI\Celebal_Excellence_Internship\fashion-visual-search\data\subset\images\37241.jpg,Men,Footwear,Shoes,Casual Shoes,Black,Summer,2012.0,Casual,United Colors of Benetton Men Black Shoes,index
54641,54641.jpg,F:\CEI\Celebal_Excellence_Internship\fashion-visual-search\data\subset\images\54641.jpg,Men,Accessories,Watches,Watches,Black,Winter,2016.0,Casual,Fastrack Men White Dial Watch,index
38835,38835.jpg,F:\CEI\Celebal_Excellence_Internship\fashion-visual-search\data\subset\images\38835.jpg,Women,Apparel,Dress,Dresses,Grey,Summer,2012.0,Casual,Latin Quarters Women Grey & Olive Printed Dress,index
57846,57846.jpg,F:\CEI\Celebal_Excellence_Internship\fashion-visual-search\data\subset\images\57846.jpg,Unisex,Accessories,Bags,Handbags,Beige,Summer,2012.0,Casual,Lino Perros Unisex Beige Sling Bag,index
54489,54489.jpg,F:\CEI\Celebal_Excellence_Internship\fashion-visual-search\data\subset\images\54489.jpg,Women,Accessories,Bags,Handbags,Orange,Summer,2012.0,Casual,Lino Perros Women Orange Sling Bag,index
36229,36229.jpg,F:\CEI\Celebal_Excellence_Internship\fashion-visual-search\data\subset\images\36229.jpg,Men,Footwear,Shoes,Sports Shoes,Blue,Summer,2012.0,Sports,Nike Men Air Max Courtballistec Blue & White Sports Shoes,index
17314,17314.jpg,F:\CEI\Celebal_Excellence_Internship\fashion-visual-search\data\subset\images\17314.jpg,Men,Accessories,Eyewear,Sunglasses,Black,Winter,2016.0,Casual,Pepe Jeans Men Casual Sunglasses,index
45199,45199.jpg,F:\CEI\Celebal_Excellence_Internship\fashion-visual-search\data\subset\images\45199.jpg,Women,Accessories,Watches,Watches,Black,Winter,2016.0,Casual,CASIO ENTICER Women Black Dial Analogue Watch A654,index
13471,13471.jpg,F:\CEI\Celebal_Excellence_Internship\fashion-visual-search\data\subset\images\13471.jpg,Women,Apparel,Topwear,Tops,Blue,Summer,2011.0,Casual,United Colors of Benetton Women Solid Blue Tunic,index
56674,56674.jpg,F:\CEI\Celebal_Excellence_Internship\fashion-visual-search\data\subset\images\56674.jpg,Men,Accessories,Watches,Watches,White,Winter,2016.0,Casual,Maxima Men White Dial Chronograph Watch,index
21521,21521.jpg,F:\CEI\Celebal_Excellence_Internship\fashion-visual-search\data\subset\images\21521.jpg,Women,Accessories,Bags,Handbags,Pink,Winter,2015.0,Casual,Kiara Women Rose Pink Handbag,index
3519,3519.jpg,F:\CEI\Celebal_Excellence_Internship\fashion-visual-search\data\subset\images\3519.jpg,Men,Apparel,Topwear,Tshirts,White,Summer,2011.0,Casual,Myntra Men's I have Multiple Personalities White T-shirt,index
4897,4897.jpg,F:\CEI\Celebal_Excellence_Internship\fashion-visual-search\data\subset\images\4897.jpg,Women,Apparel,Topwear,Tops,Yellow,Summer,2011.0,Casual,Levis Kids Girl's Diane Yellow Kidswear,index
21741,21741.jpg,F:\CEI\Celebal_Excellence_Internship\fashion-visual-search\data\subset\images\21741.jpg,Unisex,Footwear,Shoes,Casual Shoes,White,Fall,2011.0,Casual,Vans Unisex Authentic Lo Pro White Casual Shoes,index
22692,22692.jpg,F:\CEI\Celebal_Excellence_Internship\fashion-visual-search\data\subset\images\22692.jpg,Men,Footwear,Shoes,Sports Shoes,White,Fall,2011.0,Sports,Nike Men Egoli FG White Sports Shoes,index
29124,29124.jpg,F:\CEI\Celebal_Excellence_Internship\fashion-visual-search\data\subset\images\29124.jpg,Men,Footwear,Shoes,Sports Shoes,Black,Fall,2012.0,Sports,Puma Men Aquil Black Sports Shoes,index
9117,9117.jpg,F:\CEI\Celebal_Excellence_Internship\fashion-visual-search\data\subset\images\9117.jpg,Unisex,Footwear,Shoes,Sports Shoes,Black,Fall,2011.0,Sports,Puma Unisex Axis Black Sports Shoes,index
29733,29733.jpg,F:\CEI\Celebal_Excellence_Internship\fashion-visual-search\data\subset\images\29733.jpg,Women,Accessories,Bags,Handbags,Green,Summer,2012.0,Casual,Kiara Women Leatherette Green Handbag,index
43688,43688.jpg,F:\CEI\Celebal_Excellence_Internship\fashion-visual-search\data\subset\images\43688.jpg,Girls,Apparel,Topwear,Tops,Pink,Summer,2012.0,Casual,Doodle Girls Pink Top,index
21166,21166.jpg,F:\CEI\Celebal_Excellence_Internship\fashion-visual-search\data\subset\images\21166.jpg,Women,Apparel,Topwear,Tops,Black,Fall,2011.0,Casual,s.Oliver Women Solid Black Top,index
58549,58549.jpg,F:\CEI\Celebal_Excellence_Internship\fashion-visual-search\data\subset\images\58549.jpg,Women,Accessories,Eyewear,Sunglasses,Black,Winter,2016.0,Casual,Miami Blues Women Sunglasses,index
1598,1598.jpg,F:\CEI\Celebal_Excellence_Internship\fashion-visual-search\data\subset\images\1598.jpg,Women,Accessories,Bags,Handbags,Blue,Summer,2011.0,Travel,Geonaute Women Blue Outdoor Bag,index
34566,34566.jpg,F:\CEI\Celebal_Excellence_Internship\fashion-visual-search\data\subset\images\34566.jpg,Women,Apparel,Dress,Dresses,Blue,Summer,2012.0,Casual,Tonga Women Printed Blue Dress,index
9154,9154.jpg,F:\CEI\Celebal_Excellence_Internship\fashion-visual-search\data\subset\images\9154.jpg,Women,Apparel,Topwear,Tops,Grey,Fall,2011.0,Casual,Jealous 21 Women Checks Grey Tops,index
16083,16083.jpg,F:\CEI\Celebal_Excellence_Internship\fashion-visual-search\data\subset\images\16083.jpg,Women,Accessories,Eyewear,Sunglasses,Grey,Winter,2016.0,Casual,Mayhem Women Gradient Sunglasses MAYS-9005-201,index
22689,22689.jpg,F:\CEI\Celebal_Excellence_Internship\fashion-visual-search\data\subset\images\22689.jpg,Men,Footwear,Sandal,Sandals,Navy Blue,Summer,2011.0,Casual,Nike Men Aspen Navy Blue Sandals,index
24069,24069.jpg,F:\CEI\Celebal_Excellence_Internship\fashion-visual-search\data\subset\images\24069.jpg,Men,Apparel,Topwear,Shirts,Black,Fall,2011.0,Casual,Locomotive Men Checked Black Shirt,index
8696,8696.jpg,F:\CEI\Celebal_Excellence_Internship\fashion-visual-search\data\subset\images\8696.jpg,Women,Accessories,Eyewear,Sunglasses,Red,Winter,2016.0,Casual,Fastrack Women Hip Hop Red Sunglasses,index
51410,51410.jpg,F:\CEI\Celebal_Excellence_Internship\fashion-visual-search\data\subset\images\51410.jpg,Men,Apparel,Topwear,Shirts,White,Summer,2012.0,Formal,Myntra Men White and Navy Blue Check Shirt,index
21111,21111.jpg,F:\CEI\Celebal_Excellence_Internship\fashion-visual-search\data\subset\images\21111.jpg,Women,Apparel,Topwear,Tops,Purple,Fall,2011.0,Casual,s.Oliver Women Check Purple Top,index
16157,16157.jpg,F:\CEI\Celebal_Excellence_Internship\fashion-visual-search\data\subset\images\16157.jpg,Men,Footwear,Shoes,Casual Shoes,Black,Fall,2011.0,Casual,Enroute Men Leather Black Casual Shoes,index
51716,51716.jpg,F:\CEI\Celebal_Excellence_Internship\fashion-visual-search\data\subset\images\51716.jpg,Women,Accessories,Eyewear,Sunglasses,Brown,Winter,2016.0,Casual,Allen Solly Women Wayfarer Sunglasses AS 236 C2,index
21945,21945.jpg,F:\CEI\Celebal_Excellence_Internship\fashion-visual-search\data\subset\images\21945.jpg,Women,Accessories,Bags,Handbags,Brown,Winter,2015.0,Casual,Murcia Women Brown Leather Handbag,index
21288,21288.jpg,F:\CEI\Celebal_Excellence_Internship\fashion-visual-search\data\subset\images\21288.jpg,Women,Accessories,Eyewear,Sunglasses,Black,Winter,2016.0,Casual,Allen Solly Women Oversized Sunglasses AS205-C1,index
27392,27392.jpg,F:\CEI\Celebal_Excellence_Internship\fashion-visual-search\data\subset\images\27392.jpg,Men,Apparel,Topwear,Tshirts,White,Summer,2016.0,Casual,2go Active Gear USA Men Pack Of 3 T-shirt,index
27899,27899.jpg,F:\CEI\Celebal_Excellence_Internship\fashion-visual-search\data\subset\images\27899.jpg,Women,Apparel,Topwear,Tops,Purple,Summer,2012.0,Casual,Scullers For Her Women Purple Top,index
23935,23935.jpg,F:\CEI\Celebal_Excellence_Internship\fashion-visual-search\data\subset\images\23935.jpg,Men,Footwear,Shoes,Casual Shoes,White,Fall,2011.0,Casual,Lotto Men White Pesa Slip-On Casual Shoes,index
26974,26974.jpg,F:\CEI\Celebal_Excellence_Internship\fashion-visual-search\data\subset\images\26974.jpg,Women,Apparel,Dress,Dresses,Pink,Summer,2012.0,Casual,Jealous 21 Women Pink Printed Dress,index
57492,57492.jpg,F:\CEI\Celebal_Excellence_Internship\fashion-visual-search\data\subset\images\57492.jpg,Men,Footwear,Shoes,Casual Shoes,Brown,Summer,2012.0,Formal,Lee Cooper Men Brown Shoes,index
8206,8206.jpg,F:\CEI\Celebal_Excellence_Internship\fashion-visual-search\data\subset\images\8206.jpg,Men,Apparel,Topwear,Tshirts,Brown,Summer,2011.0,Casual,Locomotive Men Solid Langston Brown T-Shirts,index
15970,15970.jpg,F:\CEI\Celebal_Excellence_Internship\fashion-visual-search\data\subset\images\15970.jpg,Men,Apparel,Topwear,Shirts,Navy Blue,Fall,2011.0,Casual,Turtle Check Men Navy Blue Shirt,index
53897,53897.jpg,F:\CEI\Celebal_Excellence_Internship\fashion-visual-search\data\subset\images\53897.jpg,Women,Accessories,Bags,Handbags,Brown,Summer,2012.0,Casual,Kiara Women Camel Brown Handbag,index
48466,48466.jpg,F:\CEI\Celebal_Excellence_Internship\fashion-visual-search\data\subset\images\48466.jpg,Women,Apparel,Dress,Dresses,Black,Winter,2011.0,Party,French Connection Women Black Dress,index
51915,51915.jpg,F:\CEI\Celebal_Excellence_Internship\fashion-visual-search\data\subset\images\51915.jpg,Women,Accessories,Bags,Handbags,Blue,Summer,2016.0,Casual,Nyk Women Ink Blue Biker Sling Bag,index
52754,52754.jpg,F:\CEI\Celebal_Excellence_Internship\fashion-visual-search\data\subset\images\52754.jpg,Women,Accessories,Bags,Handbags,Black,Fall,2012.0,Casual,Fiorelli Women Black and Taupe Leather Handbag,index
53830,53830.jpg,F:\CEI\Celebal_Excellence_Internship\fashion-visual-search\data\subset\images\53830.jpg,Women,Apparel,Topwear,Kurtas,Lavender,Summer,2012.0,Ethnic,Folklore Women Lavender Kurta,index
54827,54827.jpg,F:\CEI\Celebal_Excellence_Internship\fashion-visual-search\data\subset\images\54827.jpg,Women,Accessories,Bags,Handbags,Brown,Summer,2012.0,Casual,Ivory Tag Brown Hound Crossbody Bag,index
13460,13460.jpg,F:\CEI\Celebal_Excellence_Internship\fashion-visual-search\data\subset\images\13460.jpg,Men,Apparel,Topwear,Shirts,Green,Summer,2011.0,Casual,United Colors of Benetton Men Solid Green Shirts,index
6784,6784.jpg,F:\CEI\Celebal_Excellence_Internship\fashion-visual-search\data\subset\images\6784.jpg,Men,Apparel,Topwear,Shirts,Blue,Summer,2011.0,Casual,Timberland Men Pelham Plaid Blue Shirt,index
7427,7427.jpg,F:\CEI\Celebal_Excellence_Internship\fashion-visual-search\data\subset\images\7427.jpg,Women,Apparel,Topwear,Tops,Black,Summer,2011.0,Casual,W Women's Deep U Neck Short Sleeve Black Top,index
47412,47412.jpg,F:\CEI\Celebal_Excellence_Internship\fashion-visual-search\data\subset\images\47412.jpg,Women,Accessories,Bags,Handbags,Orange,Fall,2012.0,Casual,Baggit Women Orange Sling Bag,index
23225,23225.jpg,F:\CEI\Celebal_Excellence_Internship\fashion-visual-search\data\subset\images\23225.jpg,Women,Apparel,Topwear,Kurtas,Pink,Fall,2011.0,Ethnic,Aneri Women Tibett Pink Kurta,index
3868,3868.jpg,F:\CEI\Celebal_Excellence_Internship\fashion-visual-search\data\subset\images\3868.jpg,Men,Apparel,Topwear,Tshirts,White,Summer,2011.0,Casual,Wrangler Men's Cowboy Photo White T-shirt,index
17596,17596.jpg,F:\CEI\Celebal_Excellence_Internship\fashion-visual-search\data\subset\images\17596.jpg,Unisex,Accessories,Eyewear,Sunglasses,Black,Winter,2016.0,Casual,Cat Unisex Classic Black Sunglasses,index
34886,34886.jpg,F:\CEI\Celebal_Excellence_Internship\fashion-visual-search\data\subset\images\34886.jpg,Women,Accessories,Bags,Handbags,Multi,Summer,2012.0,Casual,Envirosax Women Multi Coloured Bag,index
12867,12867.jpg,F:\CEI\Celebal_Excellence_Internship\fashion-visual-search\data\subset\images\12867.jpg,Men,Footwear,Shoes,Casual Shoes,Black,Fall,2011.0,Casual,Lee Cooper Men Casual Black Shoes,index
13417,13417.jpg,F:\CEI\Celebal_Excellence_Internship\fashion-visual-search\data\subset\images\13417.jpg,Men,Apparel,Topwear,Shirts,Blue,Summer,2011.0,Casual,United Colors of Benetton Men Solid Blue Shirts,index
6413,6413.jpg,F:\CEI\Celebal_Excellence_Internship\fashion-visual-search\data\subset\images\6413.jpg,Unisex,Footwear,Shoes,Casual Shoes,Pink,Summer,2011.0,Casual,Lotto Unisex Canvas Pink Shoe,index
19592,19592.jpg,F:\CEI\Celebal_Excellence_Internship\fashion-visual-search\data\subset\images\19592.jpg,Women,Apparel,Topwear,Tops,Pink,Fall,2011.0,Casual,United Colors of Benetton Women Printed Pink Top,index
3653,3653.jpg,F:\CEI\Celebal_Excellence_Internship\fashion-visual-search\data\subset\images\3653.jpg,Men,Footwear,Shoes,Casual Shoes,White,Summer,2011.0,Casual,Fila Men's Exotic White Shoe,index
4864,4864.jpg,F:\CEI\Celebal_Excellence_Internship\fashion-visual-search\data\subset\images\4864.jpg,Men,Apparel,Topwear,Tshirts,White,Summer,2011.0,Sports,ADIDAS Men Real Madrid White Jersey,index
26707,26707.jpg,F:\CEI\Celebal_Excellence_Internship\fashion-visual-search\data\subset\images\26707.jpg,Men,Footwear,Sandal,Sandals,Black,Summer,2011.0,Casual,Nike Men Black Mikumi Sandals,index
8759,8759.jpg,F:\CEI\Celebal_Excellence_Internship\fashion-visual-search\data\subset\images\8759.jpg,Men,Apparel,Topwear,Shirts,Red,Fall,2011.0,Casual,Indigo Nation Men Checks Shirt Red Shirts,index
31859,31859.jpg,F:\CEI\Celebal_Excellence_Internship\fashion-visual-search\data\subset\images\31859.jpg,Men,Accessories,Watches,Watches,Black,Winter,2016.0,Casual,Titan Edge Men Black Dial Watch,index
28203,28203.jpg,F:\CEI\Celebal_Excellence_Internship\fashion-visual-search\data\subset\images\28203.jpg,Men,Accessories,Eyewear,Sunglasses,Copper,Winter,2016.0,Casual,Ray-Ban Men High Street Copper Sunglasses,index
14062,14062.jpg,F:\CEI\Celebal_Excellence_Internship\fashion-visual-search\data\subset\images\14062.jpg,Men,Apparel,Topwear,Tshirts,Grey,Fall,2011.0,Casual,Flying Machine Men Stripes Grey Polo Tshirts,index
10506,10506.jpg,F:\CEI\Celebal_Excellence_Internship\fashion-visual-search\data\subset\images\10506.jpg,Women,Apparel,Topwear,Tops,Red,Fall,2011.0,Casual,Flying Machine Women Fuschia Red Tshirts,index
17232,17232.jpg,F:\CEI\Celebal_Excellence_Internship\fashion-visual-search\data\subset\images\17232.jpg,Men,Apparel,Topwear,Tshirts,Grey,Fall,2011.0,Casual,U.S. Polo Assn. Men Stripes Steel Grey Polo Tshirt,index
35531,35531.jpg,F:\CEI\Celebal_Excellence_Internship\fashion-visual-search\data\subset\images\35531.jpg,Girls,Footwear,Shoes,Casual Shoes,Red,Winter,2008.0,Casual,Enroute Teens Girls Red Ballet Flats,index
39216,39216.jpg,F:\CEI\Celebal_Excellence_Internship\fashion-visual-search\data\subset\images\39216.jpg,Women,Apparel,Topwear,Tops,Black,Summer,2012.0,Casual,Femella Women Animal Print One Shoulder Black & Brown Top,index
20830,20830.jpg,F:\CEI\Celebal_Excellence_Internship\fashion-visual-search\data\subset\images\20830.jpg,Unisex,Accessories,Bags,Handbags,Navy Blue,Summer,2011.0,Sports,Nike Unisex Solid Navy Blue Bag,index
45011,45011.jpg,F:\CEI\Celebal_Excellence_Internship\fashion-visual-search\data\subset\images\45011.jpg,Men,Accessories,Watches,Watches,Steel,Winter,2016.0,Casual,Maxima Men Digital Multifunction Watch,index
14535,14535.jpg,F:\CEI\Celebal_Excellence_Internship\fashion-visual-search\data\subset\images\14535.jpg,Women,Apparel,Topwear,Kurtas,Blue,Fall,2011.0,Ethnic,Vishudh Women Embroidary Blue Kurtas,index
39173,39173.jpg,F:\CEI\Celebal_Excellence_Internship\fashion-visual-search\data\subset\images\39173.jpg,Women,Apparel,Topwear,Kurtas,Red,Summer,2012.0,Ethnic,Aneri Women Red Kurta,index
13290,13290.jpg,F:\CEI\Celebal_Excellence_Internship\fashion-visual-search\data\subset\images\13290.jpg,Women,Apparel,Dress,Dresses,Pink,Fall,2011.0,Casual,Gini and Jony Kids Girls Solid Pink Dresses,index
39638,39638.jpg,F:\CEI\Celebal_Excellence_Internship\fashion-visual-search\data\subset\images\39638.jpg,Men,Footwear,Shoes,Sports Shoes,White,Summer,2012.0,Sports,Lotto Men White Sports Shoes,index
41759,41759.jpg,F:\CEI\Celebal_Excellence_Internship\fashion-visual-search\data\subset\images\41759.jpg,Girls,Apparel,Dress,Dresses,Navy Blue,Summer,2012.0,Casual,Doodle Girls Navy Blue Dress,index
27742,27742.jpg,F:\CEI\Celebal_Excellence_Internship\fashion-visual-search\data\subset\images\27742.jpg,Women,Accessories,Bags,Handbags,Brown,Winter,2015.0,Casual,Murcia Women Brown Sling bag,index
28689,28689.jpg,F:\CEI\Celebal_Excellence_Internship\fashion-visual-search\data\subset\images\28689.jpg,Women,Apparel,Topwear,Kurtas,Black,Summer,2012.0,Casual,W Women Black Tunic,index
23762,23762.jpg,F:\CEI\Celebal_Excellence_Internship\fashion-visual-search\data\subset\images\23762.jpg,Men,Accessories,Eyewear,Sunglasses,Brown,Winter,2016.0,Casual,Oakley Men Brown Frogskin Sunglasses,index
28212,28212.jpg,F:\CEI\Celebal_Excellence_Internship\fashion-visual-search\data\subset\images\28212.jpg,Men,Accessories,Eyewear,Sunglasses,Copper,Winter,2016.0,Casual,Ray-Ban Men Carbon Fibre Copper Sunglasses,index
15520,15520.jpg,F:\CEI\Celebal_Excellence_Internship\fashion-visual-search\data\subset\images\15520.jpg,Men,Footwear,Shoes,Casual Shoes,Black,Fall,2011.0,Casual,Rockport Men CV Wing Black Casual Shoes,index
50734,50734.jpg,F:\CEI\Celebal_Excellence_Internship\fashion-visual-search\data\subset\images\50734.jpg,Men,Footwear,Sandal,Sandals,Brown,Winter,2018.0,Casual,Red Chief Men Brown Sandals,index
25272,25272.jpg,F:\CEI\Celebal_Excellence_Internship\fashion-visual-search\data\subset\images\25272.jpg,Women,Accessories,Bags,Handbags,Red,Summer,2012.0,Casual,Lino Perros Women Leatherette Red Handbag,index
42181,42181.jpg,F:\CEI\Celebal_Excellence_Internship\fashion-visual-search\data\subset\images\42181.jpg,Men,Footwear,Shoes,Sports Shoes,Silver,Summer,2012.0,Sports,Lotto Men Silver & Green Sports Shoes,index
28835,28835.jpg,F:\CEI\Celebal_Excellence_Internship\fashion-visual-search\data\subset\images\28835.jpg,Women,Apparel,Topwear,Kurtas,Multi,Summer,2012.0,Ethnic,BIBA Women Printed Multi Coloured Kurta,index
27931,27931.jpg,F:\CEI\Celebal_Excellence_Internship\fashion-visual-search\data\subset\images\27931.jpg,Women,Apparel,Topwear,Shirts,White,Summer,2012.0,Casual,Jealous 21 Women White Shirt,index
9961,9961.jpg,F:\CEI\Celebal_Excellence_Internship\fashion-visual-search\data\subset\images\9961.jpg,Men,Apparel,Topwear,Tshirts,White,Fall,2011.0,Sports,Nike Men Medals Crew White T-Shirts,index
50776,50776.jpg,F:\CEI\Celebal_Excellence_Internship\fashion-visual-search\data\subset\images\50776.jpg,Men,Footwear,Sandal,Sandals,Brown,Winter,2013.0,Casual,Clarks Men Brown Leather Sandals,index
39849,39849.jpg,F:\CEI\Celebal_Excellence_Internship\fashion-visual-search\data\subset\images\39849.jpg,Girls,Apparel,Topwear,Tops,Blue,Summer,2012.0,Casual,Gini and Jony Girls Striped Blue Top,index
21713,21713.jpg,F:\CEI\Celebal_Excellence_Internship\fashion-visual-search\data\subset\images\21713.jpg,Men,Accessories,Watches,Watches,Blue,Winter,2016.0,Casual,Fossil Men Blue Dial Chronograph Watch CH2752,index
49327,49327.jpg,F:\CEI\Celebal_Excellence_Internship\fashion-visual-search\data\subset\images\49327.jpg,Women,Accessories,Watches,Watches,White,Winter,2016.0,Casual,DKNY Women White Dial Watch NY4634,index
6407,6407.jpg,F:\CEI\Celebal_Excellence_Internship\fashion-visual-search\data\subset\images\6407.jpg,Men,Footwear,Sandal,Sandals,Black,Summer,2011.0,Casual,Lotto Men Cross Black Floater,index
15727,15727.jpg,F:\CEI\Celebal_Excellence_Internship\fashion-visual-search\data\subset\images\15727.jpg,Women,Footwear,Shoes,Sports Shoes,White,Fall,2011.0,Sports,Nike Women Downshifter 4 MSL White Sports Shoes,index
36138,36138.jpg,F:\CEI\Celebal_Excellence_Internship\fashion-visual-search\data\subset\images\36138.jpg,Men,Footwear,Shoes,Sports Shoes,White,Summer,2012.0,Sports,Nike Men Zoom Hyperenforcer White Sports Shoes,index
33143,33143.jpg,F:\CEI\Celebal_Excellence_Internship\fashion-visual-search\data\subset\images\33143.jpg,Boys,Apparel,Topwear,Tshirts,Navy Blue,Summer,2012.0,Casual,Gini and Jony Boys Pack of 2 T-shirts,index
12782,12782.jpg,F:\CEI\Celebal_Excellence_Internship\fashion-visual-search\data\subset\images\12782.jpg,Women,Apparel,Topwear,Kurtas,Red,Fall,2011.0,Ethnic,Mother Earth Women Aug Bagru Red Kurtas,index
30096,30096.jpg,F:\CEI\Celebal_Excellence_Internship\fashion-visual-search\data\subset\images\30096.jpg,Men,Accessories,Watches,Watches,Black,Winter,2016.0,Casual,Ed Hardy Men Black Dial Watch,index
12361,12361.jpg,F:\CEI\Celebal_Excellence_Internship\fashion-visual-search\data\subset\images\12361.jpg,Men,Apparel,Topwear,Shirts,Blue,Fall,2011.0,Formal,Reid & Taylor Men Solid Blue Shirts,index
9738,9738.jpg,F:\CEI\Celebal_Excellence_Internship\fashion-visual-search\data\subset\images\9738.jpg,Men,Apparel,Topwear,Shirts,Navy Blue,Fall,2011.0,Smart Casual,Indian Terrain Men Navy & White Checked Slim Fit Smart-Casual Shirt,index
42230,42230.jpg,F:\CEI\Celebal_Excellence_Internship\fashion-visual-search\data\subset\images\42230.jpg,Women,Apparel,Topwear,Tops,Blue,Summer,2012.0,Casual,Sepia Women Blue Top,index
4134,4134.jpg,F:\CEI\Celebal_Excellence_Internship\fashion-visual-search\data\subset\images\4134.jpg,Men,Footwear,Shoes,Casual Shoes,Navy Blue,Winter,2015.0,Casual,Skechers Men's Sparta Navy Black Shoe,index
2224,2224.jpg,F:\CEI\Celebal_Excellence_Internship\fashion-visual-search\data\subset\images\2224.jpg,Men,Footwear,Sandal,Sandals,Green,Fall,2010.0,Casual,Puma Men's Trek Olive Green Sandal,index
39724,39724.jpg,F:\CEI\Celebal_Excellence_Internship\fashion-visual-search\data\subset\images\39724.jpg,Women,Apparel,Dress,Dresses,Pink,Summer,2012.0,Casual,Arrow Woman Pink & Orange Dress,index
19104,19104.jpg,F:\CEI\Celebal_Excellence_Internship\fashion-visual-search\data\subset\images\19104.jpg,Women,Apparel,Topwear,Kurtas,Beige,Fall,2011.0,Ethnic,Mother Earth Women Printed Beige Kurta,index
41752,41752.jpg,F:\CEI\Celebal_Excellence_Internship\fashion-visual-search\data\subset\images\41752.jpg,Boys,Apparel,Topwear,Tshirts,Yellow,Summer,2012.0,Casual,Doodle Boys Printed Yellow T-shirt,index
54585,54585.jpg,F:\CEI\Celebal_Excellence_Internship\fashion-visual-search\data\subset\images\54585.jpg,Women,Apparel,Topwear,Kurtas,Black,Summer,2012.0,Ethnic,Sushilas Women Pink Kurta,index
43654,43654.jpg,F:\CEI\Celebal_Excellence_Internship\fashion-visual-search\data\subset\images\43654.jpg,Women,Apparel,Topwear,Tops,Cream,Summer,2012.0,Casual,ONLY Women Cream Printed Top,index
47008,47008.jpg,F:\CEI\Celebal_Excellence_Internship\fashion-visual-search\data\subset\images\47008.jpg,Women,Apparel,Topwear,Kurtas,White,Fall,2012.0,Ethnic,Shree Women White & Purple Kurta,index
27672,27672.jpg,F:\CEI\Celebal_Excellence_Internship\fashion-visual-search\data\subset\images\27672.jpg,Women,Accessories,Bags,Handbags,Brown,Winter,2015.0,Casual,Murcia Women Brown Handbag,index
12368,12368.jpg,F:\CEI\Celebal_Excellence_Internship\fashion-visual-search\data\subset\images\12368.jpg,Men,Apparel,Topwear,Shirts,Blue,Fall,2011.0,Formal,Reid & Taylor Men Stripes Blue Shirts,index
35907,35907.jpg,F:\CEI\Celebal_Excellence_Internship\fashion-visual-search\data\subset\images\35907.jpg,Women,Accessories,Bags,Handbags,Green,Summer,2012.0,Casual,Peperone Women Green Sling Bag,index
41784,41784.jpg,F:\CEI\Celebal_Excellence_Internship\fashion-visual-search\data\subset\images\41784.jpg,Women,Apparel,Dress,Dresses,Purple,Summer,2012.0,Casual,Remanika Women Purple Dress,index
41988,41988.jpg,F:\CEI\Celebal_Excellence_Internship\fashion-visual-search\data\subset\images\41988.jpg,Boys,Apparel,Topwear,Shirts,Blue,Summer,2012.0,Casual,Gini and Jony Boys Check Blue Shirt,index
58658,58658.jpg,F:\CEI\Celebal_Excellence_Internship\fashion-visual-search\data\subset\images\58658.jpg,Women,Apparel,Topwear,Kurtas,Green,Summer,2012.0,Ethnic,ALayna Women Green Kurta,index
40129,40129.jpg,F:\CEI\Celebal_Excellence_Internship\fashion-visual-search\data\subset\images\40129.jpg,Boys,Apparel,Topwear,Shirts,Navy Blue,Summer,2012.0,Casual,Gini and Jony BoysCore Navy Blue Shirt,index
22250,22250.jpg,F:\CEI\Celebal_Excellence_Internship\fashion-visual-search\data\subset\images\22250.jpg,Men,Footwear,Sandal,Sandals,Brown,Fall,2012.0,Casual,ID Men Brown Casual Sandal,index
11258,11258.jpg,F:\CEI\Celebal_Excellence_Internship\fashion-visual-search\data\subset\images\11258.jpg,Women,Apparel,Topwear,Tops,Black,Fall,2011.0,Sports,Puma Women Black Essential Racerback Tank Top,index
28715,28715.jpg,F:\CEI\Celebal_Excellence_Internship\fashion-visual-search\data\subset\images\28715.jpg,Women,Apparel,Topwear,Kurtas,Beige,Summer,2012.0,Ethnic,W Women Printed Magenta Kurta,index
38195,38195.jpg,F:\CEI\Celebal_Excellence_Internship\fashion-visual-search\data\subset\images\38195.jpg,Men,Accessories,Eyewear,Sunglasses,Grey,Winter,2016.0,Casual,Polaroid Men Sunglasses,index
48021,48021.jpg,F:\CEI\Celebal_Excellence_Internship\fashion-visual-search\data\subset\images\48021.jpg,Women,Accessories,Watches,Watches,White,Winter,2016.0,Casual,Helix Women White Dial Watch,index
3564,3564.jpg,F:\CEI\Celebal_Excellence_Internship\fashion-visual-search\data\subset\images\3564.jpg,Men,Footwear,Shoes,Casual Shoes,Brown,Winter,2015.0,Casual,Skechers Men Sage Brown Lifestyle Casual Shoe,index
18473,18473.jpg,F:\CEI\Celebal_Excellence_Internship\fashion-visual-search\data\subset\images\18473.jpg,Men,Footwear,Shoes,Casual Shoes,Black,Summer,2011.0,Casual,Puma Men Calcetto Black Casual Shoes,index
3445,3445.jpg,F:\CEI\Celebal_Excellence_Internship\fashion-visual-search\data\subset\images\3445.jpg,Women,Apparel,Topwear,Tshirts,Black,Summer,2011.0,Sports,Pune Warriors Womens Match Jersey,index
59250,59250.jpg,F:\CEI\Celebal_Excellence_Internship\fashion-visual-search\data\subset\images\59250.jpg,Men,Accessories,Watches,Watches,Black,Winter,2016.0,Casual,Titan Men Black Watch,index
30780,30780.jpg,F:\CEI\Celebal_Excellence_Internship\fashion-visual-search\data\subset\images\30780.jpg,Men,Apparel,Topwear,Kurtas,Blue,Summer,2012.0,Ethnic,Fabindia Men Striped Blue Striped Kurta,index
47305,47305.jpg,F:\CEI\Celebal_Excellence_Internship\fashion-visual-search\data\subset\images\47305.jpg,Women,Accessories,Bags,Handbags,Brown,Summer,2012.0,Casual,Baggit Women Brown Handbag,index
38240,38240.jpg,F:\CEI\Celebal_Excellence_Internship\fashion-visual-search\data\subset\images\38240.jpg,Unisex,Accessories,Eyewear,Sunglasses,Black,Winter,2016.0,Casual,Polaroid Unisex Sunglasses,index
37532,37532.jpg,F:\CEI\Celebal_Excellence_Internship\fashion-visual-search\data\subset\images\37532.jpg,Boys,Apparel,Topwear,Tshirts,Blue,Summer,2012.0,Casual,Madagascar3 Infant Boys Light Blue T-Shirt,index
31318,31318.jpg,F:\CEI\Celebal_Excellence_Internship\fashion-visual-search\data\subset\images\31318.jpg,Women,Apparel,Topwear,Kurtas,Off White,Summer,2012.0,Ethnic,Aurelia Women Printed Brown Kurta,index
30681,30681.jpg,F:\CEI\Celebal_Excellence_Internship\fashion-visual-search\data\subset\images\30681.jpg,Men,Accessories,Eyewear,Sunglasses,Black,Winter,2016.0,Casual,Park Avenue Men Black Sunglasses,index
18258,18258.jpg,F:\CEI\Celebal_Excellence_Internship\fashion-visual-search\data\subset\images\18258.jpg,Women,Apparel,Topwear,Kurtas,Green,Fall,2011.0,Ethnic,Aneri Women Sanjeeda Green Kurta,index
10255,10255.jpg,F:\CEI\Celebal_Excellence_Internship\fashion-visual-search\data\subset\images\10255.jpg,Men,Apparel,Topwear,Shirts,Blue,Fall,2011.0,Casual,Locomotive Men Stripes Blue Shirts,index
9072,9072.jpg,F:\CEI\Celebal_Excellence_Internship\fashion-visual-search\data\subset\images\9072.jpg,Men,Apparel,Topwear,Shirts,White,Fall,2011.0,Formal,Mark Taylor Men Solid White Shirts,index
57838,57838.jpg,F:\CEI\Celebal_Excellence_Internship\fashion-visual-search\data\subset\images\57838.jpg,Women,Accessories,Bags,Handbags,Grey,Summer,2012.0,Casual,Lino Perros Women Grey Sling Bag,index
9761,9761.jpg,F:\CEI\Celebal_Excellence_Internship\fashion-visual-search\data\subset\images\9761.jpg,Men,Apparel,Topwear,Tshirts,Maroon,Fall,2011.0,Casual,Classic Polo Men Ikon Maroon Polo Tshirts,index
30673,30673.jpg,F:\CEI\Celebal_Excellence_Internship\fashion-visual-search\data\subset\images\30673.jpg,Men,Accessories,Eyewear,Sunglasses,Gold,Winter,2016.0,Casual,Park Avenue Men Gold Sunglasses,index
46562,46562.jpg,F:\CEI\Celebal_Excellence_Internship\fashion-visual-search\data\subset\images\46562.jpg,Men,Accessories,Watches,Watches,Charcoal,Winter,2016.0,Casual,Timex Men Charcoal Grey Dial Watch T49796,index
31844,31844.jpg,F:\CEI\Celebal_Excellence_Internship\fashion-visual-search\data\subset\images\31844.jpg,Women,Accessories,Watches,Watches,Grey,Winter,2016.0,Casual,Titan Women Grey Dial Watch,index
22883,22883.jpg,F:\CEI\Celebal_Excellence_Internship\fashion-visual-search\data\subset\images\22883.jpg,Men,Footwear,Sandal,Sandals,Khaki,Winter,2015.0,Casual,Woodland Men Khaki Casual Sandals,index
39298,39298.jpg,F:\CEI\Celebal_Excellence_Internship\fashion-visual-search\data\subset\images\39298.jpg,Men,Footwear,Sandal,Sandals,Brown,Winter,2018.0,Casual,Red Chief Men Brown Sandals,index
5136,5136.jpg,F:\CEI\Celebal_Excellence_Internship\fashion-visual-search\data\subset\images\5136.jpg,Women,Apparel,Topwear,Tops,Pink,Summer,2011.0,Casual,Wrangler Women Yoke Tucks Checks Pink White Top,index
14197,14197.jpg,F:\CEI\Celebal_Excellence_Internship\fashion-visual-search\data\subset\images\14197.jpg,Women,Apparel,Dress,Dresses,Black,Fall,2011.0,Casual,AND Women Solid Black Dresses,index
57057,57057.jpg,F:\CEI\Celebal_Excellence_Internship\fashion-visual-search\data\subset\images\57057.jpg,Women,Apparel,Dress,Dresses,Red,Summer,2012.0,Casual,Elle Women Red A-Line Dress,index
44687,44687.jpg,F:\CEI\Celebal_Excellence_Internship\fashion-visual-search\data\subset\images\44687.jpg,Women,Apparel,Dress,Dresses,Peach,Summer,2012.0,Casual,Wills Lifestyle Women Peach A-Line Dress,index
5911,5911.jpg,F:\CEI\Celebal_Excellence_Internship\fashion-visual-search\data\subset\images\5911.jpg,Women,Footwear,Shoes,Casual Shoes,White,Summer,2011.0,Casual,ADIDAS Women's Daily Vulc White Shoe,index
19261,19261.jpg,F:\CEI\Celebal_Excellence_Internship\fashion-visual-search\data\subset\images\19261.jpg,Women,Accessories,Watches,Watches,Silver,Winter,2016.0,Casual,Guess Women Logo Glam Silver Watch,index
33041,33041.jpg,F:\CEI\Celebal_Excellence_Internship\fashion-visual-search\data\subset\images\33041.jpg,Women,Apparel,Topwear,Kurtas,Blue,Summer,2012.0,Ethnic,Mother Earth Women Printed Blue Kurta,index
43379,43379.jpg,F:\CEI\Celebal_Excellence_Internship\fashion-visual-search\data\subset\images\43379.jpg,Men,Footwear,Shoes,Casual Shoes,White,Summer,2012.0,Casual,Reebok Men White Mamba Casual Shoes,index
51710,51710.jpg,F:\CEI\Celebal_Excellence_Internship\fashion-visual-search\data\subset\images\51710.jpg,Unisex,Accessories,Eyewear,Sunglasses,Black,Winter,2016.0,Casual,Van Heusen Unisex Sunglasses VH214-C1,index
29158,29158.jpg,F:\CEI\Celebal_Excellence_Internship\fashion-visual-search\data\subset\images\29158.jpg,Women,Apparel,Dress,Dresses,Green,Summer,2012.0,Casual,United Colors of Benetton Women Green Dress,index
15718,15718.jpg,F:\CEI\Celebal_Excellence_Internship\fashion-visual-search\data\subset\images\15718.jpg,Men,Footwear,Shoes,Sports Shoes,Black,Fall,2011.0,Sports,Nike Men Lunarglide+ 3 Black Sports Shoes,index
39664,39664.jpg,F:\CEI\Celebal_Excellence_Internship\fashion-visual-search\data\subset\images\39664.jpg,Men,Footwear,Shoes,Casual Shoes,White,Summer,2012.0,Casual,Lotto Men White Shoes,index
8586,8586.jpg,F:\CEI\Celebal_Excellence_Internship\fashion-visual-search\data\subset\images\8586.jpg,Men,Apparel,Topwear,Shirts,Red,Fall,2011.0,Casual,Scullers Men Red Shirt,index
7954,7954.jpg,F:\CEI\Celebal_Excellence_Internship\fashion-visual-search\data\subset\images\7954.jpg,Men,Apparel,Topwear,Tshirts,Blue,Fall,2011.0,Sports,Puma Men's Knit Polo Mazarine Blue Polo T-shirt,index
20153,20153.jpg,F:\CEI\Celebal_Excellence_Internship\fashion-visual-search\data\subset\images\20153.jpg,Men,Apparel,Topwear,Shirts,Blue,Fall,2011.0,Casual,Wrangler Men Taylor Block Check Blue Shirt,index
6873,6873.jpg,F:\CEI\Celebal_Excellence_Internship\fashion-visual-search\data\subset\images\6873.jpg,Women,Apparel,Dress,Dresses,Black,Summer,2011.0,Casual,Forever New Women's Top Black Dress,index
50763,50763.jpg,F:\CEI\Celebal_Excellence_Internship\fashion-visual-search\data\subset\images\50763.jpg,Men,Footwear,Sandal,Sandals,Navy Blue,Winter,2018.0,Casual,Red Chief Men Navy Blue Sandals,index
51644,51644.jpg,F:\CEI\Celebal_Excellence_Internship\fashion-visual-search\data\subset\images\51644.jpg,Men,Accessories,Watches,Watches,White,Winter,2016.0,Casual,Fossil Men White Dial Chronograph Watch FS4716,index
43335,43335.jpg,F:\CEI\Celebal_Excellence_Internship\fashion-visual-search\data\subset\images\43335.jpg,Men,Footwear,Shoes,Sports Shoes,Navy Blue,Summer,2012.0,Sports,Reebok Men Navy Blue Turbo DMX Shear Sports Shoes,index
51426,51426.jpg,F:\CEI\Celebal_Excellence_Internship\fashion-visual-search\data\subset\images\51426.jpg,Men,Apparel,Topwear,Shirts,White,Summer,2012.0,Casual,Myntra Men Red Check Shirt,index
43217,43217.jpg,F:\CEI\Celebal_Excellence_Internship\fashion-visual-search\data\subset\images\43217.jpg,Women,Accessories,Watches,Watches,Black,Winter,2016.0,Casual,Fastrack Women Black Dial Watch,index
2153,2153.jpg,F:\CEI\Celebal_Excellence_Internship\fashion-visual-search\data\subset\images\2153.jpg,Men,Apparel,Topwear,Tshirts,Navy Blue,Spring,2011.0,Casual,Basics Men Blue & Yellow Polo T-shirt,index
49675,49675.jpg,F:\CEI\Celebal_Excellence_Internship\fashion-visual-search\data\subset\images\49675.jpg,Men,Accessories,Eyewear,Sunglasses,Black,Winter,2016.0,Casual,United Colors of Benetton Men Sunglass,index
32378,32378.jpg,F:\CEI\Celebal_Excellence_Internship\fashion-visual-search\data\subset\images\32378.jpg,Women,Apparel,Dress,Dresses,Cream,Summer,2012.0,Casual,Arrow Woman Printed Multi Coloured Dress,index
58553,58553.jpg,F:\CEI\Celebal_Excellence_Internship\fashion-visual-search\data\subset\images\58553.jpg,Women,Accessories,Eyewear,Sunglasses,Black,Winter,2016.0,Casual,Miami Blues Women Sunglasses,index
8445,8445.jpg,F:\CEI\Celebal_Excellence_Internship\fashion-visual-search\data\subset\images\8445.jpg,Women,Apparel,Topwear,Tops,Blue,Fall,2011.0,Casual,Jealous 21 Women Jealous Edana Teal Top Blue Tops,index
52623,52623.jpg,F:\CEI\Celebal_Excellence_Internship\fashion-visual-search\data\subset\images\52623.jpg,Women,Accessories,Bags,Handbags,Black,Summer,2012.0,Casual,Mod'acc Women Black & Grey Handbag,index
28333,28333.jpg,F:\CEI\Celebal_Excellence_Internship\fashion-visual-search\data\subset\images\28333.jpg,Men,Footwear,Sandal,Sandals,Brown,Winter,2018.0,Casual,Red Tape Men Casual Brown Sandals,index
28375,28375.jpg,F:\CEI\Celebal_Excellence_Internship\fashion-visual-search\data\subset\images\28375.jpg,Men,Accessories,Eyewear,Sunglasses,Black,Winter,2016.0,Casual,Idee Men Casual Black Sunglasses,index
16874,16874.jpg,F:\CEI\Celebal_Excellence_Internship\fashion-visual-search\data\subset\images\16874.jpg,Unisex,Accessories,Eyewear,Sunglasses,Green,Winter,2016.0,Casual,Idee Unisex Funky Eyewear Green Sunglasses,index
43536,43536.jpg,F:\CEI\Celebal_Excellence_Internship\fashion-visual-search\data\subset\images\43536.jpg,Women,Apparel,Topwear,Tops,Peach,Summer,2012.0,Casual,French Connection Women Peach Top,index
57055,57055.jpg,F:\CEI\Celebal_Excellence_Internship\fashion-visual-search\data\subset\images\57055.jpg,Women,Apparel,Dress,Dresses,Brown,Summer,2012.0,Casual,Elle Women Brown Dress,index
20602,20602.jpg,F:\CEI\Celebal_Excellence_Internship\fashion-visual-search\data\subset\images\20602.jpg,Women,Accessories,Bags,Handbags,Red,Winter,2015.0,Casual,Baggit Women Red Selection Lisa Sling Bag,index
16424,16424.jpg,F:\CEI\Celebal_Excellence_Internship\fashion-visual-search\data\subset\images\16424.jpg,Men,Apparel,Topwear,Tshirts,Blue,Fall,2011.0,Casual,Levi's Men Printed Blue  Tshirts,index
15851,15851.jpg,F:\CEI\Celebal_Excellence_Internship\fashion-visual-search\data\subset\images\15851.jpg,Unisex,Footwear,Sandal,Sandals,Red,Fall,2011.0,Casual,Warner Bros Kids Unisex TJ Playlogs Red Sandals,index
2025,2025.jpg,F:\CEI\Celebal_Excellence_Internship\fashion-visual-search\data\subset\images\2025.jpg,Men,Apparel,Topwear,Tshirts,Grey,Fall,2010.0,Sports,ADIDAS Mens Full Grey T-shirt,index
22777,22777.jpg,F:\CEI\Celebal_Excellence_Internship\fashion-visual-search\data\subset\images\22777.jpg,Women,Apparel,Topwear,Kurtas,White,Summer,2011.0,Ethnic,BIBA Women Printed White Kurta,index
2663,2663.jpg,F:\CEI\Celebal_Excellence_Internship\fashion-visual-search\data\subset\images\2663.jpg,Women,Accessories,Bags,Handbags,Brown,Winter,2015.0,Casual,Murcia Women Non Leather Brown Bag,index
19575,19575.jpg,F:\CEI\Celebal_Excellence_Internship\fashion-visual-search\data\subset\images\19575.jpg,Women,Apparel,Topwear,Tops,Black,Summer,2011.0,Casual,United Colors of Benetton Women Solid Black Top,index
5919,5919.jpg,F:\CEI\Celebal_Excellence_Internship\fashion-visual-search\data\subset\images\5919.jpg,Women,Footwear,Shoes,Casual Shoes,White,Summer,2011.0,Casual,ADIDAS Women's Daily White Shoe,index
43513,43513.jpg,F:\CEI\Celebal_Excellence_Internship\fashion-visual-search\data\subset\images\43513.jpg,Women,Apparel,Dress,Dresses,Orange,Summer,2012.0,Casual,French Connection Women Orange Dress,index
53943,53943.jpg,F:\CEI\Celebal_Excellence_Internship\fashion-visual-search\data\subset\images\53943.jpg,Women,Accessories,Bags,Handbags,Brown,Summer,2012.0,Casual,Kiara Women Brown Handbag,index
43378,43378.jpg,F:\CEI\Celebal_Excellence_Internship\fashion-visual-search\data\subset\images\43378.jpg,Men,Footwear,Sandal,Sandals,Black,Summer,2013.0,Casual,Reebok Men Black Coalition Sandals,index
31126,31126.jpg,F:\CEI\Celebal_Excellence_Internship\fashion-visual-search\data\subset\images\31126.jpg,Girls,Apparel,Dress,Dresses,White,Summer,2012.0,Casual,Gini and Jony Girls White Dress,index
24269,24269.jpg,F:\CEI\Celebal_Excellence_Internship\fashion-visual-search\data\subset\images\24269.jpg,Men,Apparel,Topwear,Tshirts,Grey,Fall,2011.0,Casual,Quiksilver Men Grey Printed T-shirt,index
44534,44534.jpg,F:\CEI\Celebal_Excellence_Internship\fashion-visual-search\data\subset\images\44534.jpg,Men,Footwear,Sandal,Sandals,White,Fall,2012.0,Casual,Coolers Men White Sandals,index
24858,24858.jpg,F:\CEI\Celebal_Excellence_Internship\fashion-visual-search\data\subset\images\24858.jpg,Men,Apparel,Topwear,Shirts,White,Summer,2011.0,Formal,Mark Taylor Men White Striped Shirt,index
57035,57035.jpg,F:\CEI\Celebal_Excellence_Internship\fashion-visual-search\data\subset\images\57035.jpg,Women,Apparel,Dress,Dresses,Multi,Summer,2012.0,Casual,Forever New Women Multi Coloured Dress,index
9556,9556.jpg,F:\CEI\Celebal_Excellence_Internship\fashion-visual-search\data\subset\images\9556.jpg,Men,Apparel,Topwear,Tshirts,Black,Fall,2011.0,Sports,Nike Men Asem Cricket Swoosh Black T-Shirts,index
50242,50242.jpg,F:\CEI\Celebal_Excellence_Internship\fashion-visual-search\data\subset\images\50242.jpg,Women,Accessories,Bags,Handbags,Orange,Summer,2012.0,Casual,Stoln Women Orange Handbag,index
5757,5757.jpg,F:\CEI\Celebal_Excellence_Internship\fashion-visual-search\data\subset\images\5757.jpg,Women,Apparel,Topwear,Tops,Blue,Summer,2011.0,Casual,Jealous 21 Women V Neck Blue Party Top,index
38542,38542.jpg,F:\CEI\Celebal_Excellence_Internship\fashion-visual-search\data\subset\images\38542.jpg,Men,Footwear,Shoes,Casual Shoes,Red,Summer,2012.0,Casual,Puma Men Red Contest Hi Shoes,index
24416,24416.jpg,F:\CEI\Celebal_Excellence_Internship\fashion-visual-search\data\subset\images\24416.jpg,Men,Footwear,Shoes,Sports Shoes,White,Summer,2012.0,Sports,ADIDAS Men Opticourt Ligra White Sports Shoes,index
44278,44278.jpg,F:\CEI\Celebal_Excellence_Internship\fashion-visual-search\data\subset\images\44278.jpg,Women,Accessories,Bags,Handbags,Black,Summer,2012.0,Casual,Murcia Women Black Handpainted Print Handbag,index
31953,31953.jpg,F:\CEI\Celebal_Excellence_Internship\fashion-visual-search\data\subset\images\31953.jpg,Men,Footwear,Shoes,Sports Shoes,White,Summer,2012.0,Sports,Nike Men T-lite White Sports Shoes,index
25825,25825.jpg,F:\CEI\Celebal_Excellence_Internship\fashion-visual-search\data\subset\images\25825.jpg,Women,Apparel,Topwear,Kurtas,White,Summer,2012.0,Ethnic,Diva Women Printed White Kurta,index
47675,47675.jpg,F:\CEI\Celebal_Excellence_Internship\fashion-visual-search\data\subset\images\47675.jpg,Women,Apparel,Dress,Dresses,Black,Summer,2012.0,Casual,Femella Women Black Animal Printed Dress,index
3827,3827.jpg,F:\CEI\Celebal_Excellence_Internship\fashion-visual-search\data\subset\images\3827.jpg,Unisex,Footwear,Sandal,Sandals,Navy Blue,Summer,2011.0,Casual,Crocs Kid's Baya Navy Kidswear,index
22779,22779.jpg,F:\CEI\Celebal_Excellence_Internship\fashion-visual-search\data\subset\images\22779.jpg,Women,Apparel,Topwear,Kurtas,Orange,Summer,2011.0,Ethnic,BIBA Women Printed Orange Kurta,index
4203,4203.jpg,F:\CEI\Celebal_Excellence_Internship\fashion-visual-search\data\subset\images\4203.jpg,Boys,Apparel,Topwear,Tshirts,Blue,Summer,2011.0,Casual,Disney Kids Boy's Blue Regatta Annual Competition Kidswear,index
54525,54525.jpg,F:\CEI\Celebal_Excellence_Internship\fashion-visual-search\data\subset\images\54525.jpg,Men,Footwear,Shoes,Sports Shoes,Grey,Fall,2012.0,Sports,F Sports Men Grey Zero Gravity Sports Shoes,index
24156,24156.jpg,F:\CEI\Celebal_Excellence_Internship\fashion-visual-search\data\subset\images\24156.jpg,Women,Apparel,Topwear,Kurtas,Purple,Fall,2011.0,Ethnic,Aurelia Women Purple Striped Kurta,index
45866,45866.jpg,F:\CEI\Celebal_Excellence_Internship\fashion-visual-search\data\subset\images\45866.jpg,Men,Footwear,Shoes,Casual Shoes,Black,Summer,2012.0,Casual,Numero Uno Men Black Shoes,index
29135,29135.jpg,F:\CEI\Celebal_Excellence_Internship\fashion-visual-search\data\subset\images\29135.jpg,Women,Accessories,Eyewear,Sunglasses,Brown,Winter,2016.0,Casual,Vogue Women Brown Sunglasses,index
3569,3569.jpg,F:\CEI\Celebal_Excellence_Internship\fashion-visual-search\data\subset\images\3569.jpg,Men,Footwear,Sandal,Sandals,Brown,Summer,2011.0,Casual,ADIDAS Mens Lightbone Brown Sandal,index
33505,33505.jpg,F:\CEI\Celebal_Excellence_Internship\fashion-visual-search\data\subset\images\33505.jpg,Women,Apparel,Dress,Dresses,Pink,Summer,2012.0,Casual,Doodle Kids Girl Printed Pink Dress,index
33689,33689.jpg,F:\CEI\Celebal_Excellence_Internship\fashion-visual-search\data\subset\images\33689.jpg,Men,Footwear,Shoes,Casual Shoes,White,Winter,2012.0,Casual,Cobblerz Men White & Blue Casual Shoes,index
11693,11693.jpg,F:\CEI\Celebal_Excellence_Internship\fashion-visual-search\data\subset\images\11693.jpg,Men,Apparel,Topwear,Shirts,Red,Fall,2011.0,Casual,Lee Men Check Red Shirts,index
24391,24391.jpg,F:\CEI\Celebal_Excellence_Internship\fashion-visual-search\data\subset\images\24391.jpg,Women,Apparel,Topwear,Kurtas,Orange,Fall,2011.0,Ethnic,Folklore Women Orange Printed Kurta,index
21306,21306.jpg,F:\CEI\Celebal_Excellence_Internship\fashion-visual-search\data\subset\images\21306.jpg,Women,Accessories,Eyewear,Sunglasses,Purple,Winter,2016.0,Casual,Celine Dion Women Purple Frame Sunglasses,index
39822,39822.jpg,F:\CEI\Celebal_Excellence_Internship\fashion-visual-search\data\subset\images\39822.jpg,Men,Footwear,Sandal,Sandals,Brown,Summer,2012.0,Casual,Red Tape Men Brown Sandals,index
34751,34751.jpg,F:\CEI\Celebal_Excellence_Internship\fashion-visual-search\data\subset\images\34751.jpg,Men,Footwear,Shoes,Casual Shoes,Brown,Summer,2012.0,Casual,Puma Men Benecio Mid Leather Brown Shoes,index
41990,41990.jpg,F:\CEI\Celebal_Excellence_Internship\fashion-visual-search\data\subset\images\41990.jpg,Boys,Apparel,Topwear,Shirts,Black,Summer,2012.0,Casual,Gini and Jony Boys Check Black Shirt,index
25651,25651.jpg,F:\CEI\Celebal_Excellence_Internship\fashion-visual-search\data\subset\images\25651.jpg,Men,Accessories,Watches,Watches,Black,Summer,2017.0,Casual,Fastrack Men Black Dial Watch N9336SL03,index
43643,43643.jpg,F:\CEI\Celebal_Excellence_Internship\fashion-visual-search\data\subset\images\43643.jpg,Women,Apparel,Dress,Dresses,Magenta,Summer,2012.0,Party,Vero Moda Women Magenta Dress,index
33206,33206.jpg,F:\CEI\Celebal_Excellence_Internship\fashion-visual-search\data\subset\images\33206.jpg,Women,Apparel,Topwear,Tshirts,Green,Summer,2012.0,Casual,Sepia Women Printed Green T-shirt,index
42010,42010.jpg,F:\CEI\Celebal_Excellence_Internship\fashion-visual-search\data\subset\images\42010.jpg,Men,Footwear,Sandal,Sandals,Brown,Summer,2015.0,Casual,Estd. 1977 Men Brown Sandals,index
28396,28396.jpg,F:\CEI\Celebal_Excellence_Internship\fashion-visual-search\data\subset\images\28396.jpg,Women,Accessories,Eyewear,Sunglasses,Brown,Winter,2016.0,Casual,Idee Women Brown Sunglasses,index
12965,12965.jpg,F:\CEI\Celebal_Excellence_Internship\fashion-visual-search\data\subset\images\12965.jpg,Men,Footwear,Sandal,Sandals,Black,Fall,2011.0,Casual,ADIDAS Men Comanche Black Sandals,index
53410,53410.jpg,F:\CEI\Celebal_Excellence_Internship\fashion-visual-search\data\subset\images\53410.jpg,Women,Apparel,Topwear,Kurtas,Blue,Fall,2012.0,Ethnic,Alma Women Blue & Green Printed Kurta,index
27892,27892.jpg,F:\CEI\Celebal_Excellence_Internship\fashion-visual-search\data\subset\images\27892.jpg,Women,Apparel,Topwear,Shirts,Black,Summer,2012.0,Formal,Scullers For Her Black Striped Shirt,index
8693,8693.jpg,F:\CEI\Celebal_Excellence_Internship\fashion-visual-search\data\subset\images\8693.jpg,Women,Accessories,Eyewear,Sunglasses,Brown,Winter,2016.0,Casual,Fastrack Women FT Girl Brown Sunglasses,index
3301,3301.jpg,F:\CEI\Celebal_Excellence_Internship\fashion-visual-search\data\subset\images\3301.jpg,Women,Footwear,Shoes,Sports Shoes,White,Spring,2011.0,Sports,Asics Women Gel Cushioning White Pink Shoe,index
26646,26646.jpg,F:\CEI\Celebal_Excellence_Internship\fashion-visual-search\data\subset\images\26646.jpg,Men,Footwear,Shoes,Casual Shoes,Black,Summer,2012.0,Casual,Puma Men Driving Power Black Shoes,index
30880,30880.jpg,F:\CEI\Celebal_Excellence_Internship\fashion-visual-search\data\subset\images\30880.jpg,Women,Apparel,Topwear,Kurtas,Yellow,Summer,2012.0,Ethnic,Fabindia Women Printed Yellow Kurta,index
16399,16399.jpg,F:\CEI\Celebal_Excellence_Internship\fashion-visual-search\data\subset\images\16399.jpg,Men,Apparel,Topwear,Shirts,White,Fall,2011.0,Casual,Levis Men White Striped Shirt,index
51465,51465.jpg,F:\CEI\Celebal_Excellence_Internship\fashion-visual-search\data\subset\images\51465.jpg,Women,Apparel,Dress,Dresses,Teal,Summer,2012.0,Casual,Tonga Women Teal Dress,index
28602,28602.jpg,F:\CEI\Celebal_Excellence_Internship\fashion-visual-search\data\subset\images\28602.jpg,Men,Footwear,Shoes,Sports Shoes,White,Summer,2012.0,Casual,Nike Men Air force 1 White Shoes,index
8218,8218.jpg,F:\CEI\Celebal_Excellence_Internship\fashion-visual-search\data\subset\images\8218.jpg,Men,Footwear,Shoes,Sports Shoes,White,Summer,2012.0,Sports,Nike Men's Air Googly 2 White Orange Shoe,index
43677,43677.jpg,F:\CEI\Celebal_Excellence_Internship\fashion-visual-search\data\subset\images\43677.jpg,Women,Apparel,Dress,Dresses,Navy Blue,Summer,2012.0,Casual,French Connection Navy Blue Dress,index
54679,54679.jpg,F:\CEI\Celebal_Excellence_Internship\fashion-visual-search\data\subset\images\54679.jpg,Women,Accessories,Watches,Watches,Charcoal,Winter,2016.0,Casual,Fastrack Women White Dial Watch,index
37929,37929.jpg,F:\CEI\Celebal_Excellence_Internship\fashion-visual-search\data\subset\images\37929.jpg,Women,Apparel,Dress,Dresses,Pink,Summer,2012.0,Casual,Mineral Women Pink Dress,index
16864,16864.jpg,F:\CEI\Celebal_Excellence_Internship\fashion-visual-search\data\subset\images\16864.jpg,Men,Accessories,Eyewear,Sunglasses,Black,Winter,2016.0,Casual,Idee Men Funky Eyewear Black Sunglasses,index
40560,40560.jpg,F:\CEI\Celebal_Excellence_Internship\fashion-visual-search\data\subset\images\40560.jpg,Men,Accessories,Watches,Watches,Black,Summer,2017.0,Casual,Titan Men Black Dial Watch NB9154YM05A,index
20158,20158.jpg,F:\CEI\Celebal_Excellence_Internship\fashion-visual-search\data\subset\images\20158.jpg,Men,Apparel,Topwear,Shirts,Blue,Fall,2011.0,Casual,Wrangler Men Festa Blue Shirt,index
4490,4490.jpg,F:\CEI\Celebal_Excellence_Internship\fashion-visual-search\data\subset\images\4490.jpg,Men,Footwear,Shoes,Sports Shoes,Silver,Summer,2011.0,Sports,Lotto Men Vienna Silver Shoe,index
28292,28292.jpg,F:\CEI\Celebal_Excellence_Internship\fashion-visual-search\data\subset\images\28292.jpg,Men,Accessories,Eyewear,Sunglasses,Black,Summer,2017.0,Casual,Fastrack Men Black Sunglasses,index
37746,37746.jpg,F:\CEI\Celebal_Excellence_Internship\fashion-visual-search\data\subset\images\37746.jpg,Men,Apparel,Topwear,Shirts,Blue,Summer,2012.0,Casual,John Players Men Check Blue Shirt,index
44494,44494.jpg,F:\CEI\Celebal_Excellence_Internship\fashion-visual-search\data\subset\images\44494.jpg,Men,Footwear,Shoes,Casual Shoes,Blue,Summer,2012.0,Casual,Gliders Men Blue Shoes,index
49542,49542.jpg,F:\CEI\Celebal_Excellence_Internship\fashion-visual-search\data\subset\images\49542.jpg,Women,Accessories,Bags,Handbags,Blue,Summer,2012.0,Casual,Rocia Women Blue Handbag,index
22749,22749.jpg,F:\CEI\Celebal_Excellence_Internship\fashion-visual-search\data\subset\images\22749.jpg,Women,Apparel,Topwear,Kurtas,Blue,Fall,2011.0,Ethnic,BIBA Women Printed Blue Kurta,index
17553,17553.jpg,F:\CEI\Celebal_Excellence_Internship\fashion-visual-search\data\subset\images\17553.jpg,Men,Apparel,Topwear,Shirts,Grey,Fall,2011.0,Formal,Mark Taylor Men Grey & White Striped Shirt,index
2101,2101.jpg,F:\CEI\Celebal_Excellence_Internship\fashion-visual-search\data\subset\images\2101.jpg,Men,Apparel,Topwear,Shirts,Blue,Winter,2010.0,Casual,Lee Men Check Mason Blue Shirt,index
21168,21168.jpg,F:\CEI\Celebal_Excellence_Internship\fashion-visual-search\data\subset\images\21168.jpg,Women,Apparel,Topwear,Tops,Blue,Fall,2011.0,Casual,s.Oliver Women Check Blue Top,index
59928,59928.jpg,F:\CEI\Celebal_Excellence_Internship\fashion-visual-search\data\subset\images\59928.jpg,Women,Apparel,Topwear,Kurtas,White,Summer,2012.0,Ethnic,Diva Women White Kurta,index
40437,40437.jpg,F:\CEI\Celebal_Excellence_Internship\fashion-visual-search\data\subset\images\40437.jpg,Women,Apparel,Topwear,Kurtas,Brown,Summer,2012.0,Ethnic,La-Emotio Women Brown Kurta,index
51545,51545.jpg,F:\CEI\Celebal_Excellence_Internship\fashion-visual-search\data\subset\images\51545.jpg,Women,Accessories,Watches,Watches,Silver,Winter,2016.0,Casual,Fastrack Women Sliver Dial Watch,index
37001,37001.jpg,F:\CEI\Celebal_Excellence_Internship\fashion-visual-search\data\subset\images\37001.jpg,Women,Accessories,Bags,Handbags,Blue,Summer,2012.0,Casual,Lino Perros Women Blue Sling Bag,index
4025,4025.jpg,F:\CEI\Celebal_Excellence_Internship\fashion-visual-search\data\subset\images\4025.jpg,Unisex,Footwear,Shoes,Casual Shoes,Red,Summer,2011.0,Casual,ADIDAS Unisex High Can Red Black Shoe,index
21532,21532.jpg,F:\CEI\Celebal_Excellence_Internship\fashion-visual-search\data\subset\images\21532.jpg,Women,Accessories,Bags,Handbags,Grey,Winter,2015.0,Casual,Kiara Women Sporty Look Grey Handbag,index
32768,32768.jpg,F:\CEI\Celebal_Excellence_Internship\fashion-visual-search\data\subset\images\32768.jpg,Men,Apparel,Topwear,Tshirts,Grey,Spring,2013.0,Casual,Music Men Printed Grey T-shirt,index
30678,30678.jpg,F:\CEI\Celebal_Excellence_Internship\fashion-visual-search\data\subset\images\30678.jpg,Men,Accessories,Eyewear,Sunglasses,Grey,Winter,2016.0,Casual,Park Avenue Men Navy Sunglasses,index
27198,27198.jpg,F:\CEI\Celebal_Excellence_Internship\fashion-visual-search\data\subset\images\27198.jpg,Women,Apparel,Dress,Dresses,Blue,Summer,2012.0,Casual,Doodle Kids Girl Printed Blue Dress,index
4282,4282.jpg,F:\CEI\Celebal_Excellence_Internship\fashion-visual-search\data\subset\images\4282.jpg,Men,Footwear,Shoes,Casual Shoes,Brown,Summer,2011.0,Casual,Rockport Men Arratoon Brown Shoe,index
8079,8079.jpg,F:\CEI\Celebal_Excellence_Internship\fashion-visual-search\data\subset\images\8079.jpg,Men,Footwear,Sandal,Sandals,Black,Fall,2011.0,Casual,ADIDAS Men Zeitfrei Slide Ff Black Sandals,index
29291,29291.jpg,F:\CEI\Celebal_Excellence_Internship\fashion-visual-search\data\subset\images\29291.jpg,Men,Apparel,Topwear,Shirts,Green,Summer,2012.0,Casual,Wrangler Men Striped Green Shirt,index
28370,28370.jpg,F:\CEI\Celebal_Excellence_Internship\fashion-visual-search\data\subset\images\28370.jpg,Men,Accessories,Eyewear,Sunglasses,Metallic,Winter,2016.0,Casual,Idee Men Metallic Sunglasses,index
33245,33245.jpg,F:\CEI\Celebal_Excellence_Internship\fashion-visual-search\data\subset\images\33245.jpg,Men,Apparel,Topwear,Shirts,Grey,Summer,2012.0,Formal,Arrow Men Grey Slim Fit Shirt,index
38841,38841.jpg,F:\CEI\Celebal_Excellence_Internship\fashion-visual-search\data\subset\images\38841.jpg,Women,Apparel,Dress,Dresses,Brown,Summer,2012.0,Casual,Latin Quarters Women Brown Check Dress,index
57111,57111.jpg,F:\CEI\Celebal_Excellence_Internship\fashion-visual-search\data\subset\images\57111.jpg,Women,Apparel,Topwear,Tops,Blue,Summer,2012.0,Casual,Elle Women Blue Top,index
39458,39458.jpg,F:\CEI\Celebal_Excellence_Internship\fashion-visual-search\data\subset\images\39458.jpg,Women,Apparel,Topwear,Kurtas,White,Summer,2012.0,Ethnic,Diva Women White Kurta,index
41775,41775.jpg,F:\CEI\Celebal_Excellence_Internship\fashion-visual-search\data\subset\images\41775.jpg,Women,Apparel,Topwear,Tops,Green,Summer,2012.0,Casual,Remanika Women Lime Green Top,index
15067,15067.jpg,F:\CEI\Celebal_Excellence_Internship\fashion-visual-search\data\subset\images\15067.jpg,Men,Footwear,Sandal,Sandals,Brown,Summer,2012.0,Casual,Ganuchi Men Brown Sandal,index
38174,38174.jpg,F:\CEI\Celebal_Excellence_Internship\fashion-visual-search\data\subset\images\38174.jpg,Women,Accessories,Eyewear,Sunglasses,Red,Winter,2016.0,Casual,Miami Blues Women Sunglasses,index
44976,44976.jpg,F:\CEI\Celebal_Excellence_Internship\fashion-visual-search\data\subset\images\44976.jpg,Men,Accessories,Watches,Watches,Black,Winter,2016.0,Casual,Maxima Attivo Men Black Dial Watch,index
11196,11196.jpg,F:\CEI\Celebal_Excellence_Internship\fashion-visual-search\data\subset\images\11196.jpg,Men,Accessories,Watches,Watches,Orange,Winter,2016.0,Casual,Carrera Men Strap dial Orange Watches,index
36832,36832.jpg,F:\CEI\Celebal_Excellence_Internship\fashion-visual-search\data\subset\images\36832.jpg,Women,Apparel,Topwear,Kurtas,Green,Summer,2012.0,Ethnic,Vishudh Women Green White & Green Kurta,index
30258,30258.jpg,F:\CEI\Celebal_Excellence_Internship\fashion-visual-search\data\subset\images\30258.jpg,Men,Footwear,Shoes,Casual Shoes,Brown,Winter,2018.0,Casual,Red Tape Men Brown Shoes,index
20512,20512.jpg,F:\CEI\Celebal_Excellence_Internship\fashion-visual-search\data\subset\images\20512.jpg,Women,Accessories,Bags,Handbags,Teal,Winter,2015.0,Casual,Baggit Women Teal Turnoff Taj Handbag,index
26934,26934.jpg,F:\CEI\Celebal_Excellence_Internship\fashion-visual-search\data\subset\images\26934.jpg,Women,Apparel,Dress,Dresses,Black,Summer,2012.0,Casual,Jealous 21 Women Black Dress,index
43268,43268.jpg,F:\CEI\Celebal_Excellence_Internship\fashion-visual-search\data\subset\images\43268.jpg,Women,Apparel,Topwear,Kurtas,Pink,Summer,2012.0,Ethnic,Aneri Women Pink Kurta,index
16111,16111.jpg,F:\CEI\Celebal_Excellence_Internship\fashion-visual-search\data\subset\images\16111.jpg,Men,Footwear,Sandal,Sandals,Brown,Fall,2011.0,Casual,Numero Uno Men Casual Brown Slipper,index
59969,59969.jpg,F:\CEI\Celebal_Excellence_Internship\fashion-visual-search\data\subset\images\59969.jpg,Women,Apparel,Dress,Dresses,Black,Fall,2012.0,Casual,Avirate Black Dress,index
25826,25826.jpg,F:\CEI\Celebal_Excellence_Internship\fashion-visual-search\data\subset\images\25826.jpg,Women,Apparel,Topwear,Kurtas,Brown,Summer,2012.0,Ethnic,Diva Women Printed Brown Kurta,index
12697,12697.jpg,F:\CEI\Celebal_Excellence_Internship\fashion-visual-search\data\subset\images\12697.jpg,Men,Footwear,Shoes,Sports Shoes,White,Fall,2011.0,Sports,Nike Men Egoli TF White Sports Shoes,index
59995,59995.jpg,F:\CEI\Celebal_Excellence_Internship\fashion-visual-search\data\subset\images\59995.jpg,Women,Apparel,Dress,Dresses,Black,Fall,2012.0,Party,Avirate Black Dress,index
15288,15288.jpg,F:\CEI\Celebal_Excellence_Internship\fashion-visual-search\data\subset\images\15288.jpg,Men,Footwear,Shoes,Casual Shoes,Black,Summer,2012.0,Casual,Fila Men Mercury Black Shoes,index
26902,26902.jpg,F:\CEI\Celebal_Excellence_Internship\fashion-visual-search\data\subset\images\26902.jpg,Women,Apparel,Topwear,Tops,Lavender,Summer,2012.0,Casual,Jealous 21 Women Printed Lavender Top,index
34831,34831.jpg,F:\CEI\Celebal_Excellence_Internship\fashion-visual-search\data\subset\images\34831.jpg,Men,Footwear,Shoes,Sports Shoes,White,Summer,2012.0,Sports,ADIDAS Men Bolt White Sports Shoes,index
10204,10204.jpg,F:\CEI\Celebal_Excellence_Internship\fashion-visual-search\data\subset\images\10204.jpg,Women,Accessories,Bags,Handbags,Purple,Winter,2015.0,Casual,Murcia Women Hahk Purple Handbags,index
6821,6821.jpg,F:\CEI\Celebal_Excellence_Internship\fashion-visual-search\data\subset\images\6821.jpg,Men,Footwear,Sandal,Sandals,Brown,Summer,2011.0,Casual,Timberland Men City Brown Floater,index
7181,7181.jpg,F:\CEI\Celebal_Excellence_Internship\fashion-visual-search\data\subset\images\7181.jpg,Women,Apparel,Topwear,Tops,White,Fall,2011.0,Casual,Jealous 21 Women Off White Flower Printed Top,index
10354,10354.jpg,F:\CEI\Celebal_Excellence_Internship\fashion-visual-search\data\subset\images\10354.jpg,Women,Apparel,Topwear,Tops,Blue,Fall,2011.0,Casual,United Colors of Benetton Women Checks Blue Tops,index
23321,23321.jpg,F:\CEI\Celebal_Excellence_Internship\fashion-visual-search\data\subset\images\23321.jpg,Women,Apparel,Topwear,Kurtas,Brown,Fall,2011.0,Ethnic,W Women Brown Printed Kurta,index
2820,2820.jpg,F:\CEI\Celebal_Excellence_Internship\fashion-visual-search\data\subset\images\2820.jpg,Men,Footwear,Sandal,Sandals,Black,Summer,2012.0,Formal,Lee Cooper Men Formal Leather Black Sandal,index
28656,28656.jpg,F:\CEI\Celebal_Excellence_Internship\fashion-visual-search\data\subset\images\28656.jpg,Men,Footwear,Shoes,Sports Shoes,White,Summer,2012.0,Casual,Nike Men Air Quick Handle White Shoes,index
33425,33425.jpg,F:\CEI\Celebal_Excellence_Internship\fashion-visual-search\data\subset\images\33425.jpg,Women,Accessories,Bags,Handbags,Brown,Fall,2012.0,Casual,Baggit Women Brown Sling Bag,index
46845,46845.jpg,F:\CEI\Celebal_Excellence_Internship\fashion-visual-search\data\subset\images\46845.jpg,Girls,Footwear,Sandal,Sandals,Pink,Winter,2012.0,Casual,Barbie Pink Girls Slippers,index
30002,30002.jpg,F:\CEI\Celebal_Excellence_Internship\fashion-visual-search\data\subset\images\30002.jpg,Women,Accessories,Watches,Watches,Gold,Winter,2016.0,Casual,Aspen Women White Dial Watch,index
36791,36791.jpg,F:\CEI\Celebal_Excellence_Internship\fashion-visual-search\data\subset\images\36791.jpg,Men,Accessories,Watches,Watches,Steel,Winter,2016.0,Casual,Maxima Men Steel Dial Attivo Watch,index
16090,16090.jpg,F:\CEI\Celebal_Excellence_Internship\fashion-visual-search\data\subset\images\16090.jpg,Men,Accessories,Eyewear,Sunglasses,Brown,Winter,2016.0,Casual,M tv Men My Fab Eyewear Brown Sunglasses,index
28388,28388.jpg,F:\CEI\Celebal_Excellence_Internship\fashion-visual-search\data\subset\images\28388.jpg,Men,Accessories,Eyewear,Sunglasses,Brown,Winter,2016.0,Casual,Idee Men Brown Sunglasses,index
3627,3627.jpg,F:\CEI\Celebal_Excellence_Internship\fashion-visual-search\data\subset\images\3627.jpg,Men,Footwear,Sandal,Sandals,Black,Summer,2011.0,Casual,Puma Men Argon Black Sandal,index
8234,8234.jpg,F:\CEI\Celebal_Excellence_Internship\fashion-visual-search\data\subset\images\8234.jpg,Women,Accessories,Bags,Handbags,Pink,Winter,2016.0,Casual,Fastrack Women Cross Body Hobo Hand Bag,index
15832,15832.jpg,F:\CEI\Celebal_Excellence_Internship\fashion-visual-search\data\subset\images\15832.jpg,Women,Apparel,Topwear,Kurtas,Pink,Fall,2011.0,Ethnic,Visudh Pink Printed Ethnic Kurta,index
40430,40430.jpg,F:\CEI\Celebal_Excellence_Internship\fashion-visual-search\data\subset\images\40430.jpg,Women,Apparel,Dress,Dresses,Grey,Summer,2012.0,Casual,Tonga Women Grey Dress,index
34015,34015.jpg,F:\CEI\Celebal_Excellence_Internship\fashion-visual-search\data\subset\images\34015.jpg,Girls,Apparel,Dress,Dresses,Magenta,Summer,2012.0,Casual,Gini and Jony Girls Pink Dress,index
46801,46801.jpg,F:\CEI\Celebal_Excellence_Internship\fashion-visual-search\data\subset\images\46801.jpg,Men,Footwear,Shoes,Sports Shoes,Grey,Summer,2012.0,Sports,Nike Men Grey & White Sports Shoes,index
44443,44443.jpg,F:\CEI\Celebal_Excellence_Internship\fashion-visual-search\data\subset\images\44443.jpg,Men,Footwear,Sandal,Sandals,Black,Fall,2012.0,Casual,Gliders Men Black & Brown Volant Sandals,index
38204,38204.jpg,F:\CEI\Celebal_Excellence_Internship\fashion-visual-search\data\subset\images\38204.jpg,Women,Accessories,Eyewear,Sunglasses,Grey,Winter,2016.0,Casual,Polaroid Women Sunglasses,index
44944,44944.jpg,F:\CEI\Celebal_Excellence_Internship\fashion-visual-search\data\subset\images\44944.jpg,Women,Apparel,Dress,Dresses,Navy Blue,Fall,2012.0,Casual,United Colors of Benetton Women Navy Blue Dress,index
38660,38660.jpg,F:\CEI\Celebal_Excellence_Internship\fashion-visual-search\data\subset\images\38660.jpg,Men,Footwear,Shoes,Casual Shoes,Maroon,Summer,2012.0,Casual,Nike Men Braata Canvas Red Casual Shoes,index
59941,59941.jpg,F:\CEI\Celebal_Excellence_Internship\fashion-visual-search\data\subset\images\59941.jpg,Men,Footwear,Shoes,Casual Shoes,Navy Blue,Spring,2013.0,Casual,Vans Men Navy Blue Casual Shoes,index
35166,35166.jpg,F:\CEI\Celebal_Excellence_Internship\fashion-visual-search\data\subset\images\35166.jpg,Men,Footwear,Sandal,Sandals,Brown,Summer,2012.0,Casual,Coolers by Liberty Men Brown Sandals,index
22865,22865.jpg,F:\CEI\Celebal_Excellence_Internship\fashion-visual-search\data\subset\images\22865.jpg,Men,Footwear,Shoes,Casual Shoes,Khaki,Summer,2016.0,Casual,Woodland Men Khaki Casual Shoes,index
12954,12954.jpg,F:\CEI\Celebal_Excellence_Internship\fashion-visual-search\data\subset\images\12954.jpg,Men,Footwear,Shoes,Sports Shoes,White,Fall,2011.0,Sports,ADIDAS Men Sports White Sports Shoes,index
36234,36234.jpg,F:\CEI\Celebal_Excellence_Internship\fashion-visual-search\data\subset\images\36234.jpg,Women,Apparel,Topwear,Kurtas,Pink,Summer,2012.0,Ethnic,W Women Pink Kurta,index
14498,14498.jpg,F:\CEI\Celebal_Excellence_Internship\fashion-visual-search\data\subset\images\14498.jpg,Men,Footwear,Shoes,Casual Shoes,Black,Fall,2011.0,Casual,Flying Machine Men Casual Black Casual Shoes,index
20892,20892.jpg,F:\CEI\Celebal_Excellence_Internship\fashion-visual-search\data\subset\images\20892.jpg,Men,Footwear,Shoes,Casual Shoes,Black,Fall,2011.0,Casual,Basics Men Black Casual Shoes,index
38171,38171.jpg,F:\CEI\Celebal_Excellence_Internship\fashion-visual-search\data\subset\images\38171.jpg,Women,Accessories,Eyewear,Sunglasses,Brown,Winter,2016.0,Casual,Miami Blues Women Brown Sunglasses,index
16840,16840.jpg,F:\CEI\Celebal_Excellence_Internship\fashion-visual-search\data\subset\images\16840.jpg,Women,Accessories,Eyewear,Sunglasses,Maroon,Winter,2016.0,Casual,Idee Women Funky Eyewear Maroon Sunglasses,index
4208,4208.jpg,F:\CEI\Celebal_Excellence_Internship\fashion-visual-search\data\subset\images\4208.jpg,Boys,Apparel,Topwear,Tshirts,Red,Summer,2011.0,Casual,Disney Kids Boy's Red Geo Team Kidswear,index
53864,53864.jpg,F:\CEI\Celebal_Excellence_Internship\fashion-visual-search\data\subset\images\53864.jpg,Women,Apparel,Topwear,Kurtas,Brown,Summer,2012.0,Ethnic,Vishudh Women Brown Printed Kurta,index
47886,47886.jpg,F:\CEI\Celebal_Excellence_Internship\fashion-visual-search\data\subset\images\47886.jpg,Women,Accessories,Bags,Handbags,Brown,Summer,2012.0,Casual,Murcia Women Dark Brown Handbag,index
15933,15933.jpg,F:\CEI\Celebal_Excellence_Internship\fashion-visual-search\data\subset\images\15933.jpg,Men,Apparel,Topwear,Tshirts,Blue,Fall,2011.0,Casual,Regent Polo Club Men Solid Blue Tshirt,index
5471,5471.jpg,F:\CEI\Celebal_Excellence_Internship\fashion-visual-search\data\subset\images\5471.jpg,Men,Footwear,Shoes,Sports Shoes,Red,Summer,2011.0,Sports,Nike Men's Air Force Red Shoe,index
45003,45003.jpg,F:\CEI\Celebal_Excellence_Internship\fashion-visual-search\data\subset\images\45003.jpg,Men,Accessories,Watches,Watches,Black,Winter,2016.0,Casual,Maxima Men Scuba Digital Watch,index
44441,44441.jpg,F:\CEI\Celebal_Excellence_Internship\fashion-visual-search\data\subset\images\44441.jpg,Men,Footwear,Sandal,Sandals,Brown,Summer,2013.0,Casual,Gliders Men Brown Davis Sandals,index
48100,48100.jpg,F:\CEI\Celebal_Excellence_Internship\fashion-visual-search\data\subset\images\48100.jpg,Women,Apparel,Topwear,Tops,Rust,Summer,2012.0,Casual,French Connection Women Rust Top,index
34591,34591.jpg,F:\CEI\Celebal_Excellence_Internship\fashion-visual-search\data\subset\images\34591.jpg,Women,Apparel,Dress,Dresses,Multi,Summer,2012.0,Casual,Tonga Women Printed Multi Dress,index
24817,24817.jpg,F:\CEI\Celebal_Excellence_Internship\fashion-visual-search\data\subset\images\24817.jpg,Men,Apparel,Topwear,Shirts,Navy Blue,Fall,2011.0,Casual,Basics Men Navy Slim Fit Checked Shirt,index
29977,29977.jpg,F:\CEI\Celebal_Excellence_Internship\fashion-visual-search\data\subset\images\29977.jpg,Women,Accessories,Watches,Watches,White,Summer,2017.0,Casual,Aspen Women White Dial Watch AP1102,index
36750,36750.jpg,F:\CEI\Celebal_Excellence_Internship\fashion-visual-search\data\subset\images\36750.jpg,Girls,Apparel,Dress,Dresses,Navy Blue,Summer,2012.0,Casual,Little Miss Girls Chatterbox Navy Blue Dress,index
13978,13978.jpg,F:\CEI\Celebal_Excellence_Internship\fashion-visual-search\data\subset\images\13978.jpg,Men,Footwear,Shoes,Casual Shoes,White,Fall,2011.0,Casual,Puma Men Wirko White Casual Shoes,index
12830,12830.jpg,F:\CEI\Celebal_Excellence_Internship\fashion-visual-search\data\subset\images\12830.jpg,Women,Apparel,Dress,Dresses,Green,Fall,2011.0,Casual,Ant Kids Peaceful Day Green Dresses,index
20016,20016.jpg,F:\CEI\Celebal_Excellence_Internship\fashion-visual-search\data\subset\images\20016.jpg,Women,Apparel,Topwear,Tops,Pink,Summer,2012.0,Casual,United Colors of Benetton Women Printed Pink Top,index
39623,39623.jpg,F:\CEI\Celebal_Excellence_Internship\fashion-visual-search\data\subset\images\39623.jpg,Men,Footwear,Shoes,Sports Shoes,White,Summer,2012.0,Sports,Nike Men Sports Shoes,index
51704,51704.jpg,F:\CEI\Celebal_Excellence_Internship\fashion-visual-search\data\subset\images\51704.jpg,Unisex,Accessories,Eyewear,Sunglasses,Purple,Winter,2016.0,Casual,Van Heusen Unisex Sunglasses VH220-C2,index
14334,14334.jpg,F:\CEI\Celebal_Excellence_Internship\fashion-visual-search\data\subset\images\14334.jpg,Men,Footwear,Shoes,Sports Shoes,White,Fall,2011.0,Sports,Nike Men Lunarglide +3 White Sports Shoes,index
43179,43179.jpg,F:\CEI\Celebal_Excellence_Internship\fashion-visual-search\data\subset\images\43179.jpg,Men,Accessories,Watches,Watches,White,Winter,2016.0,Casual,Fastrack Men White Dial Watch,index
41653,41653.jpg,F:\CEI\Celebal_Excellence_Internship\fashion-visual-search\data\subset\images\41653.jpg,Men,Apparel,Topwear,Shirts,Blue,Summer,2012.0,Formal,Mark Taylor Men Blue Striped Shirt,index
40658,40658.jpg,F:\CEI\Celebal_Excellence_Internship\fashion-visual-search\data\subset\images\40658.jpg,Women,Apparel,Topwear,Kurtas,Multi,Summer,2012.0,Ethnic,Span Women Multi Coloured Kurta,index
31123,31123.jpg,F:\CEI\Celebal_Excellence_Internship\fashion-visual-search\data\subset\images\31123.jpg,Girls,Apparel,Topwear,Tops,White,Summer,2012.0,Casual,Gini and Jony Girls Printed White Top,index
26890,26890.jpg,F:\CEI\Celebal_Excellence_Internship\fashion-visual-search\data\subset\images\26890.jpg,Women,Apparel,Topwear,Tops,Pink,Summer,2012.0,Casual,Jealous 21 Women Printed Pink Top,index
22867,22867.jpg,F:\CEI\Celebal_Excellence_Internship\fashion-visual-search\data\subset\images\22867.jpg,Men,Footwear,Shoes,Casual Shoes,Brown,Summer,2012.0,Casual,Woodland Men Brown Casual Shoes,index
34563,34563.jpg,F:\CEI\Celebal_Excellence_Internship\fashion-visual-search\data\subset\images\34563.jpg,Men,Footwear,Shoes,Casual Shoes,Black,Winter,2018.0,Casual,Red Tape Men Black Shoes,index
48257,48257.jpg,F:\CEI\Celebal_Excellence_Internship\fashion-visual-search\data\subset\images\48257.jpg,Boys,Apparel,Topwear,Tshirts,Red,Summer,2012.0,Casual,The Amazing Spiderman Boys Red T-shirt,index
22245,22245.jpg,F:\CEI\Celebal_Excellence_Internship\fashion-visual-search\data\subset\images\22245.jpg,Men,Footwear,Shoes,Casual Shoes,Brown,Summer,2011.0,Casual,ID Men Brown Casual Shoes,index
19767,19767.jpg,F:\CEI\Celebal_Excellence_Internship\fashion-visual-search\data\subset\images\19767.jpg,Unisex,Accessories,Watches,Watches,Peach,Winter,2016.0,Casual,Ice Unisex Sili Peach Watch,index
22031,22031.jpg,F:\CEI\Celebal_Excellence_Internship\fashion-visual-search\data\subset\images\22031.jpg,Women,Apparel,Topwear,Kurtas,Blue,Fall,2011.0,Ethnic,Vishudh Women Printed Blue Kurta,index
53914,53914.jpg,F:\CEI\Celebal_Excellence_Internship\fashion-visual-search\data\subset\images\53914.jpg,Women,Accessories,Bags,Handbags,White,Summer,2012.0,Casual,Kiara Women White Handbag,index
33752,33752.jpg,F:\CEI\Celebal_Excellence_Internship\fashion-visual-search\data\subset\images\33752.jpg,Women,Apparel,Topwear,Tops,White,Summer,2012.0,Casual,Vero Moda Women White & Pink Top,index
20613,20613.jpg,F:\CEI\Celebal_Excellence_Internship\fashion-visual-search\data\subset\images\20613.jpg,Women,Accessories,Bags,Handbags,Purple,Winter,2015.0,Casual,Baggit Women Ishqx Barat Purple Handbag,index
2220,2220.jpg,F:\CEI\Celebal_Excellence_Internship\fashion-visual-search\data\subset\images\2220.jpg,Men,Footwear,Sandal,Sandals,Black,Fall,2010.0,Sports,Puma Men Carbon Black Sandal,index
30886,30886.jpg,F:\CEI\Celebal_Excellence_Internship\fashion-visual-search\data\subset\images\30886.jpg,Women,Apparel,Topwear,Kurtas,Red,Summer,2012.0,Ethnic,Fabindia Women Printed Red Kurta,index
12629,12629.jpg,F:\CEI\Celebal_Excellence_Internship\fashion-visual-search\data\subset\images\12629.jpg,Men,Apparel,Topwear,Tshirts,Red,Fall,2011.0,Casual,Probase Men Printed Red Tshirts,index
45926,45926.jpg,F:\CEI\Celebal_Excellence_Internship\fashion-visual-search\data\subset\images\45926.jpg,Men,Accessories,Watches,Watches,Black,Winter,2016.0,Casual,Maxima Ssteele Men Black Dial Watch,index
20177,20177.jpg,F:\CEI\Celebal_Excellence_Internship\fashion-visual-search\data\subset\images\20177.jpg,Men,Apparel,Topwear,Shirts,Maroon,Fall,2011.0,Casual,Wrangler Men Tiny Maroon Shirt,index
32374,32374.jpg,F:\CEI\Celebal_Excellence_Internship\fashion-visual-search\data\subset\images\32374.jpg,Women,Accessories,Watches,Watches,White,Winter,2016.0,Casual,Q&Q Women White Dial Watch,index
23899,23899.jpg,F:\CEI\Celebal_Excellence_Internship\fashion-visual-search\data\subset\images\23899.jpg,Men,Footwear,Sandal,Sandals,Brown,Fall,2011.0,Casual,Fila Men Wiser Brown Sandals,index
15745,15745.jpg,F:\CEI\Celebal_Excellence_Internship\fashion-visual-search\data\subset\images\15745.jpg,Women,Footwear,Shoes,Sports Shoes,Silver,Summer,2012.0,Sports,Nike Women Transform III Silver Sports Shoes,index
47222,47222.jpg,F:\CEI\Celebal_Excellence_Internship\fashion-visual-search\data\subset\images\47222.jpg,Men,Footwear,Sandal,Sandals,Brown,Summer,2012.0,Casual,Franco Leone Men Brown Sandals,index
39815,39815.jpg,F:\CEI\Celebal_Excellence_Internship\fashion-visual-search\data\subset\images\39815.jpg,Men,Footwear,Sandal,Sandals,Black,Summer,2013.0,Casual,Red Tape Men Black Sandals,index
10806,10806.jpg,F:\CEI\Celebal_Excellence_Internship\fashion-visual-search\data\subset\images\10806.jpg,Men,Apparel,Topwear,Shirts,Green,Fall,2011.0,Casual,Wrangler Men Stampede Printed Stripe Green Shirts,index
6638,6638.jpg,F:\CEI\Celebal_Excellence_Internship\fashion-visual-search\data\subset\images\6638.jpg,Women,Footwear,Shoes,Casual Shoes,Black,Summer,2011.0,Casual,Nike Women Tenkay Slip Black Shoe,index
23240,23240.jpg,F:\CEI\Celebal_Excellence_Internship\fashion-visual-search\data\subset\images\23240.jpg,Women,Apparel,Topwear,Kurtas,Blue,Fall,2011.0,Ethnic,Aneri Women Ashna Blue Kurta,index
42859,42859.jpg,F:\CEI\Celebal_Excellence_Internship\fashion-visual-search\data\subset\images\42859.jpg,Women,Accessories,Bags,Handbags,Brown,Summer,2012.0,Casual,French Connection Women Brown Alexandra Handbag,index
38222,38222.jpg,F:\CEI\Celebal_Excellence_Internship\fashion-visual-search\data\subset\images\38222.jpg,Unisex,Accessories,Eyewear,Sunglasses,Brown,Winter,2016.0,Casual,Polaroid Unisex Sunglasses,index
6320,6320.jpg,F:\CEI\Celebal_Excellence_Internship\fashion-visual-search\data\subset\images\6320.jpg,Men,Apparel,Topwear,Shirts,Grey,Summer,2011.0,Casual,UCB Men Small Checks Yellow Shirt,index
48184,48184.jpg,F:\CEI\Celebal_Excellence_Internship\fashion-visual-search\data\subset\images\48184.jpg,Women,Accessories,Bags,Handbags,Brown,Winter,2016.0,Casual,Fossil Women Brown Handbag,index
7593,7593.jpg,F:\CEI\Celebal_Excellence_Internship\fashion-visual-search\data\subset\images\7593.jpg,Men,Footwear,Shoes,Sports Shoes,White,Summer,2011.0,Sports,Nike Men Zoom Vapor 8 White Red Shoe,index
58672,58672.jpg,F:\CEI\Celebal_Excellence_Internship\fashion-visual-search\data\subset\images\58672.jpg,Women,Apparel,Topwear,Kurtas,Navy Blue,Summer,2012.0,Ethnic,ALayna Women Navy Blue Kurta,index
9156,9156.jpg,F:\CEI\Celebal_Excellence_Internship\fashion-visual-search\data\subset\images\9156.jpg,Women,Apparel,Topwear,Tops,Purple,Fall,2011.0,Casual,Jealous 21 Women Lavender Purple Tops,index
43277,43277.jpg,F:\CEI\Celebal_Excellence_Internship\fashion-visual-search\data\subset\images\43277.jpg,Women,Accessories,Bags,Handbags,Lavender,Winter,2012.0,Casual,Murcia Women Lavender Handbag,index
4132,4132.jpg,F:\CEI\Celebal_Excellence_Internship\fashion-visual-search\data\subset\images\4132.jpg,Men,Footwear,Shoes,Casual Shoes,Red,Summer,2011.0,Casual,Fila Men's Mustang Red Shoe,index
18631,18631.jpg,F:\CEI\Celebal_Excellence_Internship\fashion-visual-search\data\subset\images\18631.jpg,Men,Apparel,Topwear,Tshirts,Navy Blue,Fall,2011.0,Casual,Puma Men GP Speed Navy Blue Tshirts,index
22889,22889.jpg,F:\CEI\Celebal_Excellence_Internship\fashion-visual-search\data\subset\images\22889.jpg,Men,Footwear,Sandal,Sandals,Khaki,Summer,2012.0,Casual,Woodland Men Khaki Sandals,index
19825,19825.jpg,F:\CEI\Celebal_Excellence_Internship\fashion-visual-search\data\subset\images\19825.jpg,Men,Apparel,Topwear,Shirts,Green,Fall,2011.0,Casual,U.S. Polo Assn. Men Check Green Shirt,index
8606,8606.jpg,F:\CEI\Celebal_Excellence_Internship\fashion-visual-search\data\subset\images\8606.jpg,Men,Apparel,Topwear,Tshirts,Red,Fall,2011.0,Casual,Scullers Men Red Polo T-Shirts,index
19735,19735.jpg,F:\CEI\Celebal_Excellence_Internship\fashion-visual-search\data\subset\images\19735.jpg,Women,Apparel,Topwear,Shirts,White,Fall,2011.0,Casual,United Colors of Benetton Women White Shirt,index
15475,15475.jpg,F:\CEI\Celebal_Excellence_Internship\fashion-visual-search\data\subset\images\15475.jpg,Men,Apparel,Topwear,Tshirts,Blue,Fall,2011.0,Casual,Puma Men Logo Blue Tshirts,index
49567,49567.jpg,F:\CEI\Celebal_Excellence_Internship\fashion-visual-search\data\subset\images\49567.jpg,Women,Accessories,Bags,Handbags,Black,Summer,2015.0,Casual,Spice Art Women Black Handbag,index
43380,43380.jpg,F:\CEI\Celebal_Excellence_Internship\fashion-visual-search\data\subset\images\43380.jpg,Men,Footwear,Shoes,Casual Shoes,White,Summer,2012.0,Casual,Reebok Men White Mamba Casual Shoes,index
43377,43377.jpg,F:\CEI\Celebal_Excellence_Internship\fashion-visual-search\data\subset\images\43377.jpg,Men,Footwear,Sandal,Sandals,Navy Blue,Summer,2013.0,Casual,Reebok Men Navy Blue Coalition Sandals,index
12494,12494.jpg,F:\CEI\Celebal_Excellence_Internship\fashion-visual-search\data\subset\images\12494.jpg,Women,Apparel,Topwear,Tops,Grey,Fall,2011.0,Casual,United Colors of Benetton Women Short Grey Tops,index
53651,53651.jpg,F:\CEI\Celebal_Excellence_Internship\fashion-visual-search\data\subset\images\53651.jpg,Women,Accessories,Bags,Handbags,Blue,Summer,2012.0,Casual,Kiara Women Blue Handbag,index
17497,17497.jpg,F:\CEI\Celebal_Excellence_Internship\fashion-visual-search\data\subset\images\17497.jpg,Men,Apparel,Topwear,Tshirts,Grey,Fall,2011.0,Casual,Classic Polo Men Stripes Grey Polo T-Shirt,index
37494,37494.jpg,F:\CEI\Celebal_Excellence_Internship\fashion-visual-search\data\subset\images\37494.jpg,Men,Accessories,Watches,Watches,White,Winter,2016.0,Casual,Esprit Men White Dial Watch,index
29099,29099.jpg,F:\CEI\Celebal_Excellence_Internship\fashion-visual-search\data\subset\images\29099.jpg,Men,Footwear,Shoes,Casual Shoes,Grey,Summer,2012.0,Casual,ADIDAS Men Agora Lea Grey Shoes,index
51460,51460.jpg,F:\CEI\Celebal_Excellence_Internship\fashion-visual-search\data\subset\images\51460.jpg,Women,Apparel,Topwear,Tops,White,Summer,2012.0,Casual,Tonga Women White & Black Top,index
7441,7441.jpg,F:\CEI\Celebal_Excellence_Internship\fashion-visual-search\data\subset\images\7441.jpg,Men,Apparel,Topwear,Tshirts,Grey,Summer,2011.0,Casual,Proline Men Grey Striped T-shirt,index
49646,49646.jpg,F:\CEI\Celebal_Excellence_Internship\fashion-visual-search\data\subset\images\49646.jpg,Women,Apparel,Dress,Dresses,Navy Blue,Summer,2012.0,Casual,Mineral Navy Blue Printed Dress,index
28297,28297.jpg,F:\CEI\Celebal_Excellence_Internship\fashion-visual-search\data\subset\images\28297.jpg,Men,Accessories,Eyewear,Sunglasses,Black,Winter,2016.0,Casual,Fastrack Men Black Sunglasses,index
41570,41570.jpg,F:\CEI\Celebal_Excellence_Internship\fashion-visual-search\data\subset\images\41570.jpg,Women,Apparel,Dress,Dresses,Pink,Summer,2012.0,Casual,AND Women Pink Dress,index
9480,9480.jpg,F:\CEI\Celebal_Excellence_Internship\fashion-visual-search\data\subset\images\9480.jpg,Men,Apparel,Topwear,Shirts,Green,Fall,2011.0,Formal,John Miller Men Green white check Purple Shirts,index
32506,32506.jpg,F:\CEI\Celebal_Excellence_Internship\fashion-visual-search\data\subset\images\32506.jpg,Men,Footwear,Sandal,Sandals,Brown,Summer,2013.0,Casual,Franco Leone Men Brown Sandals,index
40502,40502.jpg,F:\CEI\Celebal_Excellence_Internship\fashion-visual-search\data\subset\images\40502.jpg,Men,Accessories,Watches,Watches,Cream,Winter,2016.0,Casual,Titan Men Cream-Coloured Dial Watch NB1072YL06,index
41299,41299.jpg,F:\CEI\Celebal_Excellence_Internship\fashion-visual-search\data\subset\images\41299.jpg,Girls,Apparel,Topwear,Tops,Pink,Summer,2012.0,Casual,Gini and Jony Girls Pink Top,index
57038,57038.jpg,F:\CEI\Celebal_Excellence_Internship\fashion-visual-search\data\subset\images\57038.jpg,Women,Apparel,Dress,Dresses,Blue,Summer,2012.0,Casual,Elle Women Blue Dress,index
14555,14555.jpg,F:\CEI\Celebal_Excellence_Internship\fashion-visual-search\data\subset\images\14555.jpg,Men,Footwear,Shoes,Casual Shoes,Black,Fall,2011.0,Casual,Vans Men Old Skool Black Casual Shoes,index
50212,50212.jpg,F:\CEI\Celebal_Excellence_Internship\fashion-visual-search\data\subset\images\50212.jpg,Women,Accessories,Eyewear,Sunglasses,Brown,Winter,2016.0,Casual,Stoln Women Brown Sunglasses,index
43680,43680.jpg,F:\CEI\Celebal_Excellence_Internship\fashion-visual-search\data\subset\images\43680.jpg,Women,Apparel,Dress,Dresses,Red,Summer,2012.0,Casual,French Connection Women Printed Red Dress,index
6353,6353.jpg,F:\CEI\Celebal_Excellence_Internship\fashion-visual-search\data\subset\images\6353.jpg,Girls,Footwear,Sandal,Sandals,Pink,Summer,2015.0,Casual,Crocs Girls Pink Clogs,index
2956,2956.jpg,F:\CEI\Celebal_Excellence_Internship\fashion-visual-search\data\subset\images\2956.jpg,Women,Apparel,Topwear,Tops,Yellow,Fall,2010.0,Casual,DUSG Women Rishikesh Organic Wheat Top,index
43161,43161.jpg,F:\CEI\Celebal_Excellence_Internship\fashion-visual-search\data\subset\images\43161.jpg,Women,Accessories,Watches,Watches,Pink,Winter,2016.0,Casual,Fastrack Women Pink Dial Watch,index
5759,5759.jpg,F:\CEI\Celebal_Excellence_Internship\fashion-visual-search\data\subset\images\5759.jpg,Women,Apparel,Topwear,Tops,Black,Summer,2011.0,Casual,Jealous 21 Women Black Party Top,index
45579,45579.jpg,F:\CEI\Celebal_Excellence_Internship\fashion-visual-search\data\subset\images\45579.jpg,Men,Footwear,Sandal,Sandals,Black,Summer,2012.0,Casual,Arrow Men Black Sandals,index
3777,3777.jpg,F:\CEI\Celebal_Excellence_Internship\fashion-visual-search\data\subset\images\3777.jpg,Men,Apparel,Topwear,Tshirts,Pink,Summer,2011.0,Casual,Status Quo Men's Fushia Polo T-shirt,index
19789,19789.jpg,F:\CEI\Celebal_Excellence_Internship\fashion-visual-search\data\subset\images\19789.jpg,Men,Apparel,Topwear,Tshirts,Orange,Winter,2016.0,Casual,U.S. Polo Assn. Men Solid Orange Tshirt,index
42273,42273.jpg,F:\CEI\Celebal_Excellence_Internship\fashion-visual-search\data\subset\images\42273.jpg,Unisex,Footwear,Shoes,Casual Shoes,White,Summer,2012.0,Casual,Vans Unisex White Authentic Shoes,index
56682,56682.jpg,F:\CEI\Celebal_Excellence_Internship\fashion-visual-search\data\subset\images\56682.jpg,Men,Accessories,Watches,Watches,White,Winter,2016.0,Casual,Maxima Men White Chronograph Watch,index
15238,15238.jpg,F:\CEI\Celebal_Excellence_Internship\fashion-visual-search\data\subset\images\15238.jpg,Men,Footwear,Shoes,Casual Shoes,White,Fall,2011.0,Casual,ADIDAS Originals Men Goodyear Driver Vulc White Casual Shoes,index
30682,30682.jpg,F:\CEI\Celebal_Excellence_Internship\fashion-visual-search\data\subset\images\30682.jpg,Men,Accessories,Eyewear,Sunglasses,Brown,Winter,2016.0,Casual,Park Avenue Men Brown Sunglasses,index
22919,22919.jpg,F:\CEI\Celebal_Excellence_Internship\fashion-visual-search\data\subset\images\22919.jpg,Women,Accessories,Watches,Watches,White,Winter,2016.0,Casual,Fastrack Women White Casual Watch,index
28719,28719.jpg,F:\CEI\Celebal_Excellence_Internship\fashion-visual-search\data\subset\images\28719.jpg,Women,Apparel,Topwear,Kurtas,White,Summer,2012.0,Ethnic,W Women Printed White Kurta,index
14577,14577.jpg,F:\CEI\Celebal_Excellence_Internship\fashion-visual-search\data\subset\images\14577.jpg,Men,Footwear,Shoes,Casual Shoes,Black,Fall,2011.0,Casual,Vans Men Sk8-Hi Black Casual Shoes,index
13128,13128.jpg,F:\CEI\Celebal_Excellence_Internship\fashion-visual-search\data\subset\images\13128.jpg,Men,Footwear,Sandal,Sandals,Brown,Fall,2011.0,Casual,Lee Cooper Men Brown Sandals,index
2091,2091.jpg,F:\CEI\Celebal_Excellence_Internship\fashion-visual-search\data\subset\images\2091.jpg,Men,Apparel,Topwear,Tshirts,Maroon,Fall,2010.0,Sports,ADIDAS Mens ESS 3S Polo T-shirt,index
58266,58266.jpg,F:\CEI\Celebal_Excellence_Internship\fashion-visual-search\data\subset\images\58266.jpg,Women,Accessories,Bags,Handbags,Silver,Spring,2012.0,Casual,Baggit Women Grey Handbag,index
4936,4936.jpg,F:\CEI\Celebal_Excellence_Internship\fashion-visual-search\data\subset\images\4936.jpg,Women,Apparel,Dress,Dresses,Black,Summer,2011.0,Casual,Gini and Jony Girl's Veata White Black Pink Infants Kidswear,index
40127,40127.jpg,F:\CEI\Celebal_Excellence_Internship\fashion-visual-search\data\subset\images\40127.jpg,Girls,Apparel,Dress,Dresses,Black,Summer,2012.0,Casual,Gini and Jony Girls Roseatte Black Dress,index
29907,29907.jpg,F:\CEI\Celebal_Excellence_Internship\fashion-visual-search\data\subset\images\29907.jpg,Men,Accessories,Watches,Watches,Black,Winter,2016.0,Casual,Police Men Black Dial Genuine Leather Watch,index
16541,16541.jpg,F:\CEI\Celebal_Excellence_Internship\fashion-visual-search\data\subset\images\16541.jpg,Men,Apparel,Topwear,Shirts,Black,Fall,2011.0,Casual,Basics Men Black Slim Fit Checked Shirt,index
51934,51934.jpg,F:\CEI\Celebal_Excellence_Internship\fashion-visual-search\data\subset\images\51934.jpg,Women,Accessories,Bags,Handbags,Yellow,Summer,2016.0,Casual,Nyk Women Yellow Arsenal Handbag,index
28207,28207.jpg,F:\CEI\Celebal_Excellence_Internship\fashion-visual-search\data\subset\images\28207.jpg,Men,Accessories,Eyewear,Sunglasses,Black,Winter,2016.0,Casual,Ray-Ban Men Active Lifestyle Black Sunglasses,index
16452,16452.jpg,F:\CEI\Celebal_Excellence_Internship\fashion-visual-search\data\subset\images\16452.jpg,Men,Apparel,Topwear,Shirts,Red,Fall,2011.0,Casual,Locomotive Men Check Red Shirt,index
49513,49513.jpg,F:\CEI\Celebal_Excellence_Internship\fashion-visual-search\data\subset\images\49513.jpg,Men,Accessories,Watches,Watches,Silver,Winter,2016.0,Casual,Police Men Silver-Toned Dial Watch PL11916MRS-04A,index
29957,29957.jpg,F:\CEI\Celebal_Excellence_Internship\fashion-visual-search\data\subset\images\29957.jpg,Men,Accessories,Eyewear,Sunglasses,Copper,Winter,2016.0,Casual,Cat Men Metal Sunglasses,index
9454,9454.jpg,F:\CEI\Celebal_Excellence_Internship\fashion-visual-search\data\subset\images\9454.jpg,Men,Apparel,Topwear,Shirts,White,Fall,2011.0,Formal,John Miller Men White Check Shirt,index
37242,37242.jpg,F:\CEI\Celebal_Excellence_Internship\fashion-visual-search\data\subset\images\37242.jpg,Men,Footwear,Shoes,Casual Shoes,Black,Summer,2012.0,Casual,United Colors of Benetton Men Black Shoes,index
26479,26479.jpg,F:\CEI\Celebal_Excellence_Internship\fashion-visual-search\data\subset\images\26479.jpg,Men,Apparel,Topwear,Tshirts,Black,Summer,2012.0,Casual,Puma Men Ferrari Black Polo T-shirt,index
29875,29875.jpg,F:\CEI\Celebal_Excellence_Internship\fashion-visual-search\data\subset\images\29875.jpg,Men,Accessories,Eyewear,Sunglasses,Black,Winter,2016.0,Casual,Mayhem Men Sunglasses 1021-205I,index
28442,28442.jpg,F:\CEI\Celebal_Excellence_Internship\fashion-visual-search\data\subset\images\28442.jpg,Women,Accessories,Bags,Handbags,Blue,Summer,2012.0,Casual,Kiara Women Blue Handbag,index
30860,30860.jpg,F:\CEI\Celebal_Excellence_Internship\fashion-visual-search\data\subset\images\30860.jpg,Women,Apparel,Topwear,Kurtas,Maroon,Summer,2012.0,Ethnic,Fabindia Women Printed Maroon Kurta,index
40625,40625.jpg,F:\CEI\Celebal_Excellence_Internship\fashion-visual-search\data\subset\images\40625.jpg,Women,Apparel,Topwear,Kurtas,Green,Summer,2012.0,Ethnic,Span Women Light Green Kurta,index
12545,12545.jpg,F:\CEI\Celebal_Excellence_Internship\fashion-visual-search\data\subset\images\12545.jpg,Women,Apparel,Topwear,Tshirts,White,Fall,2011.0,Casual,Tantra Women White Printed T-shirt,index
37911,37911.jpg,F:\CEI\Celebal_Excellence_Internship\fashion-visual-search\data\subset\images\37911.jpg,Women,Apparel,Dress,Dresses,Cream,Summer,2012.0,Casual,Mineral Women Cream Dress,index
22890,22890.jpg,F:\CEI\Celebal_Excellence_Internship\fashion-visual-search\data\subset\images\22890.jpg,Men,Footwear,Sandal,Sandals,Olive,Summer,2012.0,Casual,Woodland Men Olive Casual Sandals,index
22562,22562.jpg,F:\CEI\Celebal_Excellence_Internship\fashion-visual-search\data\subset\images\22562.jpg,Women,Accessories,Bags,Handbags,Tan,Winter,2015.0,Casual,Lino Perros Tan Women Casual Sling Bag,index
13867,13867.jpg,F:\CEI\Celebal_Excellence_Internship\fashion-visual-search\data\subset\images\13867.jpg,Men,Apparel,Topwear,Shirts,Red,Fall,2011.0,Casual,Scullers Men Check Red Shirts,index
10365,10365.jpg,F:\CEI\Celebal_Excellence_Internship\fashion-visual-search\data\subset\images\10365.jpg,Women,Apparel,Dress,Dresses,Black,Fall,2011.0,Casual,United Colors of Benetton Women Short Black Dresses,index
27294,27294.jpg,F:\CEI\Celebal_Excellence_Internship\fashion-visual-search\data\subset\images\27294.jpg,Women,Apparel,Topwear,Kurtas,Green,Fall,2011.0,Ethnic,Mother Earth Women Green Kurta,index
29573,29573.jpg,F:\CEI\Celebal_Excellence_Internship\fashion-visual-search\data\subset\images\29573.jpg,Men,Footwear,Shoes,Casual Shoes,Black,Summer,2012.0,Casual,Vans Men Edgemont Black Shoes,index
11701,11701.jpg,F:\CEI\Celebal_Excellence_Internship\fashion-visual-search\data\subset\images\11701.jpg,Men,Apparel,Topwear,Shirts,White,Fall,2011.0,Casual,Lee Men Check White Shirts,index
28637,28637.jpg,F:\CEI\Celebal_Excellence_Internship\fashion-visual-search\data\subset\images\28637.jpg,Men,Footwear,Shoes,Sports Shoes,Black,Summer,2012.0,Sports,Nike Men Air Relentless Black Sports Shoes,index
59399,59399.jpg,F:\CEI\Celebal_Excellence_Internship\fashion-visual-search\data\subset\images\59399.jpg,Women,Apparel,Topwear,Tops,Yellow,Fall,2012.0,Casual,Tokyo Talkies Women Yellow Top,index
40522,40522.jpg,F:\CEI\Celebal_Excellence_Internship\fashion-visual-search\data\subset\images\40522.jpg,Men,Accessories,Watches,Watches,White,Winter,2016.0,Casual,Titan Men White Dial Chronograph Watch,index
10202,10202.jpg,F:\CEI\Celebal_Excellence_Internship\fashion-visual-search\data\subset\images\10202.jpg,Women,Accessories,Bags,Handbags,Green,Winter,2015.0,Casual,Murcia Women Asjke Green Green Handbags,index
41880,41880.jpg,F:\CEI\Celebal_Excellence_Internship\fashion-visual-search\data\subset\images\41880.jpg,Men,Footwear,Sandal,Sandals,Brown,Fall,2014.0,Casual,Estd. 1977 Men Brown Sandals,index
2211,2211.jpg,F:\CEI\Celebal_Excellence_Internship\fashion-visual-search\data\subset\images\2211.jpg,Men,Footwear,Sandal,Sandals,Navy Blue,Fall,2010.0,Casual,Puma Men Trek Navy Blue Floater,index
51691,51691.jpg,F:\CEI\Celebal_Excellence_Internship\fashion-visual-search\data\subset\images\51691.jpg,Men,Accessories,Eyewear,Sunglasses,Brown,Winter,2016.0,Casual,Louis Philippe Men Oversized Sunglasses LP226-C2,index
40629,40629.jpg,F:\CEI\Celebal_Excellence_Internship\fashion-visual-search\data\subset\images\40629.jpg,Women,Apparel,Topwear,Kurtas,Olive,Summer,2012.0,Ethnic,Span Women Olive Green Kurta,index
29390,29390.jpg,F:\CEI\Celebal_Excellence_Internship\fashion-visual-search\data\subset\images\29390.jpg,Men,Apparel,Topwear,Shirts,Maroon,Summer,2012.0,Formal,Genesis Men Maroon Shirt,index
23210,23210.jpg,F:\CEI\Celebal_Excellence_Internship\fashion-visual-search\data\subset\images\23210.jpg,Women,Apparel,Topwear,Tops,Brown,Fall,2011.0,Ethnic,Aneri Women Sequin Brown Top,index
27668,27668.jpg,F:\CEI\Celebal_Excellence_Internship\fashion-visual-search\data\subset\images\27668.jpg,Women,Accessories,Bags,Handbags,White,Winter,2015.0,Casual,Murcia Women White Handbag,index
8619,8619.jpg,F:\CEI\Celebal_Excellence_Internship\fashion-visual-search\data\subset\images\8619.jpg,Men,Accessories,Eyewear,Sunglasses,Purple,Winter,2016.0,Casual,Fastrack Men Beach Purple Sunglasses,index
6597,6597.jpg,F:\CEI\Celebal_Excellence_Internship\fashion-visual-search\data\subset\images\6597.jpg,Women,Apparel,Topwear,Tops,Green,Summer,2011.0,Casual,Spykar Women's Round Neck Green Top,index
41387,41387.jpg,F:\CEI\Celebal_Excellence_Internship\fashion-visual-search\data\subset\images\41387.jpg,Women,Apparel,Topwear,Tops,Yellow,Summer,2012.0,Casual,Wrangler Women Donna Yellow Top,index
49559,49559.jpg,F:\CEI\Celebal_Excellence_Internship\fashion-visual-search\data\subset\images\49559.jpg,Women,Accessories,Bags,Handbags,Purple,Summer,2012.0,Casual,Rocia Women Purple Handbag,index
13270,13270.jpg,F:\CEI\Celebal_Excellence_Internship\fashion-visual-search\data\subset\images\13270.jpg,Women,Apparel,Topwear,Tops,White,Fall,2011.0,Casual,Palm Tree Kids Girls Printed White Tops,index
5379,5379.jpg,F:\CEI\Celebal_Excellence_Internship\fashion-visual-search\data\subset\images\5379.jpg,Men,Footwear,Shoes,Sports Shoes,Beige,Summer,2011.0,Sports,Quechua Arpenaz 50 Man 10 Beige,index
47651,47651.jpg,F:\CEI\Celebal_Excellence_Internship\fashion-visual-search\data\subset\images\47651.jpg,Women,Apparel,Dress,Dresses,Grey,Summer,2012.0,Casual,Femella Women Grey Lace Dress,index
46080,46080.jpg,F:\CEI\Celebal_Excellence_Internship\fashion-visual-search\data\subset\images\46080.jpg,Men,Footwear,Shoes,Sports Shoes,Blue,Summer,2012.0,Sports,ADIDAS Men Blue Sports Shoes,index
22165,22165.jpg,F:\CEI\Celebal_Excellence_Internship\fashion-visual-search\data\subset\images\22165.jpg,Men,Footwear,Shoes,Casual Shoes,Brown,Fall,2012.0,Casual,Timberland Men Brown Casual Shoes,index
54661,54661.jpg,F:\CEI\Celebal_Excellence_Internship\fashion-visual-search\data\subset\images\54661.jpg,Women,Accessories,Watches,Watches,Red,Winter,2016.0,Casual,Fastrack Women White Dial Watch,index
39781,39781.jpg,F:\CEI\Celebal_Excellence_Internship\fashion-visual-search\data\subset\images\39781.jpg,Men,Apparel,Topwear,Shirts,White,Summer,2012.0,Formal,Peter England Men Striped White Formal Shirt,index
38216,38216.jpg,F:\CEI\Celebal_Excellence_Internship\fashion-visual-search\data\subset\images\38216.jpg,Women,Accessories,Eyewear,Sunglasses,Black,Winter,2016.0,Casual,Polaroid Women Sunglasses,index
32318,32318.jpg,F:\CEI\Celebal_Excellence_Internship\fashion-visual-search\data\subset\images\32318.jpg,Men,Accessories,Watches,Watches,White,Winter,2016.0,Casual,Q&Q Men White Dial Watch,index
30846,30846.jpg,F:\CEI\Celebal_Excellence_Internship\fashion-visual-search\data\subset\images\30846.jpg,Women,Apparel,Topwear,Kurtas,Black,Summer,2012.0,Ethnic,Fabindia Women Printed Black Kurta,index
38175,38175.jpg,F:\CEI\Celebal_Excellence_Internship\fashion-visual-search\data\subset\images\38175.jpg,Women,Accessories,Eyewear,Sunglasses,Copper,Winter,2016.0,Casual,Miami Blues Women Sunglasses,index
5288,5288.jpg,F:\CEI\Celebal_Excellence_Internship\fashion-visual-search\data\subset\images\5288.jpg,Men,Footwear,Sandal,Sandals,Brown,Summer,2011.0,Casual,Lee Cooper Men Brown Floater,index
3845,3845.jpg,F:\CEI\Celebal_Excellence_Internship\fashion-visual-search\data\subset\images\3845.jpg,Men,Apparel,Topwear,Tshirts,Brown,Summer,2011.0,Casual,Wrangler Men's Wild Horse Brown T-shirt,index
30237,30237.jpg,F:\CEI\Celebal_Excellence_Internship\fashion-visual-search\data\subset\images\30237.jpg,Men,Footwear,Shoes,Casual Shoes,Black,Summer,2012.0,Casual,Numero Uno Men Black Shoes,index
45578,45578.jpg,F:\CEI\Celebal_Excellence_Internship\fashion-visual-search\data\subset\images\45578.jpg,Men,Footwear,Sandal,Sandals,Brown,Summer,2012.0,Casual,Arrow Men Brown Sandals,index
31624,31624.jpg,F:\CEI\Celebal_Excellence_Internship\fashion-visual-search\data\subset\images\31624.jpg,Men,Apparel,Topwear,Shirts,Lavender,Summer,2012.0,Formal,Indigo Nation Men Lavender Shirt,index
58000,58000.jpg,F:\CEI\Celebal_Excellence_Internship\fashion-visual-search\data\subset\images\58000.jpg,Women,Apparel,Dress,Dresses,Black,Fall,2012.0,Casual,Latin Quarters Women Black Printed Dress,index
27854,27854.jpg,F:\CEI\Celebal_Excellence_Internship\fashion-visual-search\data\subset\images\27854.jpg,Women,Apparel,Topwear,Tops,Maroon,Summer,2012.0,Casual,Scullers For Her Women Maroon Top,index
26430,26430.jpg,F:\CEI\Celebal_Excellence_Internship\fashion-visual-search\data\subset\images\26430.jpg,Women,Accessories,Bags,Handbags,Brown,Winter,2015.0,Casual,Spice Art Women Leatherette Brown Handbag,index
56681,56681.jpg,F:\CEI\Celebal_Excellence_Internship\fashion-visual-search\data\subset\images\56681.jpg,Men,Accessories,Watches,Watches,Black,Winter,2016.0,Casual,Maxima Men Black Dial Chronograph Watch,index
16042,16042.jpg,F:\CEI\Celebal_Excellence_Internship\fashion-visual-search\data\subset\images\16042.jpg,Men,Apparel,Topwear,Shirts,Red,Fall,2011.0,Casual,Highlander Men Check Red Shirt,index
12022,12022.jpg,F:\CEI\Celebal_Excellence_Internship\fashion-visual-search\data\subset\images\12022.jpg,Men,Apparel,Topwear,Shirts,Pink,Fall,2011.0,Formal,Mark Taylor Men Pink Striped Shirts,index
18651,18651.jpg,F:\CEI\Celebal_Excellence_Internship\fashion-visual-search\data\subset\images\18651.jpg,Men,Footwear,Sandal,Sandals,Brown,Fall,2011.0,Casual,Fila Men Over Stitch Brown Slippers,index
29937,29937.jpg,F:\CEI\Celebal_Excellence_Internship\fashion-visual-search\data\subset\images\29937.jpg,Men,Accessories,Watches,Watches,Black,Winter,2016.0,Casual,Police Men Black Dual Dial Watch PL12899XS-02,index
11379,11379.jpg,F:\CEI\Celebal_Excellence_Internship\fashion-visual-search\data\subset\images\11379.jpg,Women,Apparel,Topwear,Tops,Blue,Fall,2011.0,Casual,United Colors Of Benetton Women Winter Blue Top,index
37159,37159.jpg,F:\CEI\Celebal_Excellence_Internship\fashion-visual-search\data\subset\images\37159.jpg,Women,Apparel,Topwear,Tops,Orange,Summer,2012.0,Casual,United Colors of Benetton Women Orange Top,index
22888,22888.jpg,F:\CEI\Celebal_Excellence_Internship\fashion-visual-search\data\subset\images\22888.jpg,Men,Footwear,Sandal,Sandals,Brown,Summer,2012.0,Casual,Woodland Men Brown Casual Sandals,index
48476,48476.jpg,F:\CEI\Celebal_Excellence_Internship\fashion-visual-search\data\subset\images\48476.jpg,Women,Apparel,Dress,Dresses,Blue,Winter,2011.0,Casual,French Connection Women Blue Dress,index
10500,10500.jpg,F:\CEI\Celebal_Excellence_Internship\fashion-visual-search\data\subset\images\10500.jpg,Women,Apparel,Dress,Dresses,Navy Blue,Fall,2011.0,Casual,Flying Machine Women OS Blue Tops,index
9136,9136.jpg,F:\CEI\Celebal_Excellence_Internship\fashion-visual-search\data\subset\images\9136.jpg,Men,Footwear,Shoes,Sports Shoes,Black,Summer,2011.0,Sports,Puma Men Iknois 2 XT Black Sports Shoes,index
29988,29988.jpg,F:\CEI\Celebal_Excellence_Internship\fashion-visual-search\data\subset\images\29988.jpg,Women,Accessories,Watches,Watches,White,Summer,2017.0,Casual,Aspen Women Mother Of Pearl Dial Watch AP1193,index
18861,18861.jpg,F:\CEI\Celebal_Excellence_Internship\fashion-visual-search\data\subset\images\18861.jpg,Men,Apparel,Topwear,Tshirts,Red,Fall,2011.0,Casual,Puma Men Grafitti Red Polo Tshirt,index
13216,13216.jpg,F:\CEI\Celebal_Excellence_Internship\fashion-visual-search\data\subset\images\13216.jpg,Men,Apparel,Topwear,Shirts,White,Fall,2011.0,Casual,Palm Tree Kids Boys Solid White Shirts,index
8805,8805.jpg,F:\CEI\Celebal_Excellence_Internship\fashion-visual-search\data\subset\images\8805.jpg,Men,Apparel,Topwear,Shirts,Black,Fall,2011.0,Casual,Scullers Men Scul White Black Shirt,index
12292,12292.jpg,F:\CEI\Celebal_Excellence_Internship\fashion-visual-search\data\subset\images\12292.jpg,Men,Apparel,Topwear,Shirts,Blue,Fall,2011.0,Formal,Genesis Men Check Blue Shirts,index
52766,52766.jpg,F:\CEI\Celebal_Excellence_Internship\fashion-visual-search\data\subset\images\52766.jpg,Women,Accessories,Bags,Handbags,Black,Fall,2012.0,Casual,Fiorelli Women Black Leather Handbag,index
27687,27687.jpg,F:\CEI\Celebal_Excellence_Internship\fashion-visual-search\data\subset\images\27687.jpg,Women,Accessories,Bags,Handbags,Brown,Winter,2015.0,Casual,Murcia Women Brown Handbag,index
51675,51675.jpg,F:\CEI\Celebal_Excellence_Internship\fashion-visual-search\data\subset\images\51675.jpg,Men,Accessories,Eyewear,Sunglasses,Gold,Winter,2016.0,Casual,Louis Philippe Men Gold Sunglasses,index
48212,48212.jpg,F:\CEI\Celebal_Excellence_Internship\fashion-visual-search\data\subset\images\48212.jpg,Men,Accessories,Eyewear,Sunglasses,Black,Winter,2016.0,Casual,United Colors of Benetton Men Black Sunglasses,index
7355,7355.jpg,F:\CEI\Celebal_Excellence_Internship\fashion-visual-search\data\subset\images\7355.jpg,Men,Apparel,Topwear,Tshirts,Navy Blue,Fall,2011.0,Casual,Tantra Men's Black Sabbath Navy T-shirt,index
17605,17605.jpg,F:\CEI\Celebal_Excellence_Internship\fashion-visual-search\data\subset\images\17605.jpg,Men,Accessories,Eyewear,Sunglasses,Black,Winter,2016.0,Casual,Cat Men Classic Black Sunglasses,index
36505,36505.jpg,F:\CEI\Celebal_Excellence_Internship\fashion-visual-search\data\subset\images\36505.jpg,Women,Accessories,Bags,Handbags,White,Summer,2012.0,Casual,United Colors of Benetton Women White Handbag,index
54651,54651.jpg,F:\CEI\Celebal_Excellence_Internship\fashion-visual-search\data\subset\images\54651.jpg,Women,Accessories,Watches,Watches,Red,Winter,2016.0,Casual,Fastrack Women Silver Dial Watch,index
59323,59323.jpg,F:\CEI\Celebal_Excellence_Internship\fashion-visual-search\data\subset\images\59323.jpg,Men,Footwear,Sandal,Sandals,Black,Summer,2012.0,Casual,Gliders Men Black Sandals,index
9003,9003.jpg,F:\CEI\Celebal_Excellence_Internship\fashion-visual-search\data\subset\images\9003.jpg,Women,Accessories,Bags,Handbags,Black,Winter,2015.0,Casual,Murcia Women Tote Black Handbags,index
25565,25565.jpg,F:\CEI\Celebal_Excellence_Internship\fashion-visual-search\data\subset\images\25565.jpg,Men,Footwear,Shoes,Sports Shoes,White,Summer,2012.0,Sports,Fila Men Swift White Sports Shoes,index
11685,11685.jpg,F:\CEI\Celebal_Excellence_Internship\fashion-visual-search\data\subset\images\11685.jpg,Men,Apparel,Topwear,Shirts,Grey,Fall,2011.0,Casual,Lee Men Check Grey Shirts,index
47218,47218.jpg,F:\CEI\Celebal_Excellence_Internship\fashion-visual-search\data\subset\images\47218.jpg,Men,Footwear,Sandal,Sandals,Brown,Summer,2012.0,Casual,Franco Leone Men Brown Sandals,index
59918,59918.jpg,F:\CEI\Celebal_Excellence_Internship\fashion-visual-search\data\subset\images\59918.jpg,Women,Apparel,Topwear,Kurtas,Multi,Summer,2012.0,Ethnic,Diva Women Multi Coloured Kurta,index
51556,51556.jpg,F:\CEI\Celebal_Excellence_Internship\fashion-visual-search\data\subset\images\51556.jpg,Men,Accessories,Watches,Watches,Black,Winter,2016.0,Casual,Fastrack Men Black Dial Watch,index
5202,5202.jpg,F:\CEI\Celebal_Excellence_Internship\fashion-visual-search\data\subset\images\5202.jpg,Men,Apparel,Topwear,Tshirts,Green,Summer,2011.0,Casual,Marvel Men's Hulk Big Face Light Green T-shirt,index
33218,33218.jpg,F:\CEI\Celebal_Excellence_Internship\fashion-visual-search\data\subset\images\33218.jpg,Women,Apparel,Topwear,Tops,Multi,Summer,2012.0,Casual,Sepia Women Printed Multi Coloured Top,index
58277,58277.jpg,F:\CEI\Celebal_Excellence_Internship\fashion-visual-search\data\subset\images\58277.jpg,Women,Accessories,Bags,Handbags,Beige,Summer,2012.0,Casual,Baggit Women Beige Libra Jhuti Sling Bag,index
8290,8290.jpg,F:\CEI\Celebal_Excellence_Internship\fashion-visual-search\data\subset\images\8290.jpg,Men,Apparel,Topwear,Tshirts,Navy Blue,Fall,2011.0,Casual,Mr.Men Men's Navy Melange T-shirt,index
45027,45027.jpg,F:\CEI\Celebal_Excellence_Internship\fashion-visual-search\data\subset\images\45027.jpg,Men,Accessories,Watches,Watches,Black,Winter,2016.0,Casual,Maxima Attivo Men Black Dial Watch,index
48330,48330.jpg,F:\CEI\Celebal_Excellence_Internship\fashion-visual-search\data\subset\images\48330.jpg,Women,Accessories,Bags,Handbags,Yellow,Summer,2012.0,Casual,Pitaraa Women Yellow Sling Bag,index
3792,3792.jpg,F:\CEI\Celebal_Excellence_Internship\fashion-visual-search\data\subset\images\3792.jpg,Men,Apparel,Topwear,Tshirts,Navy Blue,Summer,2011.0,Casual,Basics Men Navy & White Striped Polo T-shirt,index
59258,59258.jpg,F:\CEI\Celebal_Excellence_Internship\fashion-visual-search\data\subset\images\59258.jpg,Women,Accessories,Watches,Watches,Silver,Winter,2016.0,Casual,Titan Women Silver Dial Watch,index
59991,59991.jpg,F:\CEI\Celebal_Excellence_Internship\fashion-visual-search\data\subset\images\59991.jpg,Women,Apparel,Dress,Dresses,Multi,Fall,2012.0,Casual,Avirate Multicoloured Dress,index
4019,4019.jpg,F:\CEI\Celebal_Excellence_Internship\fashion-visual-search\data\subset\images\4019.jpg,Unisex,Footwear,Shoes,Casual Shoes,Blue,Summer,2011.0,Casual,ADIDAS Unisex Check Can MW Blue Shoe,index
25418,25418.jpg,F:\CEI\Celebal_Excellence_Internship\fashion-visual-search\data\subset\images\25418.jpg,Men,Footwear,Shoes,Sports Shoes,White,Spring,2013.0,Sports,Nike Men Ballista White Sports Shoes,index
48327,48327.jpg,F:\CEI\Celebal_Excellence_Internship\fashion-visual-search\data\subset\images\48327.jpg,Women,Accessories,Bags,Handbags,Green,Summer,2012.0,Casual,Pitaraa Women Green Sling Bag,index
25166,25166.jpg,F:\CEI\Celebal_Excellence_Internship\fashion-visual-search\data\subset\images\25166.jpg,Women,Accessories,Bags,Handbags,Black,Winter,2015.0,Casual,Lino Perros Women Leatherette Black Handbag,index
12423,12423.jpg,F:\CEI\Celebal_Excellence_Internship\fashion-visual-search\data\subset\images\12423.jpg,Women,Footwear,Shoes,Casual Shoes,Brown,Fall,2011.0,Casual,Timberland Women Casual Brown Casual Shoes,index
6431,6431.jpg,F:\CEI\Celebal_Excellence_Internship\fashion-visual-search\data\subset\images\6431.jpg,Unisex,Footwear,Shoes,Casual Shoes,Navy Blue,Summer,2011.0,Casual,Lotto Unisex Canvas Dark Navy Shoe,index
15967,15967.jpg,F:\CEI\Celebal_Excellence_Internship\fashion-visual-search\data\subset\images\15967.jpg,Men,Apparel,Topwear,Shirts,Red,Fall,2011.0,Casual,Turtle Check Men Red Shirt,index
29131,29131.jpg,F:\CEI\Celebal_Excellence_Internship\fashion-visual-search\data\subset\images\29131.jpg,Women,Accessories,Eyewear,Sunglasses,Black,Winter,2016.0,Casual,Vogue Women Black Sunglasses,index
34170,34170.jpg,F:\CEI\Celebal_Excellence_Internship\fashion-visual-search\data\subset\images\34170.jpg,Boys,Apparel,Topwear,Tshirts,Blue,Summer,2012.0,Casual,Gini and Jony Boys Printed Blue T-shirt,index
34007,34007.jpg,F:\CEI\Celebal_Excellence_Internship\fashion-visual-search\data\subset\images\34007.jpg,Girls,Apparel,Topwear,Tops,Pink,Summer,2012.0,Casual,Gini and Jony Girls Pink Top,index
40534,40534.jpg,F:\CEI\Celebal_Excellence_Internship\fashion-visual-search\data\subset\images\40534.jpg,Women,Accessories,Watches,Watches,Silver,Winter,2016.0,Casual,Titan Women Silver Dial Watch,index
4988,4988.jpg,F:\CEI\Celebal_Excellence_Internship\fashion-visual-search\data\subset\images\4988.jpg,Women,Apparel,Dress,Dresses,White,Summer,2011.0,Casual,Gini and Jony Girl's Vanya White Polka Dot Kidswear,index
47411,47411.jpg,F:\CEI\Celebal_Excellence_Internship\fashion-visual-search\data\subset\images\47411.jpg,Women,Accessories,Bags,Handbags,Purple,Summer,2012.0,Casual,Baggit Women Purple Bag,index
23287,23287.jpg,F:\CEI\Celebal_Excellence_Internship\fashion-visual-search\data\subset\images\23287.jpg,Men,Accessories,Watches,Watches,White,Winter,2016.0,Casual,Maxima Men Ssteele White Dial Watch,index
34649,34649.jpg,F:\CEI\Celebal_Excellence_Internship\fashion-visual-search\data\subset\images\34649.jpg,Women,Footwear,Shoes,Sports Shoes,Grey,Fall,2012.0,Sports,Fila Women Artifice Grey Sports Shoes,index
33432,33432.jpg,F:\CEI\Celebal_Excellence_Internship\fashion-visual-search\data\subset\images\33432.jpg,Women,Accessories,Bags,Handbags,Green,Summer,2012.0,Casual,Baggit Green Handbag,index
21224,21224.jpg,F:\CEI\Celebal_Excellence_Internship\fashion-visual-search\data\subset\images\21224.jpg,Men,Apparel,Topwear,Tshirts,Brown,Summer,2012.0,Casual,Basics Men Brown Printed T-shirt,index
11017,11017.jpg,F:\CEI\Celebal_Excellence_Internship\fashion-visual-search\data\subset\images\11017.jpg,Women,Apparel,Topwear,Tops,Blue,Fall,2011.0,Casual,Wrangler Women Floral Print Blue Top,index
51570,51570.jpg,F:\CEI\Celebal_Excellence_Internship\fashion-visual-search\data\subset\images\51570.jpg,Men,Accessories,Watches,Watches,Silver,Winter,2016.0,Casual,Fastrack Men Silver Watch,index
50346,50346.jpg,F:\CEI\Celebal_Excellence_Internship\fashion-visual-search\data\subset\images\50346.jpg,Women,Apparel,Topwear,Kurtas,Pink,Summer,2012.0,Ethnic,Aurelia Women Pink Kurta,index
43923,43923.jpg,F:\CEI\Celebal_Excellence_Internship\fashion-visual-search\data\subset\images\43923.jpg,Women,Apparel,Topwear,Tops,Blue,Summer,2012.0,Casual,Femella Women Blue Top,index
56414,56414.jpg,F:\CEI\Celebal_Excellence_Internship\fashion-visual-search\data\subset\images\56414.jpg,Men,Footwear,Sandal,Sandals,Brown,Spring,2013.0,Casual,GAS Men Brown Glade Sandals,index
51563,51563.jpg,F:\CEI\Celebal_Excellence_Internship\fashion-visual-search\data\subset\images\51563.jpg,Men,Accessories,Watches,Watches,White,Winter,2016.0,Casual,Fastrack Men White Watch,index
5408,5408.jpg,F:\CEI\Celebal_Excellence_Internship\fashion-visual-search\data\subset\images\5408.jpg,Unisex,Footwear,Shoes,Sports Shoes,Blue,Fall,2011.0,Sports,Quechua Wayta Jr Blue,index
30745,30745.jpg,F:\CEI\Celebal_Excellence_Internship\fashion-visual-search\data\subset\images\30745.jpg,Men,Apparel,Topwear,Kurtas,Beige,Summer,2012.0,Ethnic,Fabindia Men Beige Ajrakh Kurta,index
9520,9520.jpg,F:\CEI\Celebal_Excellence_Internship\fashion-visual-search\data\subset\images\9520.jpg,Men,Apparel,Topwear,Shirts,Purple,Fall,2011.0,Formal,John Miller Men Purple & White Check  Shirt,index
10533,10533.jpg,F:\CEI\Celebal_Excellence_Internship\fashion-visual-search\data\subset\images\10533.jpg,Men,Footwear,Shoes,Sports Shoes,Black,Fall,2011.0,Sports,New Balance MW631 Men Others Walking Black Sports Shoes,index
16955,16955.jpg,F:\CEI\Celebal_Excellence_Internship\fashion-visual-search\data\subset\images\16955.jpg,Women,Accessories,Eyewear,Sunglasses,Black,Winter,2016.0,Casual,Image Women Classic Eyewear Black Sunglasses,index
3307,3307.jpg,F:\CEI\Celebal_Excellence_Internship\fashion-visual-search\data\subset\images\3307.jpg,Men,Footwear,Shoes,Sports Shoes,Black,Spring,2011.0,Sports,Asics Men's Gel Phoenix 3 Black Silver Shoe,index
36731,36731.jpg,F:\CEI\Celebal_Excellence_Internship\fashion-visual-search\data\subset\images\36731.jpg,Girls,Apparel,Topwear,Tops,Pink,Summer,2012.0,Casual,Gini and Jony Girls Striped Pink Top,index
17047,17047.jpg,F:\CEI\Celebal_Excellence_Internship\fashion-visual-search\data\subset\images\17047.jpg,Men,Footwear,Sandal,Sandals,Brown,Spring,2013.0,Casual,Gas Men Santa Monica Slipper,index
58800,58800.jpg,F:\CEI\Celebal_Excellence_Internship\fashion-visual-search\data\subset\images\58800.jpg,Men,Apparel,Topwear,Shirts,Navy Blue,Fall,2012.0,Casual,Highlander Men Blue Check Shirt,index
4044,4044.jpg,F:\CEI\Celebal_Excellence_Internship\fashion-visual-search\data\subset\images\4044.jpg,Men,Footwear,Shoes,Sports Shoes,Silver,Summer,2011.0,Sports,ADIDAS Men's Snova Glide 3M White Silver Shoe,index
42995,42995.jpg,F:\CEI\Celebal_Excellence_Internship\fashion-visual-search\data\subset\images\42995.jpg,Women,Footwear,Shoes,Sports Shoes,Black,Summer,2012.0,Sports,Nike Women Black Air Total Sports Shoes,index
25242,25242.jpg,F:\CEI\Celebal_Excellence_Internship\fashion-visual-search\data\subset\images\25242.jpg,Women,Accessories,Bags,Handbags,Olive,Summer,2012.0,Casual,Lino Perros Women Leatherite Olive Handbag,index
31677,31677.jpg,F:\CEI\Celebal_Excellence_Internship\fashion-visual-search\data\subset\images\31677.jpg,Men,Apparel,Topwear,Shirts,White,Summer,2012.0,Casual,Spykar Men Check White Shirt,index
33970,33970.jpg,F:\CEI\Celebal_Excellence_Internship\fashion-visual-search\data\subset\images\33970.jpg,Women,Apparel,Dress,Dresses,Navy Blue,Summer,2012.0,Casual,Femella Women Navy Blue Dress,index
25411,25411.jpg,F:\CEI\Celebal_Excellence_Internship\fashion-visual-search\data\subset\images\25411.jpg,Men,Footwear,Shoes,Sports Shoes,White,Summer,2012.0,Sports,Nike Men 2.04 White Sports Shoes,index
17936,17936.jpg,F:\CEI\Celebal_Excellence_Internship\fashion-visual-search\data\subset\images\17936.jpg,Men,Apparel,Topwear,Tshirts,Black,Fall,2011.0,Casual,Puma Men Ferrari Logo Tee II Black Tshirt,index
40617,40617.jpg,F:\CEI\Celebal_Excellence_Internship\fashion-visual-search\data\subset\images\40617.jpg,Women,Apparel,Topwear,Kurtas,Green,Summer,2012.0,Ethnic,Span Women Green Kurta,index
59994,59994.jpg,F:\CEI\Celebal_Excellence_Internship\fashion-visual-search\data\subset\images\59994.jpg,Women,Apparel,Dress,Dresses,Black,Fall,2012.0,Formal,Avirate Black Formal Dress,index
19153,19153.jpg,F:\CEI\Celebal_Excellence_Internship\fashion-visual-search\data\subset\images\19153.jpg,Men,Apparel,Topwear,Tshirts,Red,Summer,2011.0,Casual,United Colors of Benetton Men Red Polo TShirt,index
21322,21322.jpg,F:\CEI\Celebal_Excellence_Internship\fashion-visual-search\data\subset\images\21322.jpg,Men,Accessories,Eyewear,Sunglasses,Brown,Winter,2016.0,Casual,Louis Philippe Men Sunglasses LP045-C3,index
25150,25150.jpg,F:\CEI\Celebal_Excellence_Internship\fashion-visual-search\data\subset\images\25150.jpg,Women,Accessories,Bags,Handbags,Black,Winter,2015.0,Casual,Lino Perros Women Leatherette Black Handbag,index
11364,11364.jpg,F:\CEI\Celebal_Excellence_Internship\fashion-visual-search\data\subset\images\11364.jpg,Women,Apparel,Topwear,Tops,Magenta,Fall,2011.0,Casual,United Colors of Benetton Women Magenta Top,index
8492,8492.jpg,F:\CEI\Celebal_Excellence_Internship\fashion-visual-search\data\subset\images\8492.jpg,Women,Apparel,Topwear,Tops,Peach,Fall,2011.0,Casual,Forever New Women Peony Peach Top,index
25584,25584.jpg,F:\CEI\Celebal_Excellence_Internship\fashion-visual-search\data\subset\images\25584.jpg,Men,Footwear,Shoes,Sports Shoes,Black,Summer,2012.0,Sports,Fila Men Redemption Black Sports Shoes,index
12005,12005.jpg,F:\CEI\Celebal_Excellence_Internship\fashion-visual-search\data\subset\images\12005.jpg,Men,Apparel,Topwear,Shirts,Green,Fall,2011.0,Formal,Mark Taylor Men Green Striped Shirt,index
23746,23746.jpg,F:\CEI\Celebal_Excellence_Internship\fashion-visual-search\data\subset\images\23746.jpg,Unisex,Accessories,Eyewear,Sunglasses,Brown,Winter,2016.0,Casual,Ray-Ban Unisex Highstreet Sunglasses,index
57041,57041.jpg,F:\CEI\Celebal_Excellence_Internship\fashion-visual-search\data\subset\images\57041.jpg,Women,Apparel,Dress,Dresses,Black,Summer,2012.0,Party,Elle Black Sheath Dress,index
57105,57105.jpg,F:\CEI\Celebal_Excellence_Internship\fashion-visual-search\data\subset\images\57105.jpg,Women,Apparel,Topwear,Tops,Pink,Summer,2012.0,Casual,Elle Pink Essentials Top,index
5750,5750.jpg,F:\CEI\Celebal_Excellence_Internship\fashion-visual-search\data\subset\images\5750.jpg,Women,Apparel,Topwear,Tops,Red,Summer,2011.0,Casual,Jealous 21 Women V Neck Sequined Red Top,index
32305,32305.jpg,F:\CEI\Celebal_Excellence_Internship\fashion-visual-search\data\subset\images\32305.jpg,Women,Accessories,Watches,Watches,Red,Winter,2016.0,Casual,Q&Q Women Red Dial Watch,index
6598,6598.jpg,F:\CEI\Celebal_Excellence_Internship\fashion-visual-search\data\subset\images\6598.jpg,Women,Apparel,Topwear,Tops,Blue,Summer,2011.0,Casual,Spykar Women Round Neck Blue Top,index
44560,44560.jpg,F:\CEI\Celebal_Excellence_Internship\fashion-visual-search\data\subset\images\44560.jpg,Men,Footwear,Sandal,Sandals,Black,Summer,2012.0,Casual,Coolers Men Black Sandals,index
22237,22237.jpg,F:\CEI\Celebal_Excellence_Internship\fashion-visual-search\data\subset\images\22237.jpg,Men,Footwear,Shoes,Casual Shoes,Red,Summer,2011.0,Casual,ID Men Red Shoes,index
6729,6729.jpg,F:\CEI\Celebal_Excellence_Internship\fashion-visual-search\data\subset\images\6729.jpg,Men,Footwear,Sandal,Sandals,Green,Winter,2011.0,Casual,Puma Men Pumpom Olive Black Floater,index
3991,3991.jpg,F:\CEI\Celebal_Excellence_Internship\fashion-visual-search\data\subset\images\3991.jpg,Men,Apparel,Topwear,Tshirts,White,Summer,2011.0,Casual,Mr.Men Men's Wave Rider White T-shirt,index
2307,2307.jpg,F:\CEI\Celebal_Excellence_Internship\fashion-visual-search\data\subset\images\2307.jpg,Women,Apparel,Topwear,Tshirts,Purple,Fall,2010.0,Sports,Nike Women Purple Polo T-shirt,index
12720,12720.jpg,F:\CEI\Celebal_Excellence_Internship\fashion-visual-search\data\subset\images\12720.jpg,Unisex,Footwear,Sandal,Sandals,Black,Fall,2011.0,Casual,ADIDAS Unisex Casual Black Sandals,index
45195,45195.jpg,F:\CEI\Celebal_Excellence_Internship\fashion-visual-search\data\subset\images\45195.jpg,Women,Accessories,Watches,Watches,Black,Winter,2016.0,Casual,CASIO ENTICER Women Black Dial Analogue Watch A649,index
43189,43189.jpg,F:\CEI\Celebal_Excellence_Internship\fashion-visual-search\data\subset\images\43189.jpg,Women,Accessories,Watches,Watches,Steel,Winter,2016.0,Casual,Fastrack Women Steel Dial Watch,index
49063,49063.jpg,F:\CEI\Celebal_Excellence_Internship\fashion-visual-search\data\subset\images\49063.jpg,Women,Accessories,Bags,Handbags,Brown,Summer,2012.0,Casual,Lino Perros Women Brown Handbag,index
41764,41764.jpg,F:\CEI\Celebal_Excellence_Internship\fashion-visual-search\data\subset\images\41764.jpg,Women,Apparel,Topwear,Tops,Red,Summer,2012.0,Casual,Remanika Women Red Top,index
1545,1545.jpg,F:\CEI\Celebal_Excellence_Internship\fashion-visual-search\data\subset\images\1545.jpg,Men,Footwear,Shoes,Casual Shoes,White,Fall,2010.0,Casual,Puma Men's Speed Cat Shoe,index
8210,8210.jpg,F:\CEI\Celebal_Excellence_Internship\fashion-visual-search\data\subset\images\8210.jpg,Men,Footwear,Shoes,Casual Shoes,Brown,Winter,2018.0,Casual,Red Tape Men's Casual Brown Shoe,index
35432,35432.jpg,F:\CEI\Celebal_Excellence_Internship\fashion-visual-search\data\subset\images\35432.jpg,Girls,Apparel,Dress,Dresses,Pink,Summer,2012.0,Casual,Doodle Girls Printed Pink Dress,index
54040,54040.jpg,F:\CEI\Celebal_Excellence_Internship\fashion-visual-search\data\subset\images\54040.jpg,Women,Accessories,Bags,Handbags,Black,Summer,2012.0,Casual,Kiara Women Black Handbag,index
38840,38840.jpg,F:\CEI\Celebal_Excellence_Internship\fashion-visual-search\data\subset\images\38840.jpg,Women,Apparel,Dress,Dresses,Black,Summer,2012.0,Casual,Latin Quarters Women Navy Blue & White Printed Dress,index
27445,27445.jpg,F:\CEI\Celebal_Excellence_Internship\fashion-visual-search\data\subset\images\27445.jpg,Women,Apparel,Topwear,Tshirts,Coffee Brown,Winter,2015.0,Casual,Jockey Women Coffee Brown T-shirt,index
13080,13080.jpg,F:\CEI\Celebal_Excellence_Internship\fashion-visual-search\data\subset\images\13080.jpg,Men,Footwear,Shoes,Casual Shoes,Black,Summer,2013.0,Casual,Numero Uno Men Black Casual Shoes,index
26471,26471.jpg,F:\CEI\Celebal_Excellence_Internship\fashion-visual-search\data\subset\images\26471.jpg,Men,Apparel,Topwear,Tshirts,Navy Blue,Summer,2012.0,Casual,Puma Men Classic Graphic  Navy Blue T-shirt,index
18282,18282.jpg,F:\CEI\Celebal_Excellence_Internship\fashion-visual-search\data\subset\images\18282.jpg,Women,Apparel,Topwear,Kurtas,Multi,Fall,2011.0,Ethnic,Aneri Women N.Masti Multi Kurta,index
46860,46860.jpg,F:\CEI\Celebal_Excellence_Internship\fashion-visual-search\data\subset\images\46860.jpg,Girls,Footwear,Sandal,Sandals,Purple,Spring,2013.0,Casual,Barbie Girls Purple Sandals,index
25420,25420.jpg,F:\CEI\Celebal_Excellence_Internship\fashion-visual-search\data\subset\images\25420.jpg,Men,Footwear,Shoes,Casual Shoes,Black,Spring,2013.0,Casual,Nike Men Lite Force Black & White Shoes,index
54693,54693.jpg,F:\CEI\Celebal_Excellence_Internship\fashion-visual-search\data\subset\images\54693.jpg,Women,Apparel,Topwear,Kurtas,Multi,Summer,2012.0,Ethnic,Shree Women Multicoloured Printed Kurta,index
9924,9924.jpg,F:\CEI\Celebal_Excellence_Internship\fashion-visual-search\data\subset\images\9924.jpg,Women,Accessories,Bags,Handbags,Black,Fall,2011.0,Casual,Puma Women Black Avenue Shopper Handbag,index
53654,53654.jpg,F:\CEI\Celebal_Excellence_Internship\fashion-visual-search\data\subset\images\53654.jpg,Women,Accessories,Bags,Handbags,Green,Summer,2012.0,Casual,Kiara Women Green Handbag,index
59243,59243.jpg,F:\CEI\Celebal_Excellence_Internship\fashion-visual-search\data\subset\images\59243.jpg,Men,Accessories,Watches,Watches,Black,Winter,2016.0,Casual,Titan Men Black Dial Watch,index
26263,26263.jpg,F:\CEI\Celebal_Excellence_Internship\fashion-visual-search\data\subset\images\26263.jpg,Men,Apparel,Topwear,Tshirts,Blue,Summer,2013.0,Casual,Proline Men Blue Polo T-Shirt,index
38444,38444.jpg,F:\CEI\Celebal_Excellence_Internship\fashion-visual-search\data\subset\images\38444.jpg,Women,Accessories,Bags,Handbags,Brown,Summer,2012.0,Casual,Baggit Women Green Handbag,index
28209,28209.jpg,F:\CEI\Celebal_Excellence_Internship\fashion-visual-search\data\subset\images\28209.jpg,Men,Accessories,Eyewear,Sunglasses,Black,Winter,2016.0,Casual,Ray-Ban Men High Street Black Sunglasses,index
24482,24482.jpg,F:\CEI\Celebal_Excellence_Internship\fashion-visual-search\data\subset\images\24482.jpg,Men,Footwear,Shoes,Casual Shoes,Black,Winter,2018.0,Casual,Red Tape Men Black Casual Shoes,index
28962,28962.jpg,F:\CEI\Celebal_Excellence_Internship\fashion-visual-search\data\subset\images\28962.jpg,Women,Apparel,Topwear,Kurtas,White,Summer,2012.0,Ethnic,BIBA Women Printed White Kurta,index
48202,48202.jpg,F:\CEI\Celebal_Excellence_Internship\fashion-visual-search\data\subset\images\48202.jpg,Men,Accessories,Eyewear,Sunglasses,Blue,Winter,2016.0,Casual,United Colors of Benetton Men Blue Sunglasses,index
3459,3459.jpg,F:\CEI\Celebal_Excellence_Internship\fashion-visual-search\data\subset\images\3459.jpg,Men,Footwear,Shoes,Sports Shoes,White,Summer,2011.0,Sports,ADIDAS Men's Besulik Trainer White Black Red Shoe,index
25634,25634.jpg,F:\CEI\Celebal_Excellence_Internship\fashion-visual-search\data\subset\images\25634.jpg,Women,Accessories,Watches,Watches,Black,Summer,2017.0,Casual,Fastrack Women Black Dial Watch N6035SL02,index
10585,10585.jpg,F:\CEI\Celebal_Excellence_Internship\fashion-visual-search\data\subset\images\10585.jpg,Men,Accessories,Watches,Watches,Black,Winter,2016.0,Casual,Carrera Men Rubber strap dial Black Watches,index
54183,54183.jpg,F:\CEI\Celebal_Excellence_Internship\fashion-visual-search\data\subset\images\54183.jpg,Women,Accessories,Bags,Handbags,Cream,Summer,2012.0,Casual,Kiara Women Cream Handbag,index
6611,6611.jpg,F:\CEI\Celebal_Excellence_Internship\fashion-visual-search\data\subset\images\6611.jpg,Men,Apparel,Topwear,Shirts,Navy Blue,Summer,2011.0,Casual,Spykar Men Stripes Navy Blue Shirt,index
4387,4387.jpg,F:\CEI\Celebal_Excellence_Internship\fashion-visual-search\data\subset\images\4387.jpg,Men,Apparel,Topwear,Tshirts,Grey,Summer,2011.0,Casual,Batman Men's Affliction Grey Violet T-shirt,index
37249,37249.jpg,F:\CEI\Celebal_Excellence_Internship\fashion-visual-search\data\subset\images\37249.jpg,Men,Footwear,Shoes,Casual Shoes,Brown,Summer,2012.0,Casual,United Colors of Benetton Men Brown Shoes,index
2938,2938.jpg,F:\CEI\Celebal_Excellence_Internship\fashion-visual-search\data\subset\images\2938.jpg,Women,Apparel,Topwear,Tops,Multi,Fall,2010.0,Casual,DUSG Women Crane Bamboo Top,index
10822,10822.jpg,F:\CEI\Celebal_Excellence_Internship\fashion-visual-search\data\subset\images\10822.jpg,Men,Apparel,Topwear,Tshirts,Navy Blue,Fall,2011.0,Casual,Wrangler Men Navy Blue Polo Tshirts,index
39003,39003.jpg,F:\CEI\Celebal_Excellence_Internship\fashion-visual-search\data\subset\images\39003.jpg,Boys,Apparel,Topwear,Tshirts,White,Summer,2012.0,Casual,Gini and Jony Boys Unit White T-shirt,index
12065,12065.jpg,F:\CEI\Celebal_Excellence_Internship\fashion-visual-search\data\subset\images\12065.jpg,Women,Apparel,Topwear,Kurtas,Navy Blue,Fall,2011.0,Ethnic,W Women Printed Navy Blue Kurtas,index
2225,2225.jpg,F:\CEI\Celebal_Excellence_Internship\fashion-visual-search\data\subset\images\2225.jpg,Men,Footwear,Sandal,Sandals,Black,Fall,2010.0,Sports,Puma Men Trek Black Sandal,index
19615,19615.jpg,F:\CEI\Celebal_Excellence_Internship\fashion-visual-search\data\subset\images\19615.jpg,Women,Apparel,Topwear,Tops,Olive,Summer,2011.0,Casual,United Colors of Benetton Women Solid Olive Top,index
21885,21885.jpg,F:\CEI\Celebal_Excellence_Internship\fashion-visual-search\data\subset\images\21885.jpg,Women,Apparel,Topwear,Kurtas,Green,Fall,2011.0,Ethnic,BIBA Women Printed Green Kurta,index
32762,32762.jpg,F:\CEI\Celebal_Excellence_Internship\fashion-visual-search\data\subset\images\32762.jpg,Men,Apparel,Topwear,Shirts,Blue,Summer,2012.0,Formal,John Miller Men Check Blue Shirt,index
39821,39821.jpg,F:\CEI\Celebal_Excellence_Internship\fashion-visual-search\data\subset\images\39821.jpg,Men,Footwear,Sandal,Sandals,Black,Summer,2012.0,Casual,Red Tape Men Black Sandals,index
33503,33503.jpg,F:\CEI\Celebal_Excellence_Internship\fashion-visual-search\data\subset\images\33503.jpg,Women,Apparel,Dress,Dresses,White,Summer,2012.0,Casual,Doodle Kids Girl Printed White Dress,index
41443,41443.jpg,F:\CEI\Celebal_Excellence_Internship\fashion-visual-search\data\subset\images\41443.jpg,Men,Footwear,Shoes,Sports Shoes,White,Fall,2012.0,Sports,Lee Cooper Men White Sports Shoes,index
8483,8483.jpg,F:\CEI\Celebal_Excellence_Internship\fashion-visual-search\data\subset\images\8483.jpg,Women,Apparel,Dress,Dresses,Blue,Fall,2011.0,Casual,Forever New Women Creme de Menthe Blue Dresses,index
59262,59262.jpg,F:\CEI\Celebal_Excellence_Internship\fashion-visual-search\data\subset\images\59262.jpg,Women,Accessories,Watches,Watches,Silver,Winter,2016.0,Casual,Titan Women Silver Watch,index
54662,54662.jpg,F:\CEI\Celebal_Excellence_Internship\fashion-visual-search\data\subset\images\54662.jpg,Men,Accessories,Watches,Watches,Steel,Winter,2016.0,Casual,Fastrack Men Black Dial  Watch,index
50431,50431.jpg,F:\CEI\Celebal_Excellence_Internship\fashion-visual-search\data\subset\images\50431.jpg,Unisex,Accessories,Bags,Handbags,Khaki,Summer,2012.0,Casual,Lino Perros Unisex Khaki Bag,index
57231,57231.jpg,F:\CEI\Celebal_Excellence_Internship\fashion-visual-search\data\subset\images\57231.jpg,Women,Accessories,Bags,Handbags,Black,Summer,2012.0,Casual,Murcia Women Black Handbag,index
4987,4987.jpg,F:\CEI\Celebal_Excellence_Internship\fashion-visual-search\data\subset\images\4987.jpg,Women,Apparel,Dress,Dresses,White,Summer,2011.0,Casual,Gini and Jony Girl's Viveca White Floral Kidswear,index
57507,57507.jpg,F:\CEI\Celebal_Excellence_Internship\fashion-visual-search\data\subset\images\57507.jpg,Men,Footwear,Sandal,Sandals,Black,Summer,2012.0,Casual,Lee Cooper Men Black  Sandals,index
14330,14330.jpg,F:\CEI\Celebal_Excellence_Internship\fashion-visual-search\data\subset\images\14330.jpg,Men,Footwear,Shoes,Sports Shoes,Black,Fall,2011.0,Sports,Nike Men Free Run +2 Black Sports Shoes,index
30266,30266.jpg,F:\CEI\Celebal_Excellence_Internship\fashion-visual-search\data\subset\images\30266.jpg,Men,Accessories,Eyewear,Sunglasses,Black,Summer,2017.0,Casual,Speedo Men Sheet Sunglasses,index
48086,48086.jpg,F:\CEI\Celebal_Excellence_Internship\fashion-visual-search\data\subset\images\48086.jpg,Women,Apparel,Dress,Dresses,Navy Blue,Summer,2012.0,Casual,French Connection Navy Blue Dress,index
38329,38329.jpg,F:\CEI\Celebal_Excellence_Internship\fashion-visual-search\data\subset\images\38329.jpg,Girls,Apparel,Topwear,Tops,Off White,Summer,2012.0,Casual,Hannah Montana Girls Off White Tops,index
11597,11597.jpg,F:\CEI\Celebal_Excellence_Internship\fashion-visual-search\data\subset\images\11597.jpg,Women,Apparel,Topwear,Kurtas,Cream,Summer,2011.0,Ethnic,W Women Printed Cream Kurtas,index
22063,22063.jpg,F:\CEI\Celebal_Excellence_Internship\fashion-visual-search\data\subset\images\22063.jpg,Women,Apparel,Topwear,Kurtas,White,Fall,2011.0,Ethnic,Vishudh Women Printed White and Navy Blue Kurta,index
4908,4908.jpg,F:\CEI\Celebal_Excellence_Internship\fashion-visual-search\data\subset\images\4908.jpg,Women,Apparel,Topwear,Tops,Red,Summer,2011.0,Casual,Levis Kids Girl's Darcy Red Teens Kidswear,index
42217,42217.jpg,F:\CEI\Celebal_Excellence_Internship\fashion-visual-search\data\subset\images\42217.jpg,Women,Apparel,Dress,Dresses,Black,Summer,2012.0,Party,Sepia Women Black Dress,index
25295,25295.jpg,F:\CEI\Celebal_Excellence_Internship\fashion-visual-search\data\subset\images\25295.jpg,Women,Accessories,Bags,Handbags,Purple,Summer,2012.0,Casual,Lino Perros Women Sporty Purple Handbag,index
58520,58520.jpg,F:\CEI\Celebal_Excellence_Internship\fashion-visual-search\data\subset\images\58520.jpg,Women,Apparel,Dress,Dresses,Black,Fall,2012.0,Casual,Tonga Women Black Dress,index
10809,10809.jpg,F:\CEI\Celebal_Excellence_Internship\fashion-visual-search\data\subset\images\10809.jpg,Men,Apparel,Topwear,Shirts,Black,Fall,2011.0,Casual,Wrangler Men Mark Rodeo Riveted Black Shirts,index
10194,10194.jpg,F:\CEI\Celebal_Excellence_Internship\fashion-visual-search\data\subset\images\10194.jpg,Men,Accessories,Watches,Watches,Black,Winter,2016.0,Casual,Carrera Men Sqaure dial leather strap Black Watches,index
35644,35644.jpg,F:\CEI\Celebal_Excellence_Internship\fashion-visual-search\data\subset\images\35644.jpg,Men,Footwear,Sandal,Sandals,Black,Spring,2013.0,Casual,U.S. Polo Assn. Men Black Sandals,index
18161,18161.jpg,F:\CEI\Celebal_Excellence_Internship\fashion-visual-search\data\subset\images\18161.jpg,Men,Footwear,Sandal,Sandals,Green,Fall,2011.0,Casual,Vans Men Thresher Green Slipper,index
33531,33531.jpg,F:\CEI\Celebal_Excellence_Internship\fashion-visual-search\data\subset\images\33531.jpg,Women,Footwear,Shoes,Casual Shoes,Black,Summer,2016.0,Casual,Cobblerz Women Black Loafers,index
17549,17549.jpg,F:\CEI\Celebal_Excellence_Internship\fashion-visual-search\data\subset\images\17549.jpg,Men,Apparel,Topwear,Shirts,Grey,Fall,2011.0,Formal,Mark Taylor Men Grey & White Striped Shirt,index
48187,48187.jpg,F:\CEI\Celebal_Excellence_Internship\fashion-visual-search\data\subset\images\48187.jpg,Women,Accessories,Bags,Handbags,Multi,Winter,2016.0,Casual,Fossil Women Multi Coloured Handbag,index
20328,20328.jpg,F:\CEI\Celebal_Excellence_Internship\fashion-visual-search\data\subset\images\20328.jpg,Men,Apparel,Topwear,Kurtas,Beige,Summer,2011.0,Ethnic,Mother Earth Men Printed Beige Kurta,index
43546,43546.jpg,F:\CEI\Celebal_Excellence_Internship\fashion-visual-search\data\subset\images\43546.jpg,Men,Footwear,Sandal,Sandals,Black,Summer,2012.0,Casual,Woodland Men Black Sandals,index
10141,10141.jpg,F:\CEI\Celebal_Excellence_Internship\fashion-visual-search\data\subset\images\10141.jpg,Women,Accessories,Watches,Watches,Gold,Winter,2016.0,Casual,Esprit Women Houston White Gold Links Gold Watches,index
25617,25617.jpg,F:\CEI\Celebal_Excellence_Internship\fashion-visual-search\data\subset\images\25617.jpg,Women,Accessories,Watches,Watches,Silver,Winter,2016.0,Casual,Fastrack Women Silver Casual Watch,index
22713,22713.jpg,F:\CEI\Celebal_Excellence_Internship\fashion-visual-search\data\subset\images\22713.jpg,Women,Footwear,Shoes,Sports Shoes,Grey,Fall,2011.0,Sports,Nike Women Grey Air Max +2011 Sports Shoes,index
2700,2700.jpg,F:\CEI\Celebal_Excellence_Internship\fashion-visual-search\data\subset\images\2700.jpg,Girls,Apparel,Topwear,Tops,White,Summer,2011.0,Casual,Disney Kids Girl's White Kidswear,index
16781,16781.jpg,F:\CEI\Celebal_Excellence_Internship\fashion-visual-search\data\subset\images\16781.jpg,Unisex,Accessories,Watches,Watches,Black,Winter,2016.0,Casual,ADIDAS Originals Unisex Black Dial Watch ADH2133,index
4190,4190.jpg,F:\CEI\Celebal_Excellence_Internship\fashion-visual-search\data\subset\images\4190.jpg,Boys,Apparel,Topwear,Tshirts,Yellow,Summer,2011.0,Casual,Disney Kids Boy's Yellow Little Friends Kidswear,index
33768,33768.jpg,F:\CEI\Celebal_Excellence_Internship\fashion-visual-search\data\subset\images\33768.jpg,Men,Footwear,Shoes,Casual Shoes,Tan,Summer,2012.0,Casual,ADIDAS Neo Men Utility Deck Tan Shoes,index
24534,24534.jpg,F:\CEI\Celebal_Excellence_Internship\fashion-visual-search\data\subset\images\24534.jpg,Women,Apparel,Topwear,Tops,Brown,Fall,2011.0,Ethnic,Mother Earth Women Brown Printed Top,index
18537,18537.jpg,F:\CEI\Celebal_Excellence_Internship\fashion-visual-search\data\subset\images\18537.jpg,Unisex,Footwear,Shoes,Casual Shoes,Black,Fall,2012.0,Casual,Puma Unisex Limnos Black Casual Shoes,index
4470,4470.jpg,F:\CEI\Celebal_Excellence_Internship\fashion-visual-search\data\subset\images\4470.jpg,Men,Footwear,Shoes,Sports Shoes,White,Summer,2011.0,Sports,Puma Men's Complete Vectana White Sliver Black Shoe,index
33995,33995.jpg,F:\CEI\Celebal_Excellence_Internship\fashion-visual-search\data\subset\images\33995.jpg,Women,Apparel,Topwear,Tops,Black,Summer,2012.0,Casual,Femella Women Black Top,index
39235,39235.jpg,F:\CEI\Celebal_Excellence_Internship\fashion-visual-search\data\subset\images\39235.jpg,Women,Apparel,Dress,Dresses,Brown,Summer,2012.0,Casual,Femella Women Peach Crepe Front Zipper Dress Dress,index
47692,47692.jpg,F:\CEI\Celebal_Excellence_Internship\fashion-visual-search\data\subset\images\47692.jpg,Women,Accessories,Bags,Handbags,Olive,Summer,2012.0,Casual,Murcia Women Olive Handbag,index
38008,38008.jpg,F:\CEI\Celebal_Excellence_Internship\fashion-visual-search\data\subset\images\38008.jpg,Men,Accessories,Watches,Watches,Black,Winter,2016.0,Casual,Q&Q Men Black Dial Watch,index
17175,17175.jpg,F:\CEI\Celebal_Excellence_Internship\fashion-visual-search\data\subset\images\17175.jpg,Men,Apparel,Topwear,Shirts,Grey,Fall,2011.0,Casual,U.S. Polo Assn. Men Checks Grey Shirt,index
16567,16567.jpg,F:\CEI\Celebal_Excellence_Internship\fashion-visual-search\data\subset\images\16567.jpg,Women,Apparel,Dress,Dresses,Red,Fall,2011.0,Casual,AND by Anita Dongre Women Printed Red Dresses,index
14786,14786.jpg,F:\CEI\Celebal_Excellence_Internship\fashion-visual-search\data\subset\images\14786.jpg,Men,Apparel,Topwear,Shirts,Purple,Fall,2011.0,Formal,Arrow Men Solid Purple Shirts,index
44883,44883.jpg,F:\CEI\Celebal_Excellence_Internship\fashion-visual-search\data\subset\images\44883.jpg,Men,Apparel,Topwear,Tshirts,Grey,Summer,2012.0,Casual,Puma Men Grey Striped Polo T-shirt,index
24686,24686.jpg,F:\CEI\Celebal_Excellence_Internship\fashion-visual-search\data\subset\images\24686.jpg,Men,Footwear,Sandal,Sandals,Black,Fall,2011.0,Casual,Lee Cooper Men Classic Black Sandals,index
46281,46281.jpg,F:\CEI\Celebal_Excellence_Internship\fashion-visual-search\data\subset\images\46281.jpg,Women,Apparel,Dress,Dresses,Black,Summer,2012.0,Casual,109F Women Black & Cream Dress,index
54716,54716.jpg,F:\CEI\Celebal_Excellence_Internship\fashion-visual-search\data\subset\images\54716.jpg,Women,Apparel,Topwear,Kurtas,Beige,Fall,2012.0,Ethnic,Shree Women Pink and Olive Printed Kurta,index
30563,30563.jpg,F:\CEI\Celebal_Excellence_Internship\fashion-visual-search\data\subset\images\30563.jpg,Unisex,Accessories,Eyewear,Sunglasses,Black,Winter,2016.0,Casual,Opium Unisex Black Sunglasses,index
4484,4484.jpg,F:\CEI\Celebal_Excellence_Internship\fashion-visual-search\data\subset\images\4484.jpg,Men,Footwear,Shoes,Sports Shoes,White,Summer,2011.0,Sports,Puma Men Kraftek White Silver Shoe,index
41661,41661.jpg,F:\CEI\Celebal_Excellence_Internship\fashion-visual-search\data\subset\images\41661.jpg,Men,Apparel,Topwear,Shirts,Blue,Summer,2012.0,Formal,Mark Taylor Men Blue Striped Shirt,index
59381,59381.jpg,F:\CEI\Celebal_Excellence_Internship\fashion-visual-search\data\subset\images\59381.jpg,Women,Apparel,Topwear,Kurtas,Brown,Summer,2012.0,Ethnic,Vishudh Women Brown Printed Kurta,index
9712,9712.jpg,F:\CEI\Celebal_Excellence_Internship\fashion-visual-search\data\subset\images\9712.jpg,Men,Apparel,Topwear,Shirts,White,Fall,2011.0,Casual,Scullers Men Scul White Shirts,index
35176,35176.jpg,F:\CEI\Celebal_Excellence_Internship\fashion-visual-search\data\subset\images\35176.jpg,Unisex,Accessories,Bags,Handbags,Black,Summer,2015.0,Casual,Wildcraft Unisex Graffiti Black & Yellow Sling Bag,index
51923,51923.jpg,F:\CEI\Celebal_Excellence_Internship\fashion-visual-search\data\subset\images\51923.jpg,Women,Accessories,Bags,Handbags,Pink,Summer,2016.0,Casual,Nyk Women Pink Abelia Handbag,index
35504,35504.jpg,F:\CEI\Celebal_Excellence_Internship\fashion-visual-search\data\subset\images\35504.jpg,Men,Footwear,Sandal,Sandals,Olive,Summer,2012.0,Casual,Bata Men Hummer-p Olive Sandals,index
15503,15503.jpg,F:\CEI\Celebal_Excellence_Internship\fashion-visual-search\data\subset\images\15503.jpg,Women,Footwear,Shoes,Casual Shoes,Black,Fall,2011.0,Casual,Carlton London Women Casual Black Casual Shoes,index
57236,57236.jpg,F:\CEI\Celebal_Excellence_Internship\fashion-visual-search\data\subset\images\57236.jpg,Women,Accessories,Bags,Handbags,Burgundy,Summer,2012.0,Casual,Murcia Women Burgundy Handbag,index
32381,32381.jpg,F:\CEI\Celebal_Excellence_Internship\fashion-visual-search\data\subset\images\32381.jpg,Women,Apparel,Topwear,Tops,Lavender,Summer,2012.0,Casual,Arrow Woman Lavender Top,index
10814,10814.jpg,F:\CEI\Celebal_Excellence_Internship\fashion-visual-search\data\subset\images\10814.jpg,Men,Apparel,Topwear,Shirts,Purple,Fall,2011.0,Casual,Wrangler Men Easter Bright Amslar Purple Shirt,index
20963,20963.jpg,F:\CEI\Celebal_Excellence_Internship\fashion-visual-search\data\subset\images\20963.jpg,Women,Accessories,Bags,Handbags,Black,Winter,2016.0,Casual,Fastrack Women Polyester Black Sling Bag,index
20147,20147.jpg,F:\CEI\Celebal_Excellence_Internship\fashion-visual-search\data\subset\images\20147.jpg,Men,Apparel,Topwear,Shirts,Blue,Fall,2011.0,Casual,Wrangler Men Broad Blue Shirt,index
5000,5000.jpg,F:\CEI\Celebal_Excellence_Internship\fashion-visual-search\data\subset\images\5000.jpg,Women,Apparel,Topwear,Tops,Green,Summer,2011.0,Casual,Gini and Jony Girl's Gloria Green Kidswear,index
57995,57995.jpg,F:\CEI\Celebal_Excellence_Internship\fashion-visual-search\data\subset\images\57995.jpg,Women,Apparel,Dress,Dresses,Black,Fall,2012.0,Casual,Latin Quarters Women & White Black Dress,index
18168,18168.jpg,F:\CEI\Celebal_Excellence_Internship\fashion-visual-search\data\subset\images\18168.jpg,Girls,Apparel,Dress,Dresses,Pink,Fall,2011.0,Casual,Doodle Kids Girls Party Frock Pink Dress,index
29869,29869.jpg,F:\CEI\Celebal_Excellence_Internship\fashion-visual-search\data\subset\images\29869.jpg,Men,Accessories,Eyewear,Sunglasses,Metallic,Winter,2016.0,Casual,Mayhem Men Aviator Sunglasses 1023-205d,index
16095,16095.jpg,F:\CEI\Celebal_Excellence_Internship\fashion-visual-search\data\subset\images\16095.jpg,Unisex,Accessories,Eyewear,Sunglasses,Brown,Winter,2016.0,Casual,M tv Unisex My Fab Eyewear Brown Sunglasses,index
19674,19674.jpg,F:\CEI\Celebal_Excellence_Internship\fashion-visual-search\data\subset\images\19674.jpg,Women,Apparel,Topwear,Tops,Black,Summer,2011.0,Casual,United Colors of Benetton Women Printed Black Top,index
11550,11550.jpg,F:\CEI\Celebal_Excellence_Internship\fashion-visual-search\data\subset\images\11550.jpg,Women,Apparel,Topwear,Kurtas,Blue,Summer,2011.0,Ethnic,W Women Printed Blue Kurtas,index
14775,14775.jpg,F:\CEI\Celebal_Excellence_Internship\fashion-visual-search\data\subset\images\14775.jpg,Men,Apparel,Topwear,Shirts,Blue,Fall,2013.0,Formal,Arrow Men Blue Striped Shirt,index
8207,8207.jpg,F:\CEI\Celebal_Excellence_Internship\fashion-visual-search\data\subset\images\8207.jpg,Men,Apparel,Topwear,Tshirts,Red,Summer,2011.0,Casual,Locomotive Men Solid Langworth Red T-Shirts,index
39174,39174.jpg,F:\CEI\Celebal_Excellence_Internship\fashion-visual-search\data\subset\images\39174.jpg,Women,Apparel,Topwear,Kurtas,Blue,Summer,2012.0,Ethnic,Aneri Women Blue Printed Kurta,index
21304,21304.jpg,F:\CEI\Celebal_Excellence_Internship\fashion-visual-search\data\subset\images\21304.jpg,Women,Accessories,Eyewear,Sunglasses,Brown,Winter,2016.0,Casual,Celine Dion Women Brown Frame Sunglasses,index
43878,43878.jpg,F:\CEI\Celebal_Excellence_Internship\fashion-visual-search\data\subset\images\43878.jpg,Men,Footwear,Shoes,Casual Shoes,Brown,Summer,2012.0,Casual,Puma Men Brown Terrae Mid Africa Shoes,index
26614,26614.jpg,F:\CEI\Celebal_Excellence_Internship\fashion-visual-search\data\subset\images\26614.jpg,Men,Footwear,Shoes,Sports Shoes,Black,Summer,2012.0,Sports,Puma Men Complete Itana 2 Black Sports Shoes,index
5241,5241.jpg,F:\CEI\Celebal_Excellence_Internship\fashion-visual-search\data\subset\images\5241.jpg,Men,Footwear,Shoes,Sports Shoes,Grey,Summer,2011.0,Sports,Reebok Men's Cruiseon Charcoal Grey Shoe,index
12956,12956.jpg,F:\CEI\Celebal_Excellence_Internship\fashion-visual-search\data\subset\images\12956.jpg,Men,Footwear,Shoes,Sports Shoes,Blue,Fall,2011.0,Sports,ADIDAS Men Sports Blue Sports Shoes,index
4933,4933.jpg,F:\CEI\Celebal_Excellence_Internship\fashion-visual-search\data\subset\images\4933.jpg,Women,Apparel,Dress,Dresses,Peach,Summer,2011.0,Casual,Gini and Jony Girl's Valerie Peach White Kidswear,index
6893,6893.jpg,F:\CEI\Celebal_Excellence_Internship\fashion-visual-search\data\subset\images\6893.jpg,Women,Apparel,Dress,Dresses,Black,Summer,2011.0,Casual,Forever New Women Straps Black Dress,index
54089,54089.jpg,F:\CEI\Celebal_Excellence_Internship\fashion-visual-search\data\subset\images\54089.jpg,Women,Apparel,Topwear,Tops,Purple,Summer,2012.0,Casual,Mumbai Slang Women Purple Top,index
26714,26714.jpg,F:\CEI\Celebal_Excellence_Internship\fashion-visual-search\data\subset\images\26714.jpg,Men,Apparel,Topwear,Tshirts,Green,Summer,2012.0,Casual,Puma Men Large Logo Green T-shirt,index
42529,42529.jpg,F:\CEI\Celebal_Excellence_Internship\fashion-visual-search\data\subset\images\42529.jpg,Women,Apparel,Topwear,Kurtas,Multi,Summer,2012.0,Ethnic,Mother Earth Women Multi Coloured Kurta,index
35592,35592.jpg,F:\CEI\Celebal_Excellence_Internship\fashion-visual-search\data\subset\images\35592.jpg,Men,Footwear,Sandal,Sandals,Navy Blue,Summer,2013.0,Casual,Gliders Men Navy Blue Sandals,index
48039,48039.jpg,F:\CEI\Celebal_Excellence_Internship\fashion-visual-search\data\subset\images\48039.jpg,Men,Accessories,Watches,Watches,Black,Winter,2016.0,Casual,Nautica Men Black Dial Chronograph Watch,index
5398,5398.jpg,F:\CEI\Celebal_Excellence_Internship\fashion-visual-search\data\subset\images\5398.jpg,Men,Footwear,Shoes,Sports Shoes,Grey,,2011.0,Sports,Quechua Arpenaz Flex Novadry Grey,index
28202,28202.jpg,F:\CEI\Celebal_Excellence_Internship\fashion-visual-search\data\subset\images\28202.jpg,Men,Accessories,Eyewear,Sunglasses,Black,Winter,2016.0,Casual,Ray-Ban Men High Street Sunglasses,index
3624,3624.jpg,F:\CEI\Celebal_Excellence_Internship\fashion-visual-search\data\subset\images\3624.jpg,Men,Footwear,Sandal,Sandals,Black,Summer,2011.0,Casual,Puma Men Argon Black Red Sandal,index
7040,7040.jpg,F:\CEI\Celebal_Excellence_Internship\fashion-visual-search\data\subset\images\7040.jpg,Men,Footwear,Shoes,Casual Shoes,Navy Blue,Summer,2011.0,Casual,Numero Uno Men's Navy Blue Shoe,index
35440,35440.jpg,F:\CEI\Celebal_Excellence_Internship\fashion-visual-search\data\subset\images\35440.jpg,Boys,Apparel,Topwear,Shirts,Black,Summer,2012.0,Casual,Doodle Boys Check Black Shirt,index
45158,45158.jpg,F:\CEI\Celebal_Excellence_Internship\fashion-visual-search\data\subset\images\45158.jpg,Men,Accessories,Watches,Watches,Brown,Winter,2016.0,Casual,CASIO ENTICER Men Brown Dial Analogue Watch A510,index
54708,54708.jpg,F:\CEI\Celebal_Excellence_Internship\fashion-visual-search\data\subset\images\54708.jpg,Women,Apparel,Topwear,Kurtas,Multi,Fall,2012.0,Ethnic,Shree Women Multicoloured Printed Kurta,index
18755,18755.jpg,F:\CEI\Celebal_Excellence_Internship\fashion-visual-search\data\subset\images\18755.jpg,Women,Apparel,Dress,Dresses,Blue,Fall,2011.0,Casual,Arrow Woman Kaya Blue Dress,index
22748,22748.jpg,F:\CEI\Celebal_Excellence_Internship\fashion-visual-search\data\subset\images\22748.jpg,Women,Apparel,Topwear,Kurtas,Blue,Fall,2011.0,Ethnic,BIBA Women Printed Blue Kurta,index
28753,28753.jpg,F:\CEI\Celebal_Excellence_Internship\fashion-visual-search\data\subset\images\28753.jpg,Women,Apparel,Topwear,Kurtas,Green,Summer,2012.0,Ethnic,Aurelia Women Printed Green Kurta,index
9260,9260.jpg,F:\CEI\Celebal_Excellence_Internship\fashion-visual-search\data\subset\images\9260.jpg,Men,Apparel,Topwear,Shirts,Blue,Fall,2011.0,Formal,Mark Taylor Men Blue Striped Shirt,index
2712,2712.jpg,F:\CEI\Celebal_Excellence_Internship\fashion-visual-search\data\subset\images\2712.jpg,Girls,Apparel,Dress,Dresses,Blue,Summer,2011.0,Casual,Disney Kids Girl's Halter Neck Blue Kidswear,index
25258,25258.jpg,F:\CEI\Celebal_Excellence_Internship\fashion-visual-search\data\subset\images\25258.jpg,Women,Accessories,Bags,Handbags,Off White,Summer,2012.0,Casual,Lino Perros Women Leatherette Off White Handbag,index
30043,30043.jpg,F:\CEI\Celebal_Excellence_Internship\fashion-visual-search\data\subset\images\30043.jpg,Men,Accessories,Watches,Watches,White,Winter,2016.0,Casual,Skagen Men Silver Dial Watch,index
16130,16130.jpg,F:\CEI\Celebal_Excellence_Internship\fashion-visual-search\data\subset\images\16130.jpg,Women,Apparel,Topwear,Tops,Pink,Fall,2011.0,Casual,Tokyo Talkies Women Printed Pink Top,index
30788,30788.jpg,F:\CEI\Celebal_Excellence_Internship\fashion-visual-search\data\subset\images\30788.jpg,Men,Apparel,Topwear,Kurtas,Black,Summer,2012.0,Ethnic,Fabindia Men Black Kurta,index
44681,44681.jpg,F:\CEI\Celebal_Excellence_Internship\fashion-visual-search\data\subset\images\44681.jpg,Women,Apparel,Dress,Dresses,White,Summer,2012.0,Casual,Wills Lifestyle Women White Dress,index
47232,47232.jpg,F:\CEI\Celebal_Excellence_Internship\fashion-visual-search\data\subset\images\47232.jpg,Men,Footwear,Sandal,Sandals,Brown,Summer,2012.0,Casual,Franco Leone Men Brown Sandals,index
53586,53586.jpg,F:\CEI\Celebal_Excellence_Internship\fashion-visual-search\data\subset\images\53586.jpg,Men,Accessories,Watches,Watches,Silver,Winter,2016.0,Casual,Q&Q Men Sliver Dial Watch,index
47347,47347.jpg,F:\CEI\Celebal_Excellence_Internship\fashion-visual-search\data\subset\images\47347.jpg,Women,Accessories,Bags,Handbags,Teal,Fall,2012.0,Casual,Baggit Women Teal Bag,index
35673,35673.jpg,F:\CEI\Celebal_Excellence_Internship\fashion-visual-search\data\subset\images\35673.jpg,Men,Footwear,Shoes,Casual Shoes,Navy Blue,Summer,2012.0,Casual,U.S. Polo Assn. Men Navy Blue Shoes,index
16340,16340.jpg,F:\CEI\Celebal_Excellence_Internship\fashion-visual-search\data\subset\images\16340.jpg,Men,Apparel,Topwear,Shirts,Maroon,Fall,2011.0,Formal,Peter England Men Stripes Maroon Shirt,index
19581,19581.jpg,F:\CEI\Celebal_Excellence_Internship\fashion-visual-search\data\subset\images\19581.jpg,Men,Apparel,Topwear,Tshirts,White,Summer,2011.0,Casual,United Colors of Benetton Men Printed White Tshirt,index
51685,51685.jpg,F:\CEI\Celebal_Excellence_Internship\fashion-visual-search\data\subset\images\51685.jpg,Men,Accessories,Eyewear,Sunglasses,Brown,Winter,2016.0,Casual,Louis Philippe Men Brown Sunglasses LP207-C1,index
48463,48463.jpg,F:\CEI\Celebal_Excellence_Internship\fashion-visual-search\data\subset\images\48463.jpg,Women,Apparel,Dress,Dresses,Teal,Summer,2012.0,Casual,French Connection Teal & Brown Printed Dress,index
46015,46015.jpg,F:\CEI\Celebal_Excellence_Internship\fashion-visual-search\data\subset\images\46015.jpg,Women,Apparel,Topwear,Kurtas,White,Summer,2012.0,Ethnic,Fabindia Women White Printed Kurta,index
28473,28473.jpg,F:\CEI\Celebal_Excellence_Internship\fashion-visual-search\data\subset\images\28473.jpg,Women,Apparel,Topwear,Tops,Turquoise Blue,Summer,2012.0,Casual,Urban Yoga Women Printed Turquoise Blue Top,index
58196,58196.jpg,F:\CEI\Celebal_Excellence_Internship\fashion-visual-search\data\subset\images\58196.jpg,Women,Accessories,Bags,Handbags,White,Summer,2012.0,Casual,Puma Women White Handbag,index
13897,13897.jpg,F:\CEI\Celebal_Excellence_Internship\fashion-visual-search\data\subset\images\13897.jpg,Men,Footwear,Sandal,Sandals,Black,Fall,2011.0,Casual,Nike Men Mikumi Black Sandals,index
13191,13191.jpg,F:\CEI\Celebal_Excellence_Internship\fashion-visual-search\data\subset\images\13191.jpg,Men,Footwear,Shoes,Casual Shoes,Green,Fall,2011.0,Casual,Puma Men Eco ortholite Green Casual Shoes,index
43627,43627.jpg,F:\CEI\Celebal_Excellence_Internship\fashion-visual-search\data\subset\images\43627.jpg,Women,Apparel,Dress,Dresses,Green,Summer,2012.0,Casual,Vero Moda Green Printed Shift Dress,index
2343,2343.jpg,F:\CEI\Celebal_Excellence_Internship\fashion-visual-search\data\subset\images\2343.jpg,Men,Apparel,Topwear,Tshirts,Green,Fall,2010.0,Casual,Reebok Men Basil Green & Blue Polo T-shirt,index
25216,25216.jpg,F:\CEI\Celebal_Excellence_Internship\fashion-visual-search\data\subset\images\25216.jpg,Women,Accessories,Bags,Handbags,Pink,Winter,2015.0,Casual,Lino Perros Women Pink Handbag,index
17828,17828.jpg,F:\CEI\Celebal_Excellence_Internship\fashion-visual-search\data\subset\images\17828.jpg,Men,Footwear,Shoes,Casual Shoes,White,Fall,2011.0,Casual,Nike Men Air Max 1 White Casual Shoe,index
54972,54972.jpg,F:\CEI\Celebal_Excellence_Internship\fashion-visual-search\data\subset\images\54972.jpg,Women,Apparel,Dress,Dresses,Green,Fall,2012.0,Casual,Femella Women Green & Black Dress,index
23230,23230.jpg,F:\CEI\Celebal_Excellence_Internship\fashion-visual-search\data\subset\images\23230.jpg,Women,Apparel,Topwear,Kurtas,Blue,Fall,2011.0,Ethnic,Aneri Women Blue Checks Kurta,index
34403,34403.jpg,F:\CEI\Celebal_Excellence_Internship\fashion-visual-search\data\subset\images\34403.jpg,Men,Apparel,Topwear,Tshirts,Black,Summer,2012.0,Casual,Myntra Men Back To The 70s Black T-shirt,index
39813,39813.jpg,F:\CEI\Celebal_Excellence_Internship\fashion-visual-search\data\subset\images\39813.jpg,Men,Footwear,Sandal,Sandals,Brown,Summer,2013.0,Casual,Red Tape Men Brown Sandals,index
31851,31851.jpg,F:\CEI\Celebal_Excellence_Internship\fashion-visual-search\data\subset\images\31851.jpg,Men,Accessories,Watches,Watches,Black,Winter,2016.0,Casual,Titan Edge Men Black Dial Watch,index
34163,34163.jpg,F:\CEI\Celebal_Excellence_Internship\fashion-visual-search\data\subset\images\34163.jpg,Girls,Apparel,Topwear,Tops,White,Summer,2012.0,Casual,Gini and Jony Girls White Top,index
29968,29968.jpg,F:\CEI\Celebal_Excellence_Internship\fashion-visual-search\data\subset\images\29968.jpg,Men,Accessories,Eyewear,Sunglasses,Brown,Winter,2016.0,Casual,Cat Men Sheet Sunglasses,index
49676,49676.jpg,F:\CEI\Celebal_Excellence_Internship\fashion-visual-search\data\subset\images\49676.jpg,Men,Accessories,Eyewear,Sunglasses,Brown,Winter,2016.0,Casual,United Colors of Benetton Men Sunglass,index
8698,8698.jpg,F:\CEI\Celebal_Excellence_Internship\fashion-visual-search\data\subset\images\8698.jpg,Men,Accessories,Eyewear,Sunglasses,Brown,Winter,2016.0,Casual,Fastrack Men Hip Hop Brown Sunglasses,index
37266,37266.jpg,F:\CEI\Celebal_Excellence_Internship\fashion-visual-search\data\subset\images\37266.jpg,Girls,Apparel,Dress,Dresses,Navy Blue,Summer,2012.0,Casual,United Colors of Benetton Girls Printed Navy Blue Dress,index
2915,2915.jpg,F:\CEI\Celebal_Excellence_Internship\fashion-visual-search\data\subset\images\2915.jpg,Women,Apparel,Topwear,Tops,White,Fall,2010.0,Casual,DUSG Women Bandhavgarh Organic Aqua Top,index
30789,30789.jpg,F:\CEI\Celebal_Excellence_Internship\fashion-visual-search\data\subset\images\30789.jpg,Men,Apparel,Topwear,Kurtas,Green,Summer,2012.0,Ethnic,Fabindia Men Green Tussar Kurta,index
22882,22882.jpg,F:\CEI\Celebal_Excellence_Internship\fashion-visual-search\data\subset\images\22882.jpg,Men,Footwear,Sandal,Sandals,Olive,Winter,2015.0,Casual,Woodland Men Olive Casual Sandals,index
57241,57241.jpg,F:\CEI\Celebal_Excellence_Internship\fashion-visual-search\data\subset\images\57241.jpg,Women,Accessories,Bags,Handbags,Blue,Summer,2012.0,Casual,Murcia Women Blue Handbag,index
13979,13979.jpg,F:\CEI\Celebal_Excellence_Internship\fashion-visual-search\data\subset\images\13979.jpg,Men,Footwear,Sandal,Sandals,Black,Fall,2011.0,Casual,Puma Men Jiff Black Sandals,index
13973,13973.jpg,F:\CEI\Celebal_Excellence_Internship\fashion-visual-search\data\subset\images\13973.jpg,Men,Footwear,Sandal,Sandals,Green,Fall,2011.0,Casual,Puma Men Tropi Cat Green Slippers,index
13335,13335.jpg,F:\CEI\Celebal_Excellence_Internship\fashion-visual-search\data\subset\images\13335.jpg,Women,Apparel,Topwear,Tops,Pink,Fall,2011.0,Casual,Gini and Jony Kids Girls Printed Pink Tops,index
21526,21526.jpg,F:\CEI\Celebal_Excellence_Internship\fashion-visual-search\data\subset\images\21526.jpg,Women,Accessories,Bags,Handbags,Red,Winter,2015.0,Casual,Kiara Women Glossy Red Handbag,index
9113,9113.jpg,F:\CEI\Celebal_Excellence_Internship\fashion-visual-search\data\subset\images\9113.jpg,Women,Footwear,Shoes,Sports Shoes,Black,Fall,2011.0,Sports,Puma Women Exsis 2 Black Sports Shoes,index
19180,19180.jpg,F:\CEI\Celebal_Excellence_Internship\fashion-visual-search\data\subset\images\19180.jpg,Men,Apparel,Topwear,Shirts,White,Summer,2011.0,Casual,United Colors of Benetton Men Check White Shirt,index
28565,28565.jpg,F:\CEI\Celebal_Excellence_Internship\fashion-visual-search\data\subset\images\28565.jpg,Men,Apparel,Topwear,Tshirts,Blue,Summer,2012.0,Casual,Nike Men Air Bags Blue T-shirt,index
31653,31653.jpg,F:\CEI\Celebal_Excellence_Internship\fashion-visual-search\data\subset\images\31653.jpg,Men,Apparel,Topwear,Shirts,White,Summer,2012.0,Casual,Indigo Nation Men White Shirt,index
31913,31913.jpg,F:\CEI\Celebal_Excellence_Internship\fashion-visual-search\data\subset\images\31913.jpg,Women,Accessories,Bags,Handbags,Pink,Summer,2012.0,Casual,Fabindia Women Pink Sling Bag,index
52767,52767.jpg,F:\CEI\Celebal_Excellence_Internship\fashion-visual-search\data\subset\images\52767.jpg,Women,Accessories,Bags,Handbags,White,Fall,2012.0,Casual,Fiorelli Women White Leather Handbag,index
2984,2984.jpg,F:\CEI\Celebal_Excellence_Internship\fashion-visual-search\data\subset\images\2984.jpg,Men,Apparel,Topwear,Tshirts,Red,Fall,2010.0,Casual,Puma Men's Power Cat Graphic Red T-shirt,index
44227,44227.jpg,F:\CEI\Celebal_Excellence_Internship\fashion-visual-search\data\subset\images\44227.jpg,Men,Footwear,Shoes,Sports Shoes,Silver,Winter,2012.0,Sports,Nike Men Silver and Black Sports Shoes,index
21976,21976.jpg,F:\CEI\Celebal_Excellence_Internship\fashion-visual-search\data\subset\images\21976.jpg,Women,Accessories,Bags,Handbags,Red,Winter,2015.0,Casual,Murcia Women Casual Red Handbag,index
28167,28167.jpg,F:\CEI\Celebal_Excellence_Internship\fashion-visual-search\data\subset\images\28167.jpg,Men,Accessories,Eyewear,Sunglasses,Gold,Winter,2016.0,Casual,Ray-Ban Men Aviator Gold Sunglasses,index
5352,5352.jpg,F:\CEI\Celebal_Excellence_Internship\fashion-visual-search\data\subset\images\5352.jpg,Men,Footwear,Shoes,Sports Shoes,Black,Summer,2011.0,Sports,Kalenji Dt. Newfeel Strap Black 09,index
17848,17848.jpg,F:\CEI\Celebal_Excellence_Internship\fashion-visual-search\data\subset\images\17848.jpg,Women,Apparel,Topwear,Tshirts,White,Fall,2011.0,Casual,Flying Machine Women Mind Your White Tshirt,index
48329,48329.jpg,F:\CEI\Celebal_Excellence_Internship\fashion-visual-search\data\subset\images\48329.jpg,Women,Accessories,Bags,Handbags,Purple,Summer,2012.0,Casual,Pitaraa Women Purple Sling Bag,index
27224,27224.jpg,F:\CEI\Celebal_Excellence_Internship\fashion-visual-search\data\subset\images\27224.jpg,Women,Apparel,Dress,Dresses,White,Summer,2012.0,Casual,Doodle Kids Girl Printed White Dress,index
59970,59970.jpg,F:\CEI\Celebal_Excellence_Internship\fashion-visual-search\data\subset\images\59970.jpg,Women,Apparel,Dress,Dresses,Black,Fall,2012.0,Casual,Avirate Mushroom Brown Dress,index
21354,21354.jpg,F:\CEI\Celebal_Excellence_Internship\fashion-visual-search\data\subset\images\21354.jpg,Women,Accessories,Eyewear,Sunglasses,Gold,Winter,2016.0,Casual,Van Heusen Women Casual Gold Frame Sunglasses,index
22251,22251.jpg,F:\CEI\Celebal_Excellence_Internship\fashion-visual-search\data\subset\images\22251.jpg,Men,Footwear,Shoes,Casual Shoes,Black,Summer,2011.0,Casual,ID Men Black Casual Shoes,index
47674,47674.jpg,F:\CEI\Celebal_Excellence_Internship\fashion-visual-search\data\subset\images\47674.jpg,Women,Apparel,Dress,Dresses,Black,Summer,2012.0,Casual,Femella Women Black Animal Printed Dress,index
52622,52622.jpg,F:\CEI\Celebal_Excellence_Internship\fashion-visual-search\data\subset\images\52622.jpg,Women,Accessories,Bags,Handbags,Purple,Summer,2012.0,Casual,Mod-acc Women Purple Handbag,index
8268,8268.jpg,F:\CEI\Celebal_Excellence_Internship\fashion-visual-search\data\subset\images\8268.jpg,Men,Apparel,Topwear,Tshirts,Grey,Fall,2011.0,Casual,Mr.Men Men's Charcoal White T-shirt,index
31128,31128.jpg,F:\CEI\Celebal_Excellence_Internship\fashion-visual-search\data\subset\images\31128.jpg,Girls,Apparel,Dress,Dresses,Blue,Summer,2012.0,Casual,Gini and Jony Girls Printed Teal Dress,index
6198,6198.jpg,F:\CEI\Celebal_Excellence_Internship\fashion-visual-search\data\subset\images\6198.jpg,Women,Apparel,Topwear,Tops,Black,Summer,2011.0,Casual,UCB Women Basic Spaghetti Black Top,index
31620,31620.jpg,F:\CEI\Celebal_Excellence_Internship\fashion-visual-search\data\subset\images\31620.jpg,Men,Apparel,Topwear,Shirts,Grey,Summer,2012.0,Formal,Indigo Nation Men Grey Shirt,index
31694,31694.jpg,F:\CEI\Celebal_Excellence_Internship\fashion-visual-search\data\subset\images\31694.jpg,Women,Apparel,Topwear,Kurtas,Green,Summer,2012.0,Ethnic,Folklore Women Printed Green Kurta,index
34001,34001.jpg,F:\CEI\Celebal_Excellence_Internship\fashion-visual-search\data\subset\images\34001.jpg,Women,Apparel,Topwear,Tops,Brown,Summer,2012.0,Casual,Femella Women Brown Top,index
38945,38945.jpg,F:\CEI\Celebal_Excellence_Internship\fashion-visual-search\data\subset\images\38945.jpg,Girls,Apparel,Topwear,Tops,White,Summer,2012.0,Casual,Gini and Jony Girls Printed White Top,index
24855,24855.jpg,F:\CEI\Celebal_Excellence_Internship\fashion-visual-search\data\subset\images\24855.jpg,Women,Apparel,Topwear,Tops,Red,Fall,2011.0,Ethnic,Mother Earth Women Printed Red Top,index
31167,31167.jpg,F:\CEI\Celebal_Excellence_Internship\fashion-visual-search\data\subset\images\31167.jpg,Girls,Apparel,Dress,Dresses,Blue,Summer,2012.0,Casual,Gini and Jony Girls Blue Dress,index
44553,44553.jpg,F:\CEI\Celebal_Excellence_Internship\fashion-visual-search\data\subset\images\44553.jpg,Men,Footwear,Sandal,Sandals,Brown,Summer,2012.0,Casual,Coolers Men Brown Sandals,index
46420,46420.jpg,F:\CEI\Celebal_Excellence_Internship\fashion-visual-search\data\subset\images\46420.jpg,Men,Accessories,Watches,Watches,Cream,Winter,2016.0,Casual,Timex Men Cream Dial Chronograph Watch,index
16936,16936.jpg,F:\CEI\Celebal_Excellence_Internship\fashion-visual-search\data\subset\images\16936.jpg,Men,Accessories,Eyewear,Sunglasses,Brown,Winter,2016.0,Casual,Image Men Classic Eyewear Brown Sunglasses,index
11627,11627.jpg,F:\CEI\Celebal_Excellence_Internship\fashion-visual-search\data\subset\images\11627.jpg,Women,Apparel,Topwear,Kurtas,Pink,Summer,2011.0,Ethnic,W Women Solid Pink Kurtas,index
23731,23731.jpg,F:\CEI\Celebal_Excellence_Internship\fashion-visual-search\data\subset\images\23731.jpg,Men,Accessories,Eyewear,Sunglasses,Black,Winter,2016.0,Casual,Ray-Ban Men High Street Sunglasses,index
12959,12959.jpg,F:\CEI\Celebal_Excellence_Internship\fashion-visual-search\data\subset\images\12959.jpg,Men,Footwear,Shoes,Sports Shoes,Black,Fall,2011.0,Sports,ADIDAS Men Sports Black Sports Shoes,index
23305,23305.jpg,F:\CEI\Celebal_Excellence_Internship\fashion-visual-search\data\subset\images\23305.jpg,Women,Apparel,Topwear,Kurtas,Green,Fall,2011.0,Ethnic,W Women Green Printed Kurta,index
6400,6400.jpg,F:\CEI\Celebal_Excellence_Internship\fashion-visual-search\data\subset\images\6400.jpg,Men,Footwear,Sandal,Sandals,Black,Summer,2011.0,Casual,Lotto Men Laos Black Grey Floater,index
40517,40517.jpg,F:\CEI\Celebal_Excellence_Internship\fashion-visual-search\data\subset\images\40517.jpg,Men,Accessories,Watches,Watches,Cream,Winter,2016.0,Casual,Titan Men Cream Dial Watch,index
4891,4891.jpg,F:\CEI\Celebal_Excellence_Internship\fashion-visual-search\data\subset\images\4891.jpg,Women,Apparel,Topwear,Tshirts,Pink,Summer,2011.0,Casual,Levis Kids Girl's Diaz Pink Polo Tshirt,index
47108,47108.jpg,F:\CEI\Celebal_Excellence_Internship\fashion-visual-search\data\subset\images\47108.jpg,Boys,Footwear,Sandal,Sandals,Black,Fall,2012.0,Casual,Marvel Boys Black Sandals,index
24942,24942.jpg,F:\CEI\Celebal_Excellence_Internship\fashion-visual-search\data\subset\images\24942.jpg,Girls,Apparel,Topwear,Tops,Black,Summer,2012.0,Casual,United Colors of Benetton Kids Girls Black Top,index
26889,26889.jpg,F:\CEI\Celebal_Excellence_Internship\fashion-visual-search\data\subset\images\26889.jpg,Women,Apparel,Topwear,Tops,Lavender,Summer,2012.0,Casual,Jealous 21 Women Printed Lavender Top,index
34735,34735.jpg,F:\CEI\Celebal_Excellence_Internship\fashion-visual-search\data\subset\images\34735.jpg,Men,Footwear,Shoes,Sports Shoes,Black,Summer,2012.0,Sports,Puma Men Faas Steady Power Black Sports Shoes,index
19593,19593.jpg,F:\CEI\Celebal_Excellence_Internship\fashion-visual-search\data\subset\images\19593.jpg,Women,Apparel,Topwear,Tops,Brown,Fall,2011.0,Casual,United Colors of Benetton Women Printed Brown Top,index
46987,46987.jpg,F:\CEI\Celebal_Excellence_Internship\fashion-visual-search\data\subset\images\46987.jpg,Women,Accessories,Bags,Handbags,Charcoal,Summer,2012.0,Casual,Bulchee Women Charcoal Handbag,index
8895,8895.jpg,F:\CEI\Celebal_Excellence_Internship\fashion-visual-search\data\subset\images\8895.jpg,Men,Apparel,Topwear,Shirts,Black,Fall,2011.0,Casual,Indigo Nation Men Bling Black Shirts,index
54677,54677.jpg,F:\CEI\Celebal_Excellence_Internship\fashion-visual-search\data\subset\images\54677.jpg,Women,Accessories,Watches,Watches,Black,Winter,2016.0,Casual,Fastrack Women Black Dial Watch NB9735NL02,index
51662,51662.jpg,F:\CEI\Celebal_Excellence_Internship\fashion-visual-search\data\subset\images\51662.jpg,Men,Accessories,Eyewear,Sunglasses,Brown,Winter,2016.0,Casual,Louis Philippe Men Oversized Sunglasses LP214-C3,index
28439,28439.jpg,F:\CEI\Celebal_Excellence_Internship\fashion-visual-search\data\subset\images\28439.jpg,Women,Accessories,Watches,Watches,White,Winter,2016.0,Casual,DKNY Women White Dial Chronograph Watch NY4331,index
28190,28190.jpg,F:\CEI\Celebal_Excellence_Internship\fashion-visual-search\data\subset\images\28190.jpg,Men,Accessories,Eyewear,Sunglasses,Gold,Winter,2016.0,Casual,Ray-Ban Men Aviator Sunglasses,index
13921,13921.jpg,F:\CEI\Celebal_Excellence_Internship\fashion-visual-search\data\subset\images\13921.jpg,Women,Footwear,Shoes,Sports Shoes,White,Fall,2011.0,Sports,Nike Women Esquire White Sports Shoes,index
39959,39959.jpg,F:\CEI\Celebal_Excellence_Internship\fashion-visual-search\data\subset\images\39959.jpg,Men,Footwear,Sandal,Sandals,Brown,Summer,2013.0,Casual,GAS Men Brown Deeply Sandals,index
16191,16191.jpg,F:\CEI\Celebal_Excellence_Internship\fashion-visual-search\data\subset\images\16191.jpg,Men,Apparel,Topwear,Tshirts,White,Fall,2011.0,Casual,Puma Men Graphic White TShirt,index
17825,17825.jpg,F:\CEI\Celebal_Excellence_Internship\fashion-visual-search\data\subset\images\17825.jpg,Unisex,Footwear,Sandal,Sandals,Black,Fall,2011.0,Casual,Nike Unisex Air Deschutz Black Sandal,index
8965,8965.jpg,F:\CEI\Celebal_Excellence_Internship\fashion-visual-search\data\subset\images\8965.jpg,Women,Footwear,Shoes,Sports Shoes,White,Fall,2011.0,Sports,Puma Women BodyTrain Alt White Sports Shoes,index
24419,24419.jpg,F:\CEI\Celebal_Excellence_Internship\fashion-visual-search\data\subset\images\24419.jpg,Men,Footwear,Shoes,Sports Shoes,White,Summer,2012.0,Sports,ADIDAS Men Barracks Premier White Sports Shoes,index
54007,54007.jpg,F:\CEI\Celebal_Excellence_Internship\fashion-visual-search\data\subset\images\54007.jpg,Women,Accessories,Bags,Handbags,Grey,Summer,2012.0,Casual,Kiara Women Grey Handbag,index
44770,44770.jpg,F:\CEI\Celebal_Excellence_Internship\fashion-visual-search\data\subset\images\44770.jpg,Men,Footwear,Shoes,Casual Shoes,Black,Summer,2012.0,Casual,Globalite Men Black Skid Shoes,index
21279,21279.jpg,F:\CEI\Celebal_Excellence_Internship\fashion-visual-search\data\subset\images\21279.jpg,Women,Accessories,Eyewear,Sunglasses,Black,Winter,2016.0,Casual,Allen Solly Women Sunglasses AS166-C1,index
4315,4315.jpg,F:\CEI\Celebal_Excellence_Internship\fashion-visual-search\data\subset\images\4315.jpg,Unisex,Apparel,Topwear,Tshirts,Brown,Summer,2011.0,Casual,Tantra Kid's Unisex Harappa Choco Brown Kidswear,index
24236,24236.jpg,F:\CEI\Celebal_Excellence_Internship\fashion-visual-search\data\subset\images\24236.jpg,Women,Apparel,Topwear,Kurtas,Purple,Fall,2011.0,Ethnic,La-Emotio Women Purple Kurta,index
38866,38866.jpg,F:\CEI\Celebal_Excellence_Internship\fashion-visual-search\data\subset\images\38866.jpg,Women,Apparel,Topwear,Tops,Orange,Summer,2012.0,Casual,Latin Quarters Women Orange Top,index
57046,57046.jpg,F:\CEI\Celebal_Excellence_Internship\fashion-visual-search\data\subset\images\57046.jpg,Women,Apparel,Dress,Dresses,Black,Summer,2012.0,Casual,Elle Women Black Sheath Dress,index
58738,58738.jpg,F:\CEI\Celebal_Excellence_Internship\fashion-visual-search\data\subset\images\58738.jpg,Women,Apparel,Topwear,Tops,Pink,Winter,2013.0,Casual,PUMA Women Pink Top,index
26343,26343.jpg,F:\CEI\Celebal_Excellence_Internship\fashion-visual-search\data\subset\images\26343.jpg,Women,Accessories,Watches,Watches,White,Winter,2016.0,Casual,DKNY Women White Dial Watch NY8305,index
41864,41864.jpg,F:\CEI\Celebal_Excellence_Internship\fashion-visual-search\data\subset\images\41864.jpg,Men,Footwear,Sandal,Sandals,Brown,Summer,2016.0,Casual,Estd. 1977 Men Brown Sandals,index
24735,24735.jpg,F:\CEI\Celebal_Excellence_Internship\fashion-visual-search\data\subset\images\24735.jpg,Women,Apparel,Topwear,Shirts,White,Fall,2011.0,Casual,United Colors of Benetton Women White Shirt,index
46118,46118.jpg,F:\CEI\Celebal_Excellence_Internship\fashion-visual-search\data\subset\images\46118.jpg,Unisex,Footwear,Shoes,Casual Shoes,White,Summer,2012.0,Casual,ADIDAS Unisex White Court Sequence Shoes,index
40528,40528.jpg,F:\CEI\Celebal_Excellence_Internship\fashion-visual-search\data\subset\images\40528.jpg,Men,Accessories,Watches,Watches,White,Summer,2017.0,Formal,Titan Men White Dial Watch NB1956YL02,index
4267,4267.jpg,F:\CEI\Celebal_Excellence_Internship\fashion-visual-search\data\subset\images\4267.jpg,Men,Footwear,Shoes,Sports Shoes,White,Summer,2011.0,Sports,Nike Men's Mercurial White Shoe,index
31148,31148.jpg,F:\CEI\Celebal_Excellence_Internship\fashion-visual-search\data\subset\images\31148.jpg,Boys,Apparel,Topwear,Tshirts,White,Summer,2012.0,Casual,Gini and Jony Boys Printed White T-shirt,index
57988,57988.jpg,F:\CEI\Celebal_Excellence_Internship\fashion-visual-search\data\subset\images\57988.jpg,Women,Apparel,Dress,Dresses,Orange,Fall,2012.0,Casual,Latin Quarters Women Orange Dress,index
12961,12961.jpg,F:\CEI\Celebal_Excellence_Internship\fashion-visual-search\data\subset\images\12961.jpg,Men,Footwear,Sandal,Sandals,Brown,Fall,2011.0,Casual,ADIDAS Men Casual Brown Sandals,index
34113,34113.jpg,F:\CEI\Celebal_Excellence_Internship\fashion-visual-search\data\subset\images\34113.jpg,Girls,Apparel,Dress,Dresses,Pink,Summer,2012.0,Casual,Doodle Girls Printed Pink Dress,index
13401,13401.jpg,F:\CEI\Celebal_Excellence_Internship\fashion-visual-search\data\subset\images\13401.jpg,Men,Apparel,Topwear,Shirts,Red,Summer,2011.0,Casual,United Colors of Benetton Men Check Red Shirts,index
35910,35910.jpg,F:\CEI\Celebal_Excellence_Internship\fashion-visual-search\data\subset\images\35910.jpg,Women,Accessories,Bags,Handbags,Brown,Summer,2012.0,Casual,Peperone Women Brown Handbag,index
26561,26561.jpg,F:\CEI\Celebal_Excellence_Internship\fashion-visual-search\data\subset\images\26561.jpg,Men,Footwear,Shoes,Casual Shoes,Black,Fall,2012.0,Casual,Lee Cooper Men Black Shoes,index
44421,44421.jpg,F:\CEI\Celebal_Excellence_Internship\fashion-visual-search\data\subset\images\44421.jpg,Men,Footwear,Shoes,Casual Shoes,Black,Winter,2018.0,Casual,Red Tape Men Leather Black Shoes,index
20679,20679.jpg,F:\CEI\Celebal_Excellence_Internship\fashion-visual-search\data\subset\images\20679.jpg,Men,Footwear,Shoes,Casual Shoes,Black,Winter,2012.0,Casual,Buckaroo Men Eva Black Casual Shoes,index
5390,5390.jpg,F:\CEI\Celebal_Excellence_Internship\fashion-visual-search\data\subset\images\5390.jpg,Unisex,Footwear,Shoes,Sports Shoes,Grey,,2011.0,Sports,Kalenji Kapteren 100 Grey Orang,index
53921,53921.jpg,F:\CEI\Celebal_Excellence_Internship\fashion-visual-search\data\subset\images\53921.jpg,Women,Accessories,Bags,Handbags,Brown,Summer,2012.0,Casual,Kiara Women Camel Brown Handbag,index
46312,46312.jpg,F:\CEI\Celebal_Excellence_Internship\fashion-visual-search\data\subset\images\46312.jpg,Women,Accessories,Watches,Watches,Silver,Winter,2016.0,Casual,Fossil Women Silver Dial Analog & Chronograph Watch CH2823,index
38524,38524.jpg,F:\CEI\Celebal_Excellence_Internship\fashion-visual-search\data\subset\images\38524.jpg,Men,Footwear,Shoes,Casual Shoes,White,Fall,2012.0,Casual,Puma Men White Surge Shoes,index
31688,31688.jpg,F:\CEI\Celebal_Excellence_Internship\fashion-visual-search\data\subset\images\31688.jpg,Men,Footwear,Shoes,Sports Shoes,White,Summer,2012.0,Sports,Nike Men Lunarfly +3 White Sports Shoes,index
43661,43661.jpg,F:\CEI\Celebal_Excellence_Internship\fashion-visual-search\data\subset\images\43661.jpg,Women,Apparel,Topwear,Tops,Brown,Summer,2012.0,Casual,ONLY Women Brown Top,index
59975,59975.jpg,F:\CEI\Celebal_Excellence_Internship\fashion-visual-search\data\subset\images\59975.jpg,Women,Apparel,Dress,Dresses,Black,Fall,2012.0,Casual,Avirate Black & Purple Dress,index
48516,48516.jpg,F:\CEI\Celebal_Excellence_Internship\fashion-visual-search\data\subset\images\48516.jpg,Women,Apparel,Topwear,Tops,Pink,Summer,2012.0,Casual,French Connection Women Pink Top,index
26361,26361.jpg,F:\CEI\Celebal_Excellence_Internship\fashion-visual-search\data\subset\images\26361.jpg,Women,Apparel,Topwear,Tops,Blue,Summer,2012.0,Casual,Arrow Woman Blue Top,index
29480,29480.jpg,F:\CEI\Celebal_Excellence_Internship\fashion-visual-search\data\subset\images\29480.jpg,Men,Accessories,Watches,Watches,Black,Winter,2016.0,Casual,Giordano Men Black Dial Watch,index
43037,43037.jpg,F:\CEI\Celebal_Excellence_Internship\fashion-visual-search\data\subset\images\43037.jpg,Men,Apparel,Topwear,Shirts,Green,Summer,2012.0,Casual,Scullers Men Green & Navy Blue Shirt,index
18477,18477.jpg,F:\CEI\Celebal_Excellence_Internship\fashion-visual-search\data\subset\images\18477.jpg,Men,Footwear,Shoes,Casual Shoes,Red,Fall,2011.0,Casual,Puma Men Yacht Lifevest Red Casual Shoes,index
28289,28289.jpg,F:\CEI\Celebal_Excellence_Internship\fashion-visual-search\data\subset\images\28289.jpg,Men,Accessories,Eyewear,Sunglasses,Grey,Winter,2016.0,Casual,Fastrack Men Grey Sunglasses,index
9462,9462.jpg,F:\CEI\Celebal_Excellence_Internship\fashion-visual-search\data\subset\images\9462.jpg,Men,Apparel,Topwear,Shirts,White,Fall,2011.0,Formal,John Miller Men White Check Shirt,index
42141,42141.jpg,F:\CEI\Celebal_Excellence_Internship\fashion-visual-search\data\subset\images\42141.jpg,Men,Footwear,Shoes,Sports Shoes,Grey,Summer,2012.0,Sports,Nike Men Grey Zoom Vomero Sports Shoes,index
58547,58547.jpg,F:\CEI\Celebal_Excellence_Internship\fashion-visual-search\data\subset\images\58547.jpg,Women,Accessories,Eyewear,Sunglasses,Black,Winter,2016.0,Casual,Miami Blues Women Sunglasses,index
17455,17455.jpg,F:\CEI\Celebal_Excellence_Internship\fashion-visual-search\data\subset\images\17455.jpg,Men,Accessories,Watches,Watches,Black,Winter,2016.0,Casual,Casio Enticer Men Silver Analogue Watches (A168) MTP-1192A-1ADF,index
37723,37723.jpg,F:\CEI\Celebal_Excellence_Internship\fashion-visual-search\data\subset\images\37723.jpg,Men,Apparel,Topwear,Shirts,Blue,Summer,2012.0,Casual,John Players Men Stripes Blue Shirt,index
27532,27532.jpg,F:\CEI\Celebal_Excellence_Internship\fashion-visual-search\data\subset\images\27532.jpg,Men,Apparel,Topwear,Shirts,Blue,Summer,2012.0,Casual,Scullers Men Check Blue Shirt,index
14345,14345.jpg,F:\CEI\Celebal_Excellence_Internship\fashion-visual-search\data\subset\images\14345.jpg,Men,Footwear,Shoes,Sports Shoes,Grey,Fall,2011.0,Sports,Nike Men Free Run +2 Grey Sports Shoes,index
41665,41665.jpg,F:\CEI\Celebal_Excellence_Internship\fashion-visual-search\data\subset\images\41665.jpg,Men,Apparel,Topwear,Shirts,Brown,Summer,2012.0,Formal,Mark Taylor Men Brown Striped Shirt,index
39636,39636.jpg,F:\CEI\Celebal_Excellence_Internship\fashion-visual-search\data\subset\images\39636.jpg,Men,Footwear,Shoes,Sports Shoes,White,Summer,2012.0,Sports,Lotto Men White Sports Shoes,index
4885,4885.jpg,F:\CEI\Celebal_Excellence_Internship\fashion-visual-search\data\subset\images\4885.jpg,Women,Apparel,Topwear,Tops,Purple,Summer,2011.0,Casual,Levis Kids Girl's Darcy Purple Kidswear,index
41433,41433.jpg,F:\CEI\Celebal_Excellence_Internship\fashion-visual-search\data\subset\images\41433.jpg,Men,Footwear,Shoes,Sports Shoes,Black,Fall,2012.0,Sports,Lee Cooper Men Black Sports Shoes,index
35446,35446.jpg,F:\CEI\Celebal_Excellence_Internship\fashion-visual-search\data\subset\images\35446.jpg,Girls,Apparel,Topwear,Tops,Peach,Summer,2012.0,Casual,Doodle Girls Printed Peach Top,index
8665,8665.jpg,F:\CEI\Celebal_Excellence_Internship\fashion-visual-search\data\subset\images\8665.jpg,Unisex,Accessories,Eyewear,Sunglasses,Brown,Winter,2016.0,Casual,Fastrack Unisex Army collection Brown Sunglasses,index
42394,42394.jpg,F:\CEI\Celebal_Excellence_Internship\fashion-visual-search\data\subset\images\42394.jpg,Women,Apparel,Topwear,Tshirts,Purple,Summer,2012.0,Casual,Flying Machine Women Purple T-shirt,index
53839,53839.jpg,F:\CEI\Celebal_Excellence_Internship\fashion-visual-search\data\subset\images\53839.jpg,Women,Apparel,Topwear,Kurtas,Green,Summer,2012.0,Ethnic,Vishudh Women Green Kurta,index
30684,30684.jpg,F:\CEI\Celebal_Excellence_Internship\fashion-visual-search\data\subset\images\30684.jpg,Men,Accessories,Eyewear,Sunglasses,Brown,Winter,2016.0,Casual,Park Avenue Men Brown Sunglasses,index
6804,6804.jpg,F:\CEI\Celebal_Excellence_Internship\fashion-visual-search\data\subset\images\6804.jpg,Men,Footwear,Shoes,Casual Shoes,Brown,Summer,2011.0,Casual,Timberland Men's Driver Venetian Brown Shoe,index
5920,5920.jpg,F:\CEI\Celebal_Excellence_Internship\fashion-visual-search\data\subset\images\5920.jpg,Women,Footwear,Shoes,Casual Shoes,White,Summer,2011.0,Casual,ADIDAS Women Daily White Purple Shoe,index
31094,31094.jpg,F:\CEI\Celebal_Excellence_Internship\fashion-visual-search\data\subset\images\31094.jpg,Boys,Apparel,Topwear,Shirts,Red,Summer,2012.0,Casual,Gini and Jony Boys Check Red Shirt,index
26878,26878.jpg,F:\CEI\Celebal_Excellence_Internship\fashion-visual-search\data\subset\images\26878.jpg,Women,Apparel,Topwear,Tops,Yellow,Summer,2012.0,Casual,Jealous 21 Women Printed Yellow Top,index
57047,57047.jpg,F:\CEI\Celebal_Excellence_Internship\fashion-visual-search\data\subset\images\57047.jpg,Women,Apparel,Dress,Dresses,Black,Summer,2012.0,Casual,Elle Women Black Dress,index
18169,18169.jpg,F:\CEI\Celebal_Excellence_Internship\fashion-visual-search\data\subset\images\18169.jpg,Girls,Apparel,Dress,Dresses,Pink,Fall,2011.0,Casual,Doodle Kids Girls Party Frock Pink Dress,index
56336,56336.jpg,F:\CEI\Celebal_Excellence_Internship\fashion-visual-search\data\subset\images\56336.jpg,Men,Accessories,Watches,Watches,Black,Winter,2016.0,Casual,Fastrack Men Black Watch,index
58684,58684.jpg,F:\CEI\Celebal_Excellence_Internship\fashion-visual-search\data\subset\images\58684.jpg,Women,Apparel,Topwear,Kurtas,Beige,Summer,2012.0,Ethnic,ALayna Women Printed Beige Kurta,index
13960,13960.jpg,F:\CEI\Celebal_Excellence_Internship\fashion-visual-search\data\subset\images\13960.jpg,Women,Apparel,Topwear,Tops,Grey,Fall,2011.0,Casual,Jealous 21 Women Stripes Grey Tops,index
11485,11485.jpg,F:\CEI\Celebal_Excellence_Internship\fashion-visual-search\data\subset\images\11485.jpg,Men,Accessories,Watches,Watches,Black,Winter,2016.0,Casual,Puma Men Race Luminous 3HD Silver green Black Watches,index
35647,35647.jpg,F:\CEI\Celebal_Excellence_Internship\fashion-visual-search\data\subset\images\35647.jpg,Men,Footwear,Sandal,Sandals,Brown,Summer,2012.0,Casual,U.S. Polo Assn. Men Brown Sandals,index
4911,4911.jpg,F:\CEI\Celebal_Excellence_Internship\fashion-visual-search\data\subset\images\4911.jpg,Women,Apparel,Topwear,Tops,Pink,Summer,2011.0,Casual,Levis Kids Girl's Dionne Pink Kidswear,index
39166,39166.jpg,F:\CEI\Celebal_Excellence_Internship\fashion-visual-search\data\subset\images\39166.jpg,Women,Apparel,Topwear,Kurtas,Black,Summer,2012.0,Ethnic,Aneri Women Black & White Printed Kurta,index
23505,23505.jpg,F:\CEI\Celebal_Excellence_Internship\fashion-visual-search\data\subset\images\23505.jpg,Men,Footwear,Shoes,Sports Shoes,White,Summer,2011.0,Sports,FILA Men Aspire White Sports Shoes,index
15869,15869.jpg,F:\CEI\Celebal_Excellence_Internship\fashion-visual-search\data\subset\images\15869.jpg,Girls,Footwear,Sandal,Sandals,Pink,Fall,2011.0,Casual,Warner Bros Kids Girls TJ Playlogs Pink Sandals,index
5476,5476.jpg,F:\CEI\Celebal_Excellence_Internship\fashion-visual-search\data\subset\images\5476.jpg,Women,Footwear,Shoes,Sports Shoes,White,Summer,2011.0,Sports,Nike Women's Air Max Moto White Shoe,index
9002,9002.jpg,F:\CEI\Celebal_Excellence_Internship\fashion-visual-search\data\subset\images\9002.jpg,Men,Footwear,Shoes,Casual Shoes,Black,Fall,2011.0,Casual,Puma Men 917Lo Riddim 50s oc Black Casual Shoes,index
36219,36219.jpg,F:\CEI\Celebal_Excellence_Internship\fashion-visual-search\data\subset\images\36219.jpg,Women,Footwear,Shoes,Sports Shoes,Grey,Summer,2012.0,Sports,Nike Women Air Pegasus Grey & Blue Sports Shoes,index
19608,19608.jpg,F:\CEI\Celebal_Excellence_Internship\fashion-visual-search\data\subset\images\19608.jpg,Women,Apparel,Topwear,Tops,Olive,Summer,2011.0,Casual,United Colors of Benetton Women Solid Olive Top,index
40405,40405.jpg,F:\CEI\Celebal_Excellence_Internship\fashion-visual-search\data\subset\images\40405.jpg,Women,Apparel,Dress,Dresses,Black,Summer,2012.0,Casual,Tonga Women Black Dress,index
3150,3150.jpg,F:\CEI\Celebal_Excellence_Internship\fashion-visual-search\data\subset\images\3150.jpg,Men,Footwear,Shoes,Sports Shoes,Black,Fall,2010.0,Sports,Nike Men's Lunarswift Black Shoe,index
52675,52675.jpg,F:\CEI\Celebal_Excellence_Internship\fashion-visual-search\data\subset\images\52675.jpg,Men,Accessories,Watches,Watches,Silver,Winter,2016.0,Casual,Morellato Men Silver Dial Watch,index
18618,18618.jpg,F:\CEI\Celebal_Excellence_Internship\fashion-visual-search\data\subset\images\18618.jpg,Men,Apparel,Topwear,Tshirts,Blue,Fall,2011.0,Casual,Puma Men Team Essential Moonlight Steelblue Polo Tshirts,index
10133,10133.jpg,F:\CEI\Celebal_Excellence_Internship\fashion-visual-search\data\subset\images\10133.jpg,Women,Accessories,Watches,Watches,Silver,Winter,2016.0,Casual,Esprit Women Rough Chic Black Silver Watches,index
45885,45885.jpg,F:\CEI\Celebal_Excellence_Internship\fashion-visual-search\data\subset\images\45885.jpg,Men,Accessories,Watches,Watches,Black,Winter,2016.0,Casual,Maxima Men Black Dial Watch,index
8520,8520.jpg,F:\CEI\Celebal_Excellence_Internship\fashion-visual-search\data\subset\images\8520.jpg,Women,Accessories,Bags,Handbags,Grey,Summer,2011.0,Casual,Nike Women Nike Grey handbag Grey Bags,index
7310,7310.jpg,F:\CEI\Celebal_Excellence_Internship\fashion-visual-search\data\subset\images\7310.jpg,Women,Apparel,Topwear,Tops,Pink,Summer,2011.0,Casual,UCB Women's Short Sleeve Round Neck Pink Top,index
1541,1541.jpg,F:\CEI\Celebal_Excellence_Internship\fashion-visual-search\data\subset\images\1541.jpg,Men,Footwear,Shoes,Sports Shoes,White,Fall,2010.0,Sports,Puma Men's Ballistic Spike White Green Shoe,index
10024,10024.jpg,F:\CEI\Celebal_Excellence_Internship\fashion-visual-search\data\subset\images\10024.jpg,Women,Apparel,Topwear,Tshirts,Black,Fall,2011.0,Sports,Nike Women As Make Yours Black T-Shirts,index
50732,50732.jpg,F:\CEI\Celebal_Excellence_Internship\fashion-visual-search\data\subset\images\50732.jpg,Men,Footwear,Sandal,Sandals,Khaki,Winter,2018.0,Casual,Red Chief Men Khaki Sandals,index
51566,51566.jpg,F:\CEI\Celebal_Excellence_Internship\fashion-visual-search\data\subset\images\51566.jpg,Women,Accessories,Watches,Watches,White,Summer,2017.0,Casual,Fastrack Women White Dial Watch NB6027sm01,index
48475,48475.jpg,F:\CEI\Celebal_Excellence_Internship\fashion-visual-search\data\subset\images\48475.jpg,Women,Apparel,Dress,Dresses,Black,Winter,2011.0,Casual,French Connection Women Black Printed Dress,index
8085,8085.jpg,F:\CEI\Celebal_Excellence_Internship\fashion-visual-search\data\subset\images\8085.jpg,Women,Footwear,Shoes,Sports Shoes,Silver,Fall,2011.0,Sports,ADIDAS Women Vanquish5 Silver Sports Shoes,index
11211,11211.jpg,F:\CEI\Celebal_Excellence_Internship\fashion-visual-search\data\subset\images\11211.jpg,Men,Accessories,Watches,Watches,Steel,Winter,2016.0,Casual,Esprit Men Octo Chrono Silver Black Steel Watches,index
57994,57994.jpg,F:\CEI\Celebal_Excellence_Internship\fashion-visual-search\data\subset\images\57994.jpg,Women,Apparel,Dress,Dresses,Brown,Fall,2012.0,Casual,Latin Quarters Women Brown Printed Dress,index
33845,33845.jpg,F:\CEI\Celebal_Excellence_Internship\fashion-visual-search\data\subset\images\33845.jpg,Men,Footwear,Shoes,Casual Shoes,White,Summer,2012.0,Casual,Puma Men Future Cat White Shoes,index
7421,7421.jpg,F:\CEI\Celebal_Excellence_Internship\fashion-visual-search\data\subset\images\7421.jpg,Women,Apparel,Topwear,Kurtas,Blue,Summer,2011.0,Ethnic,W Women U Neck Short Sleeve Blue Kurta,index
2821,2821.jpg,F:\CEI\Celebal_Excellence_Internship\fashion-visual-search\data\subset\images\2821.jpg,Men,Footwear,Sandal,Sandals,Brown,Summer,2012.0,Formal,Lee Cooper Men Formal Leather Brown Sandal,index
28421,28421.jpg,F:\CEI\Celebal_Excellence_Internship\fashion-visual-search\data\subset\images\28421.jpg,Men,Accessories,Eyewear,Sunglasses,Black,Winter,2016.0,Casual,Idee Men Black Sunglasses,index
58510,58510.jpg,F:\CEI\Celebal_Excellence_Internship\fashion-visual-search\data\subset\images\58510.jpg,Women,Apparel,Dress,Dresses,White,Fall,2012.0,Casual,Tonga White & Black Animal Print Dress,index
35428,35428.jpg,F:\CEI\Celebal_Excellence_Internship\fashion-visual-search\data\subset\images\35428.jpg,Women,Footwear,Shoes,Sports Shoes,White,Summer,2012.0,Sports,ADIDAS Women Neptune White Sports Shoes,index
34473,34473.jpg,F:\CEI\Celebal_Excellence_Internship\fashion-visual-search\data\subset\images\34473.jpg,Women,Apparel,Dress,Dresses,Navy Blue,Summer,2012.0,Casual,Van Heusen Woman Navy Blue Dress,index
12665,12665.jpg,F:\CEI\Celebal_Excellence_Internship\fashion-visual-search\data\subset\images\12665.jpg,Men,Apparel,Topwear,Shirts,Blue,Fall,2011.0,Casual,Probase Men Check Blue Shirts,index
26050,26050.jpg,F:\CEI\Celebal_Excellence_Internship\fashion-visual-search\data\subset\images\26050.jpg,Men,Apparel,Topwear,Shirts,Blue,Summer,2012.0,Formal,John Miller Men Striped Blue Shirt,index
11024,11024.jpg,F:\CEI\Celebal_Excellence_Internship\fashion-visual-search\data\subset\images\11024.jpg,Women,Apparel,Topwear,Tshirts,Purple,Fall,2011.0,Casual,Wrangler Women Purple T-shirt,index
13749,13749.jpg,F:\CEI\Celebal_Excellence_Internship\fashion-visual-search\data\subset\images\13749.jpg,Men,Apparel,Topwear,Shirts,Blue,Fall,2011.0,Casual,Belmonte Men Check Blue Shirts,index
58459,58459.jpg,F:\CEI\Celebal_Excellence_Internship\fashion-visual-search\data\subset\images\58459.jpg,Boys,Apparel,Topwear,Tshirts,Navy Blue,Summer,2012.0,Casual,Madagascar 3 Boys Navy Blue T-shirt,index
28192,28192.jpg,F:\CEI\Celebal_Excellence_Internship\fashion-visual-search\data\subset\images\28192.jpg,Men,Accessories,Eyewear,Sunglasses,Gold,Winter,2016.0,Casual,Ray-Ban Men Aviator Gold Sunglasses,index
9614,9614.jpg,F:\CEI\Celebal_Excellence_Internship\fashion-visual-search\data\subset\images\9614.jpg,Men,Apparel,Topwear,Shirts,Blue,Fall,2011.0,Casual,Indigo Nation Men Bwd Plaids Blue Shirts,index
35561,35561.jpg,F:\CEI\Celebal_Excellence_Internship\fashion-visual-search\data\subset\images\35561.jpg,Girls,Footwear,Sandal,Sandals,Pink,Summer,2012.0,Casual,Enroute Teens Pink Sandals,index
54991,54991.jpg,F:\CEI\Celebal_Excellence_Internship\fashion-visual-search\data\subset\images\54991.jpg,Women,Apparel,Topwear,Tops,Peach,Fall,2012.0,Casual,Femella Women Peach Kaftan Top,index
17976,17976.jpg,F:\CEI\Celebal_Excellence_Internship\fashion-visual-search\data\subset\images\17976.jpg,Men,Footwear,Sandal,Sandals,Black,Fall,2011.0,Casual,Puma Men Hopper Black Sandal,index
30946,30946.jpg,F:\CEI\Celebal_Excellence_Internship\fashion-visual-search\data\subset\images\30946.jpg,Women,Apparel,Topwear,Tops,Blue,Summer,2012.0,Ethnic,Fabindia Women Blue Cambric Top,index
28310,28310.jpg,F:\CEI\Celebal_Excellence_Internship\fashion-visual-search\data\subset\images\28310.jpg,Men,Accessories,Eyewear,Sunglasses,Steel,Winter,2016.0,Casual,Fastrack Men Silver Sunglasses,index
11672,11672.jpg,F:\CEI\Celebal_Excellence_Internship\fashion-visual-search\data\subset\images\11672.jpg,Men,Apparel,Topwear,Shirts,Yellow,Fall,2011.0,Casual,Lee Men Check Yellow Shirts,index
21148,21148.jpg,F:\CEI\Celebal_Excellence_Internship\fashion-visual-search\data\subset\images\21148.jpg,Women,Apparel,Topwear,Tops,Grey,Fall,2011.0,Casual,s.Oliver Women Grey Top,index
39274,39274.jpg,F:\CEI\Celebal_Excellence_Internship\fashion-visual-search\data\subset\images\39274.jpg,Men,Footwear,Shoes,Casual Shoes,Tan,Winter,2018.0,Casual,Red Chief Men Tan Shoes,index
5898,5898.jpg,F:\CEI\Celebal_Excellence_Internship\fashion-visual-search\data\subset\images\5898.jpg,Men,Footwear,Shoes,Casual Shoes,Blue,Summer,2011.0,Casual,Puma Men Tekkies Jam Blue Shoe,index
30090,30090.jpg,F:\CEI\Celebal_Excellence_Internship\fashion-visual-search\data\subset\images\30090.jpg,Men,Accessories,Watches,Watches,Steel,Winter,2016.0,Casual,Ed Hardy Men Silver Dial Watch,index
16939,16939.jpg,F:\CEI\Celebal_Excellence_Internship\fashion-visual-search\data\subset\images\16939.jpg,Women,Accessories,Eyewear,Sunglasses,Brown,Winter,2016.0,Casual,Image Women Sunglasses,index
53423,53423.jpg,F:\CEI\Celebal_Excellence_Internship\fashion-visual-search\data\subset\images\53423.jpg,Women,Apparel,Topwear,Kurtas,Off White,Fall,2012.0,Ethnic,Alma Women Printed Off White Kurta,index
32368,32368.jpg,F:\CEI\Celebal_Excellence_Internship\fashion-visual-search\data\subset\images\32368.jpg,Men,Accessories,Watches,Watches,Black,Winter,2016.0,Casual,Q&Q Men Black Dial Watch,index
37719,37719.jpg,F:\CEI\Celebal_Excellence_Internship\fashion-visual-search\data\subset\images\37719.jpg,Men,Apparel,Topwear,Tshirts,Blue,Summer,2012.0,Casual,John Players Men Polo Blue T-shirt,index
18489,18489.jpg,F:\CEI\Celebal_Excellence_Internship\fashion-visual-search\data\subset\images\18489.jpg,Men,Footwear,Sandal,Sandals,Black,Fall,2011.0,Casual,Puma Men Coupe Black Sandals,index
23714,23714.jpg,F:\CEI\Celebal_Excellence_Internship\fashion-visual-search\data\subset\images\23714.jpg,Men,Accessories,Eyewear,Sunglasses,Steel,Winter,2016.0,Casual,Ray-Ban Men Aviator Sunglasses,index
40254,40254.jpg,F:\CEI\Celebal_Excellence_Internship\fashion-visual-search\data\subset\images\40254.jpg,Men,Apparel,Topwear,Shirts,Green,Summer,2012.0,Casual,Scullers Men Green & Navy Blue Shirt,index
14483,14483.jpg,F:\CEI\Celebal_Excellence_Internship\fashion-visual-search\data\subset\images\14483.jpg,Men,Footwear,Shoes,Casual Shoes,Green,Fall,2011.0,Casual,Flying Machine Men Casual Green Casual Shoes,index
57997,57997.jpg,F:\CEI\Celebal_Excellence_Internship\fashion-visual-search\data\subset\images\57997.jpg,Women,Apparel,Dress,Dresses,Blue,Fall,2012.0,Casual,Latin Quarters Women Blue Dress,index
15409,15409.jpg,F:\CEI\Celebal_Excellence_Internship\fashion-visual-search\data\subset\images\15409.jpg,Men,Footwear,Sandal,Sandals,Black,Summer,2012.0,Casual,Fila Men Cage Black Slippers,index
58173,58173.jpg,F:\CEI\Celebal_Excellence_Internship\fashion-visual-search\data\subset\images\58173.jpg,Women,Accessories,Bags,Handbags,Brown,Fall,2012.0,Casual,Rocky S Women Brown Handbag,index
42509,42509.jpg,F:\CEI\Celebal_Excellence_Internship\fashion-visual-search\data\subset\images\42509.jpg,Women,Apparel,Topwear,Kurtas,Beige,Summer,2012.0,Ethnic,Mother Earth Women Beige Kurta,index
17704,17704.jpg,F:\CEI\Celebal_Excellence_Internship\fashion-visual-search\data\subset\images\17704.jpg,Unisex,Footwear,Shoes,Casual Shoes,Maroon,Fall,2011.0,Casual,Vans unisex Old Skool Red Casual Shoes,index
15660,15660.jpg,F:\CEI\Celebal_Excellence_Internship\fashion-visual-search\data\subset\images\15660.jpg,Unisex,Accessories,Bags,Handbags,Black,Fall,2011.0,Casual,Belkin Unisex Dash Laptop 16,index
46980,46980.jpg,F:\CEI\Celebal_Excellence_Internship\fashion-visual-search\data\subset\images\46980.jpg,Women,Accessories,Bags,Handbags,Black,Summer,2012.0,Casual,Bulchee Women Black Handbag,index
19281,19281.jpg,F:\CEI\Celebal_Excellence_Internship\fashion-visual-search\data\subset\images\19281.jpg,Women,Accessories,Watches,Watches,Gold,Winter,2016.0,Casual,Guess Women Candy Pop Gold Watch With Interchangeable Straps,index
28193,28193.jpg,F:\CEI\Celebal_Excellence_Internship\fashion-visual-search\data\subset\images\28193.jpg,Men,Accessories,Eyewear,Sunglasses,Gold,Winter,2016.0,Casual,Ray-Ban Men Aviator Gold Sunglasses,index
15606,15606.jpg,F:\CEI\Celebal_Excellence_Internship\fashion-visual-search\data\subset\images\15606.jpg,Men,Apparel,Topwear,Tshirts,Grey,Fall,2011.0,Casual,Nike Men Training Grey Tshirts,index
11908,11908.jpg,F:\CEI\Celebal_Excellence_Internship\fashion-visual-search\data\subset\images\11908.jpg,Men,Footwear,Sandal,Sandals,Brown,Summer,2012.0,Formal,Franco Leone Men Casual Brown Sandals,index
13900,13900.jpg,F:\CEI\Celebal_Excellence_Internship\fashion-visual-search\data\subset\images\13900.jpg,Men,Footwear,Shoes,Sports Shoes,Black,Fall,2011.0,Sports,Nike Men Air Max Quarter Black Sports Shoes,index
6368,6368.jpg,F:\CEI\Celebal_Excellence_Internship\fashion-visual-search\data\subset\images\6368.jpg,Men,Footwear,Shoes,Casual Shoes,Black,Summer,2011.0,Casual,Numero Uno Men's Black Shoe,index
27191,27191.jpg,F:\CEI\Celebal_Excellence_Internship\fashion-visual-search\data\subset\images\27191.jpg,Women,Apparel,Topwear,Kurtas,Pink,Fall,2011.0,Ethnic,Mother Earth Women Pink Printed Kurta,index
16084,16084.jpg,F:\CEI\Celebal_Excellence_Internship\fashion-visual-search\data\subset\images\16084.jpg,Women,Accessories,Eyewear,Sunglasses,Brown,Winter,2016.0,Casual,Mayhem Women Gradiant Sunglasses MAYS-9007-201,index
33969,33969.jpg,F:\CEI\Celebal_Excellence_Internship\fashion-visual-search\data\subset\images\33969.jpg,Women,Apparel,Dress,Dresses,Black,Spring,2012.0,Party,Femella Women Black Dress,index
16105,16105.jpg,F:\CEI\Celebal_Excellence_Internship\fashion-visual-search\data\subset\images\16105.jpg,Women,Accessories,Eyewear,Sunglasses,Purple,Winter,2016.0,Casual,M tv Women My Fab Eyewear Purple Sunglasses,index
38770,38770.jpg,F:\CEI\Celebal_Excellence_Internship\fashion-visual-search\data\subset\images\38770.jpg,Men,Footwear,Shoes,Casual Shoes,Olive,Summer,2012.0,Casual,Woodland Men Olive Shoes,index
23260,23260.jpg,F:\CEI\Celebal_Excellence_Internship\fashion-visual-search\data\subset\images\23260.jpg,Men,Accessories,Watches,Watches,Steel,Winter,2016.0,Casual,Maxima Ssteele Men Watch,index
6644,6644.jpg,F:\CEI\Celebal_Excellence_Internship\fashion-visual-search\data\subset\images\6644.jpg,Women,Footwear,Shoes,Sports Shoes,White,Summer,2011.0,Sports,Nike Women Transform III IN White Shoe,index
38786,38786.jpg,F:\CEI\Celebal_Excellence_Internship\fashion-visual-search\data\subset\images\38786.jpg,Men,Footwear,Sandal,Sandals,Brown,Winter,2015.0,Casual,Woodland Men Brown Sandals,index
7985,7985.jpg,F:\CEI\Celebal_Excellence_Internship\fashion-visual-search\data\subset\images\7985.jpg,Unisex,Footwear,Sandal,Sandals,Green,Fall,2011.0,Casual,Fila Unisex Glory Olive Lemon Yellow Floater,index
24190,24190.jpg,F:\CEI\Celebal_Excellence_Internship\fashion-visual-search\data\subset\images\24190.jpg,Unisex,Footwear,Shoes,Casual Shoes,White,Summer,2012.0,Casual,Converse Unisex Chuck Taylor White Casual Shoes,index
4082,4082.jpg,F:\CEI\Celebal_Excellence_Internship\fashion-visual-search\data\subset\images\4082.jpg,Men,Apparel,Topwear,Tshirts,Beige,Summer,2011.0,Casual,Inkfruit Men's Avast Ye Beige T-shirt,index
43586,43586.jpg,F:\CEI\Celebal_Excellence_Internship\fashion-visual-search\data\subset\images\43586.jpg,Girls,Apparel,Dress,Dresses,Blue,Summer,2012.0,Casual,Gini and Jony Girls Blue Saloppette,index
43634,43634.jpg,F:\CEI\Celebal_Excellence_Internship\fashion-visual-search\data\subset\images\43634.jpg,Women,Apparel,Dress,Dresses,Beige,Summer,2012.0,Casual,Vero Moda Women Beige Dress,index
33493,33493.jpg,F:\CEI\Celebal_Excellence_Internship\fashion-visual-search\data\subset\images\33493.jpg,Men,Apparel,Topwear,Shirts,Blue,Summer,2012.0,Casual,Doodle Kids Boy Check Blue Shirt,index
31698,31698.jpg,F:\CEI\Celebal_Excellence_Internship\fashion-visual-search\data\subset\images\31698.jpg,Women,Apparel,Topwear,Kurtas,Pink,Summer,2012.0,Ethnic,Folklore Women Printed Pink Kurta,index
8768,8768.jpg,F:\CEI\Celebal_Excellence_Internship\fashion-visual-search\data\subset\images\8768.jpg,Unisex,Accessories,Eyewear,Sunglasses,Blue,Winter,2016.0,Casual,Fastrack Unisex Sport Blue Sunglasses,index
20319,20319.jpg,F:\CEI\Celebal_Excellence_Internship\fashion-visual-search\data\subset\images\20319.jpg,Men,Apparel,Topwear,Shirts,Beige,Summer,2011.0,Casual,Mother Earth Men Solid Beige Shirt,index
57169,57169.jpg,F:\CEI\Celebal_Excellence_Internship\fashion-visual-search\data\subset\images\57169.jpg,Women,Apparel,Topwear,Tops,Red,Summer,2012.0,Casual,Elle Women Red Folklore Top,index
52131,52131.jpg,F:\CEI\Celebal_Excellence_Internship\fashion-visual-search\data\subset\images\52131.jpg,Girls,Apparel,Dress,Dresses,Blue,Summer,2012.0,Casual,Doodle Girls Blue Printed Dress,index
40007,40007.jpg,F:\CEI\Celebal_Excellence_Internship\fashion-visual-search\data\subset\images\40007.jpg,Men,Accessories,Eyewear,Sunglasses,Brown,Winter,2016.0,Casual,Park Avenue Men Brown Frame Sunglasses,index
45884,45884.jpg,F:\CEI\Celebal_Excellence_Internship\fashion-visual-search\data\subset\images\45884.jpg,Men,Accessories,Watches,Watches,Blue,Winter,2016.0,Casual,Maxima Men SSteele Blue Dial Watch,index
17768,17768.jpg,F:\CEI\Celebal_Excellence_Internship\fashion-visual-search\data\subset\images\17768.jpg,Men,Footwear,Shoes,Casual Shoes,Brown,Winter,2012.0,Casual,Buckaroo Men New Amanda Brown Casual Shoe,index
13295,13295.jpg,F:\CEI\Celebal_Excellence_Internship\fashion-visual-search\data\subset\images\13295.jpg,Women,Apparel,Topwear,Tops,Pink,Fall,2011.0,Casual,Gini and Jony Kids Girls Printed Pink Tops,index
54539,54539.jpg,F:\CEI\Celebal_Excellence_Internship\fashion-visual-search\data\subset\images\54539.jpg,Men,Footwear,Shoes,Sports Shoes,Black,Fall,2012.0,Sports,F Sports Men Black Gravity Sports Shoes,index
38997,38997.jpg,F:\CEI\Celebal_Excellence_Internship\fashion-visual-search\data\subset\images\38997.jpg,Girls,Apparel,Dress,Dresses,Blue,Summer,2012.0,Casual,Gini and Jony Girls Digital Blue Dress,index
43331,43331.jpg,F:\CEI\Celebal_Excellence_Internship\fashion-visual-search\data\subset\images\43331.jpg,Women,Apparel,Topwear,Dresses,Pink,Summer,2012.0,Casual,United Colors of Benetton Women Pink Sheath Dress,index
5038,5038.jpg,F:\CEI\Celebal_Excellence_Internship\fashion-visual-search\data\subset\images\5038.jpg,Men,Footwear,Shoes,Sports Shoes,White,Summer,2011.0,Sports,Fila Men's Galliant White Shoe,index
48464,48464.jpg,F:\CEI\Celebal_Excellence_Internship\fashion-visual-search\data\subset\images\48464.jpg,Women,Apparel,Dress,Dresses,Blue,Summer,2012.0,Casual,French Connection Blue & Black Printed Dress,index
38165,38165.jpg,F:\CEI\Celebal_Excellence_Internship\fashion-visual-search\data\subset\images\38165.jpg,Women,Accessories,Eyewear,Sunglasses,Black,Winter,2016.0,Casual,Miami Blues Women Sunglasses,index
6543,6543.jpg,F:\CEI\Celebal_Excellence_Internship\fashion-visual-search\data\subset\images\6543.jpg,Men,Apparel,Topwear,Tshirts,Black,Summer,2011.0,Sports,Nike Men's Training Black White T-shirt,index
28717,28717.jpg,F:\CEI\Celebal_Excellence_Internship\fashion-visual-search\data\subset\images\28717.jpg,Women,Apparel,Topwear,Kurtas,Purple,Summer,2012.0,Ethnic,W Women Printed Purple Kurta,index
47246,47246.jpg,F:\CEI\Celebal_Excellence_Internship\fashion-visual-search\data\subset\images\47246.jpg,Men,Footwear,Shoes,Casual Shoes,Green,Summer,2013.0,Casual,Playboy Men Green Casual Shoes,index
30663,30663.jpg,F:\CEI\Celebal_Excellence_Internship\fashion-visual-search\data\subset\images\30663.jpg,Men,Accessories,Eyewear,Sunglasses,Black,Winter,2016.0,Casual,Park Avenue Men Black Sunglasses,index
24356,24356.jpg,F:\CEI\Celebal_Excellence_Internship\fashion-visual-search\data\subset\images\24356.jpg,Women,Apparel,Topwear,Kurtas,Pink,Fall,2011.0,Ethnic,Folklore Women Pink  Kurta,index
16865,16865.jpg,F:\CEI\Celebal_Excellence_Internship\fashion-visual-search\data\subset\images\16865.jpg,Women,Accessories,Eyewear,Sunglasses,Black,Winter,2016.0,Casual,Idee Women Funky Eyewear Black Sunglasses,index
19287,19287.jpg,F:\CEI\Celebal_Excellence_Internship\fashion-visual-search\data\subset\images\19287.jpg,Women,Accessories,Watches,Watches,White,Winter,2016.0,Casual,Guess Women Party Girl White Watch,index
13130,13130.jpg,F:\CEI\Celebal_Excellence_Internship\fashion-visual-search\data\subset\images\13130.jpg,Men,Footwear,Shoes,Casual Shoes,Brown,Fall,2011.0,Casual,Provogue Men Brown Casual Shoes,index
5931,5931.jpg,F:\CEI\Celebal_Excellence_Internship\fashion-visual-search\data\subset\images\5931.jpg,Men,Footwear,Shoes,Casual Shoes,White,Summer,2011.0,Casual,ADIDAS Men's Derby White Shoe,index
40057,40057.jpg,F:\CEI\Celebal_Excellence_Internship\fashion-visual-search\data\subset\images\40057.jpg,Men,Apparel,Topwear,Tshirts,Blue,Summer,2012.0,Casual,ADIDAS Men Blue Printed T-shirt,index
42130,42130.jpg,F:\CEI\Celebal_Excellence_Internship\fashion-visual-search\data\subset\images\42130.jpg,Men,Footwear,Shoes,Sports Shoes,White,Summer,2012.0,Sports,Nike Men Air Max Quarter White Sports Shoes,index
23221,23221.jpg,F:\CEI\Celebal_Excellence_Internship\fashion-visual-search\data\subset\images\23221.jpg,Women,Apparel,Topwear,Kurtas,Maroon,Fall,2011.0,Ethnic,Aneri Women Maroon Embroidery Kurta,index
4547,4547.jpg,F:\CEI\Celebal_Excellence_Internship\fashion-visual-search\data\subset\images\4547.jpg,Men,Footwear,Shoes,Sports Shoes,White,Summer,2011.0,Sports,Nike Men's Egoli White Black Shoe,index
27293,27293.jpg,F:\CEI\Celebal_Excellence_Internship\fashion-visual-search\data\subset\images\27293.jpg,Women,Apparel,Topwear,Kurtas,Blue,Summer,2012.0,Ethnic,Mother Earth Women Blue Kurta,index
47643,47643.jpg,F:\CEI\Celebal_Excellence_Internship\fashion-visual-search\data\subset\images\47643.jpg,Men,Footwear,Shoes,Casual Shoes,Brown,Winter,2014.0,Casual,Carlton London Men Light Brown Loafers,index
30144,30144.jpg,F:\CEI\Celebal_Excellence_Internship\fashion-visual-search\data\subset\images\30144.jpg,Women,Apparel,Topwear,Tshirts,Black,Summer,2012.0,Casual,Flying Machine Women Printed Black T-shirt,index
10110,10110.jpg,F:\CEI\Celebal_Excellence_Internship\fashion-visual-search\data\subset\images\10110.jpg,Women,Footwear,Shoes,Sports Shoes,White,Fall,2011.0,Sports,Reebok Women Instant White Sports Shoes,index
21281,21281.jpg,F:\CEI\Celebal_Excellence_Internship\fashion-visual-search\data\subset\images\21281.jpg,Women,Accessories,Eyewear,Sunglasses,Brown,Winter,2016.0,Casual,Allen Solly Women Sunglasses AS166-C3,index
59222,59222.jpg,F:\CEI\Celebal_Excellence_Internship\fashion-visual-search\data\subset\images\59222.jpg,Women,Accessories,Watches,Watches,Maroon,Winter,2016.0,Casual,Titan Women Maroon Watch,index
26659,26659.jpg,F:\CEI\Celebal_Excellence_Internship\fashion-visual-search\data\subset\images\26659.jpg,Men,Footwear,Shoes,Casual Shoes,White,Summer,2012.0,Casual,Puma Men White Basics Shoes,index
42685,42685.jpg,F:\CEI\Celebal_Excellence_Internship\fashion-visual-search\data\subset\images\42685.jpg,Women,Apparel,Topwear,Kurtas,White,Summer,2012.0,Ethnic,Alma Women White Printed Kurta,index
5712,5712.jpg,F:\CEI\Celebal_Excellence_Internship\fashion-visual-search\data\subset\images\5712.jpg,Men,Footwear,Shoes,Sports Shoes,Silver,Summer,2011.0,Sports,Reebok Men's Lochraven Silver Black Shoe,index
12928,12928.jpg,F:\CEI\Celebal_Excellence_Internship\fashion-visual-search\data\subset\images\12928.jpg,Men,Apparel,Topwear,Tshirts,Blue,Fall,2011.0,Casual,Classic Polo Men Rugby Kingdom Blue Tshirts,index
6868,6868.jpg,F:\CEI\Celebal_Excellence_Internship\fashion-visual-search\data\subset\images\6868.jpg,Women,Apparel,Dress,Dresses,Black,Summer,2011.0,Casual,Forever New Women's Waterfall Sleeve Shift Black Dress,index
28404,28404.jpg,F:\CEI\Celebal_Excellence_Internship\fashion-visual-search\data\subset\images\28404.jpg,Men,Accessories,Eyewear,Sunglasses,Black,Winter,2016.0,Casual,Idee Men Black Sunglasses,index
44234,44234.jpg,F:\CEI\Celebal_Excellence_Internship\fashion-visual-search\data\subset\images\44234.jpg,Men,Footwear,Shoes,Sports Shoes,Black,Summer,2012.0,Sports,Nike Men Air Max+ 2012 Black Sports Shoes,index
32211,32211.jpg,F:\CEI\Celebal_Excellence_Internship\fashion-visual-search\data\subset\images\32211.jpg,Women,Apparel,Topwear,Kurtas,Pink,Summer,2012.0,Ethnic,Fabindia Women Pink Kurta,index
47003,47003.jpg,F:\CEI\Celebal_Excellence_Internship\fashion-visual-search\data\subset\images\47003.jpg,Women,Apparel,Topwear,Kurtas,White,Fall,2012.0,Ethnic,Shree Women Printed White & Yellow Kurta,index
34817,34817.jpg,F:\CEI\Celebal_Excellence_Internship\fashion-visual-search\data\subset\images\34817.jpg,Men,Footwear,Shoes,Sports Shoes,Black,Summer,2012.0,Sports,ADIDAS Men Adizero Black Sports Shoes,index
4106,4106.jpg,F:\CEI\Celebal_Excellence_Internship\fashion-visual-search\data\subset\images\4106.jpg,Men,Footwear,Sandal,Sandals,Grey,Summer,2011.0,Casual,Fila Men Tremor Grey Sandal,index
13914,13914.jpg,F:\CEI\Celebal_Excellence_Internship\fashion-visual-search\data\subset\images\13914.jpg,Men,Footwear,Sandal,Sandals,Black,Fall,2011.0,Casual,Nike Men Air Max Elevate Black Sandals,index
42891,42891.jpg,F:\CEI\Celebal_Excellence_Internship\fashion-visual-search\data\subset\images\42891.jpg,Women,Accessories,Bags,Handbags,Purple,Summer,2012.0,Casual,French Connection Women Purple Sling Bag,index
26612,26612.jpg,F:\CEI\Celebal_Excellence_Internship\fashion-visual-search\data\subset\images\26612.jpg,Men,Footwear,Shoes,Sports Shoes,Black,Summer,2012.0,Sports,Puma Men Cell Turin Perf 2 Black Sports Shoes,index
27703,27703.jpg,F:\CEI\Celebal_Excellence_Internship\fashion-visual-search\data\subset\images\27703.jpg,Women,Accessories,Bags,Handbags,Grey,Winter,2015.0,Casual,Murcia Women Grey Handbag,index
7268,7268.jpg,F:\CEI\Celebal_Excellence_Internship\fashion-visual-search\data\subset\images\7268.jpg,Men,Apparel,Topwear,Tshirts,Blue,Fall,2011.0,Casual,Batman Men's Dripping Turq Blue T-shirt,index
12357,12357.jpg,F:\CEI\Celebal_Excellence_Internship\fashion-visual-search\data\subset\images\12357.jpg,Men,Apparel,Topwear,Shirts,Blue,Fall,2011.0,Formal,Reid & Taylor Men Check Blue Shirts,index
41098,41098.jpg,F:\CEI\Celebal_Excellence_Internship\fashion-visual-search\data\subset\images\41098.jpg,Women,Apparel,Topwear,Tops,Cream,Summer,2012.0,Casual,Allen Solly Woman Cream Top,index
1785,1785.jpg,F:\CEI\Celebal_Excellence_Internship\fashion-visual-search\data\subset\images\1785.jpg,Men,Footwear,Shoes,Sports Shoes,White,Fall,2010.0,Sports,Lotto Men Brighton White-Blue Shoe,index
16114,16114.jpg,F:\CEI\Celebal_Excellence_Internship\fashion-visual-search\data\subset\images\16114.jpg,Men,Footwear,Sandal,Sandals,Black,Fall,2011.0,Casual,Numero Uno Men Casual Black Slipper,index
30679,30679.jpg,F:\CEI\Celebal_Excellence_Internship\fashion-visual-search\data\subset\images\30679.jpg,Men,Accessories,Eyewear,Sunglasses,Copper,Winter,2016.0,Casual,Park Avenue Men Brown Sunglasses,index
29920,29920.jpg,F:\CEI\Celebal_Excellence_Internship\fashion-visual-search\data\subset\images\29920.jpg,Men,Accessories,Watches,Watches,Black,Winter,2016.0,Casual,Police Men Black Dial Chronograph Watch PL12699JSB,index
30848,30848.jpg,F:\CEI\Celebal_Excellence_Internship\fashion-visual-search\data\subset\images\30848.jpg,Women,Apparel,Topwear,Kurtas,White,Summer,2012.0,Ethnic,Fabindia Women White Printed Kurta,index
39301,39301.jpg,F:\CEI\Celebal_Excellence_Internship\fashion-visual-search\data\subset\images\39301.jpg,Men,Footwear,Shoes,Casual Shoes,Brown,Winter,2018.0,Casual,Red Chief Men Brown Shoes,index
17131,17131.jpg,F:\CEI\Celebal_Excellence_Internship\fashion-visual-search\data\subset\images\17131.jpg,Women,Accessories,Bags,Handbags,Black,Winter,2015.0,Casual,Lino Perros Women Classic Black Handbag,index
30648,30648.jpg,F:\CEI\Celebal_Excellence_Internship\fashion-visual-search\data\subset\images\30648.jpg,Men,Apparel,Topwear,Tshirts,Red,Summer,2012.0,Casual,Nike Men U Logo Red T-shirt,index
45922,45922.jpg,F:\CEI\Celebal_Excellence_Internship\fashion-visual-search\data\subset\images\45922.jpg,Women,Accessories,Watches,Watches,White,Winter,2016.0,Casual,Maxima Women White Dial Watch,index
6745,6745.jpg,F:\CEI\Celebal_Excellence_Internship\fashion-visual-search\data\subset\images\6745.jpg,Men,Footwear,Shoes,Sports Shoes,White,Summer,2011.0,Sports,Nike Men's Zoom Vomero White Shoe,index
35818,35818.jpg,F:\CEI\Celebal_Excellence_Internship\fashion-visual-search\data\subset\images\35818.jpg,Women,Footwear,Shoes,Casual Shoes,Red,Summer,2012.0,Casual,Enroute Women Red Moccasins,index
17332,17332.jpg,F:\CEI\Celebal_Excellence_Internship\fashion-visual-search\data\subset\images\17332.jpg,Men,Accessories,Eyewear,Sunglasses,Brown,Winter,2016.0,Casual,Pepe Jeans Men Casual Sunglasses,index
45236,45236.jpg,F:\CEI\Celebal_Excellence_Internship\fashion-visual-search\data\subset\images\45236.jpg,Men,Accessories,Watches,Watches,Black,Winter,2016.0,Casual,CASIO Men Black Analogue & Digital Watch AD94,index
26689,26689.jpg,F:\CEI\Celebal_Excellence_Internship\fashion-visual-search\data\subset\images\26689.jpg,Men,Footwear,Sandal,Sandals,Black,Summer,2012.0,Casual,Puma Men Harz Black Sandals,index
51400,51400.jpg,F:\CEI\Celebal_Excellence_Internship\fashion-visual-search\data\subset\images\51400.jpg,Men,Apparel,Topwear,Shirts,Yellow,Summer,2012.0,Formal,Myntra Men Yellow Shirt,index
24487,24487.jpg,F:\CEI\Celebal_Excellence_Internship\fashion-visual-search\data\subset\images\24487.jpg,Men,Accessories,Watches,Watches,Black,Winter,2016.0,Casual,Esprit Men Casual Black Watch,index
57043,57043.jpg,F:\CEI\Celebal_Excellence_Internship\fashion-visual-search\data\subset\images\57043.jpg,Women,Apparel,Dress,Dresses,Black,Summer,2012.0,Casual,Elle Black Dress,index
12484,12484.jpg,F:\CEI\Celebal_Excellence_Internship\fashion-visual-search\data\subset\images\12484.jpg,Men,Footwear,Sandal,Sandals,Olive,Winter,2012.0,Casual,Clarks Men Olive Leather Sandals,index
23222,23222.jpg,F:\CEI\Celebal_Excellence_Internship\fashion-visual-search\data\subset\images\23222.jpg,Women,Apparel,Topwear,Kurtas,Red,Fall,2011.0,Ethnic,Aneri Women Freya Red Kurta,index
57048,57048.jpg,F:\CEI\Celebal_Excellence_Internship\fashion-visual-search\data\subset\images\57048.jpg,Women,Apparel,Dress,Dresses,Black,Summer,2012.0,Casual,Elle Women Blue & Black Dress,index
29238,29238.jpg,F:\CEI\Celebal_Excellence_Internship\fashion-visual-search\data\subset\images\29238.jpg,Men,Footwear,Shoes,Sports Shoes,White,Fall,2013.0,Sports,ADIDAS Men 22YDS Trainer White Sports Shoes,index
34578,34578.jpg,F:\CEI\Celebal_Excellence_Internship\fashion-visual-search\data\subset\images\34578.jpg,Women,Apparel,Dress,Dresses,Red,Summer,2012.0,Casual,Tonga Women Printed Red Dress,index
47334,47334.jpg,F:\CEI\Celebal_Excellence_Internship\fashion-visual-search\data\subset\images\47334.jpg,Women,Accessories,Bags,Handbags,Olive,Fall,2012.0,Casual,Baggit Women Olive Handbag,index
16765,16765.jpg,F:\CEI\Celebal_Excellence_Internship\fashion-visual-search\data\subset\images\16765.jpg,Women,Accessories,Bags,Handbags,Black,Winter,2015.0,Casual,Spice Art Women Antique Black Potli,index
29729,29729.jpg,F:\CEI\Celebal_Excellence_Internship\fashion-visual-search\data\subset\images\29729.jpg,Women,Accessories,Bags,Handbags,Green,Summer,2012.0,Casual,Kiara Women Leatherette Green Handbag,index
46285,46285.jpg,F:\CEI\Celebal_Excellence_Internship\fashion-visual-search\data\subset\images\46285.jpg,Women,Apparel,Dress,Dresses,Multi,Summer,2012.0,Casual,109F Women Multi Coloured Dress,index
22491,22491.jpg,F:\CEI\Celebal_Excellence_Internship\fashion-visual-search\data\subset\images\22491.jpg,Men,Footwear,Shoes,Sports Shoes,White,Fall,2011.0,Sports,ADIDAS Men Response Cushion 20 Sport Shoes,index
17129,17129.jpg,F:\CEI\Celebal_Excellence_Internship\fashion-visual-search\data\subset\images\17129.jpg,Women,Accessories,Bags,Handbags,Black,Winter,2015.0,Casual,Lino Perros Women Classic Black  Handbag,index
12328,12328.jpg,F:\CEI\Celebal_Excellence_Internship\fashion-visual-search\data\subset\images\12328.jpg,Men,Apparel,Topwear,Shirts,Blue,Winter,2011.0,Formal,Genesis Blue Formal Shirt,index
28340,28340.jpg,F:\CEI\Celebal_Excellence_Internship\fashion-visual-search\data\subset\images\28340.jpg,Men,Accessories,Eyewear,Sunglasses,Black,Winter,2016.0,Casual,Idee Men Black Sunglasses,index
57040,57040.jpg,F:\CEI\Celebal_Excellence_Internship\fashion-visual-search\data\subset\images\57040.jpg,Women,Apparel,Dress,Dresses,Black,Summer,2012.0,Casual,Elle Women Black Dress,index
40657,40657.jpg,F:\CEI\Celebal_Excellence_Internship\fashion-visual-search\data\subset\images\40657.jpg,Women,Apparel,Topwear,Kurtas,Green,Summer,2012.0,Ethnic,Span Women Green Kurta,index
11636,11636.jpg,F:\CEI\Celebal_Excellence_Internship\fashion-visual-search\data\subset\images\11636.jpg,Men,Accessories,Watches,Watches,Silver,Winter,2016.0,Casual,Puma Men Turbo White Silver Watches,index
42544,42544.jpg,F:\CEI\Celebal_Excellence_Internship\fashion-visual-search\data\subset\images\42544.jpg,Women,Apparel,Topwear,Kurtas,Pink,Summer,2012.0,Ethnic,Mother Earth Women Pink Kurta,index
22246,22246.jpg,F:\CEI\Celebal_Excellence_Internship\fashion-visual-search\data\subset\images\22246.jpg,Men,Footwear,Shoes,Casual Shoes,Green,Summer,2011.0,Casual,ID Men Green Casual Shoe,index
43652,43652.jpg,F:\CEI\Celebal_Excellence_Internship\fashion-visual-search\data\subset\images\43652.jpg,Women,Apparel,Dress,Dresses,Pink,Summer,2012.0,Casual,ONLY Women Pink Dress,index
32576,32576.jpg,F:\CEI\Celebal_Excellence_Internship\fashion-visual-search\data\subset\images\32576.jpg,Women,Apparel,Dress,Dresses,Orange,Summer,2012.0,Casual,ONLY Women Orange Party Dress,index
18166,18166.jpg,F:\CEI\Celebal_Excellence_Internship\fashion-visual-search\data\subset\images\18166.jpg,Girls,Apparel,Dress,Dresses,Magenta,Fall,2011.0,Casual,Doodle Kids Girls Party Frock Purple Dress,index
3530,3530.jpg,F:\CEI\Celebal_Excellence_Internship\fashion-visual-search\data\subset\images\3530.jpg,Men,Apparel,Topwear,Tshirts,Black,Summer,2011.0,Casual,Myntra Men's Turn Me On Black T-shirt,index
5147,5147.jpg,F:\CEI\Celebal_Excellence_Internship\fashion-visual-search\data\subset\images\5147.jpg,Women,Apparel,Topwear,Shirts,Red,Summer,2011.0,Casual,Wrangler Women Ditsy Polka Red Shirt,index
54177,54177.jpg,F:\CEI\Celebal_Excellence_Internship\fashion-visual-search\data\subset\images\54177.jpg,Women,Accessories,Bags,Handbags,Yellow,Summer,2012.0,Casual,Kiara Women Beige & Yellow Handbag,index
43490,43490.jpg,F:\CEI\Celebal_Excellence_Internship\fashion-visual-search\data\subset\images\43490.jpg,Men,Apparel,Topwear,Tshirts,Grey,Summer,2012.0,Casual,French Connection Men Grey T-shirt,index
10186,10186.jpg,F:\CEI\Celebal_Excellence_Internship\fashion-visual-search\data\subset\images\10186.jpg,Men,Apparel,Topwear,Shirts,Black,Fall,2011.0,Casual,Indigo Nation Men Black & Blue Stripe Shirt,index
33823,33823.jpg,F:\CEI\Celebal_Excellence_Internship\fashion-visual-search\data\subset\images\33823.jpg,Women,Footwear,Shoes,Sports Shoes,Grey,Summer,2012.0,Sports,Puma Women Axis Grey Sports Shoes,index
21727,21727.jpg,F:\CEI\Celebal_Excellence_Internship\fashion-visual-search\data\subset\images\21727.jpg,Women,Footwear,Shoes,Sports Shoes,White,Fall,2011.0,Sports,Puma Women Speeder White Sports Shoes,index
38422,38422.jpg,F:\CEI\Celebal_Excellence_Internship\fashion-visual-search\data\subset\images\38422.jpg,Women,Accessories,Bags,Handbags,Brown,Summer,2012.0,Casual,Baggit Women Brown Peepli Parinacrush Handbag,index
53826,53826.jpg,F:\CEI\Celebal_Excellence_Internship\fashion-visual-search\data\subset\images\53826.jpg,Women,Apparel,Topwear,Kurtas,Brown,Summer,2012.0,Ethnic,Folklore Women Brown Printed Kurta,index
28163,28163.jpg,F:\CEI\Celebal_Excellence_Internship\fashion-visual-search\data\subset\images\28163.jpg,Men,Accessories,Eyewear,Sunglasses,White,Winter,2016.0,Casual,Ray-Ban Men Aviator Sunglasses,index
47814,47814.jpg,F:\CEI\Celebal_Excellence_Internship\fashion-visual-search\data\subset\images\47814.jpg,Women,Accessories,Bags,Handbags,Red,Summer,2012.0,Casual,Murcia Women Red Handbag,index
35546,35546.jpg,F:\CEI\Celebal_Excellence_Internship\fashion-visual-search\data\subset\images\35546.jpg,Girls,Footwear,Sandal,Sandals,Red,Summer,2012.0,Casual,Enroute Teens Red Sandals,index
41518,41518.jpg,F:\CEI\Celebal_Excellence_Internship\fashion-visual-search\data\subset\images\41518.jpg,Men,Accessories,Eyewear,Sunglasses,Black,Winter,2016.0,Casual,Basics Men Aviator Sunglasses,index
11842,11842.jpg,F:\CEI\Celebal_Excellence_Internship\fashion-visual-search\data\subset\images\11842.jpg,Men,Footwear,Shoes,Casual Shoes,Beige,Summer,2013.0,Casual,Playboy Men Casual Beige Casual Shoes,index
40173,40173.jpg,F:\CEI\Celebal_Excellence_Internship\fashion-visual-search\data\subset\images\40173.jpg,Men,Accessories,Eyewear,Sunglasses,Black,Winter,2016.0,Casual,Fastrack Men Black Polarized Sporty Wrap Sunglasses,index
57261,57261.jpg,F:\CEI\Celebal_Excellence_Internship\fashion-visual-search\data\subset\images\57261.jpg,Women,Accessories,Bags,Handbags,Brown,Summer,2012.0,Casual,Murcia Women Brown Handbag,index
38850,38850.jpg,F:\CEI\Celebal_Excellence_Internship\fashion-visual-search\data\subset\images\38850.jpg,Women,Apparel,Topwear,Tops,Pink,Fall,2012.0,Casual,Latin Quarters Women Pink Top,index
13755,13755.jpg,F:\CEI\Celebal_Excellence_Internship\fashion-visual-search\data\subset\images\13755.jpg,Men,Apparel,Topwear,Shirts,Black,Fall,2011.0,Formal,Belmonte Men Check Black Shirts,index
51627,51627.jpg,F:\CEI\Celebal_Excellence_Internship\fashion-visual-search\data\subset\images\51627.jpg,Women,Accessories,Watches,Watches,White,Winter,2016.0,Casual,FOSSIL Women White Dial Watch ES3013,index
17816,17816.jpg,F:\CEI\Celebal_Excellence_Internship\fashion-visual-search\data\subset\images\17816.jpg,Men,Footwear,Sandal,Sandals,Brown,Fall,2011.0,Casual,Lee Cooper Men  Brown Sandal,index
12643,12643.jpg,F:\CEI\Celebal_Excellence_Internship\fashion-visual-search\data\subset\images\12643.jpg,Men,Apparel,Topwear,Tshirts,Black,Fall,2011.0,Casual,Probase Men Solid Black  Polo T-shirts,index
39284,39284.jpg,F:\CEI\Celebal_Excellence_Internship\fashion-visual-search\data\subset\images\39284.jpg,Men,Footwear,Sandal,Sandals,Khaki,Winter,2018.0,Casual,Red Chief Men Khaki Sandals,index
8969,8969.jpg,F:\CEI\Celebal_Excellence_Internship\fashion-visual-search\data\subset\images\8969.jpg,Men,Footwear,Shoes,Sports Shoes,Black,Fall,2011.0,Sports,Puma Men 65cc Ducati Black Sports Shoes,index
28955,28955.jpg,F:\CEI\Celebal_Excellence_Internship\fashion-visual-search\data\subset\images\28955.jpg,Women,Apparel,Topwear,Kurtas,White,Summer,2012.0,Ethnic,BIBA Women White Kurta,index
29126,29126.jpg,F:\CEI\Celebal_Excellence_Internship\fashion-visual-search\data\subset\images\29126.jpg,Women,Accessories,Eyewear,Sunglasses,Purple,Winter,2016.0,Casual,Vogue Women Purple Sunglasses,index
33457,33457.jpg,F:\CEI\Celebal_Excellence_Internship\fashion-visual-search\data\subset\images\33457.jpg,Women,Accessories,Bags,Handbags,Maroon,Summer,2012.0,Casual,Baggit Women Billuz Roy Maroon Handbag,index
52143,52143.jpg,F:\CEI\Celebal_Excellence_Internship\fashion-visual-search\data\subset\images\52143.jpg,Women,Apparel,Topwear,Tshirts,Mustard,Summer,2012.0,Casual,Femella Women Mustard Polo T-Shirt,index
30668,30668.jpg,F:\CEI\Celebal_Excellence_Internship\fashion-visual-search\data\subset\images\30668.jpg,Men,Accessories,Eyewear,Sunglasses,Black,Winter,2016.0,Casual,Park Avenue Men Black Sunglasses,index
58932,58932.jpg,F:\CEI\Celebal_Excellence_Internship\fashion-visual-search\data\subset\images\58932.jpg,Women,Accessories,Bags,Handbags,Beige,Summer,2012.0,Casual,Ivory Tag Women Beige Furry Foldover Sling Bag,index
12097,12097.jpg,F:\CEI\Celebal_Excellence_Internship\fashion-visual-search\data\subset\images\12097.jpg,Women,Apparel,Topwear,Kurtas,White,Fall,2011.0,Ethnic,W Women Printed White Kurtas,index
39946,39946.jpg,F:\CEI\Celebal_Excellence_Internship\fashion-visual-search\data\subset\images\39946.jpg,Men,Footwear,Shoes,Casual Shoes,Beige,Summer,2013.0,Casual,Gas Men Sahar Beige Shoes,index
43269,43269.jpg,F:\CEI\Celebal_Excellence_Internship\fashion-visual-search\data\subset\images\43269.jpg,Women,Apparel,Topwear,Kurtas,Pink,Summer,2012.0,Ethnic,Aneri Women Pink Kurta,index
11543,11543.jpg,F:\CEI\Celebal_Excellence_Internship\fashion-visual-search\data\subset\images\11543.jpg,Women,Apparel,Topwear,Kurtas,Grey,Summer,2011.0,Ethnic,W Women Solid Grey Kurtas,index
26220,26220.jpg,F:\CEI\Celebal_Excellence_Internship\fashion-visual-search\data\subset\images\26220.jpg,Women,Accessories,Bags,Handbags,Pink,Summer,2012.0,Casual,Hidekraft Women Leather Pink Handbag,index
8687,8687.jpg,F:\CEI\Celebal_Excellence_Internship\fashion-visual-search\data\subset\images\8687.jpg,Women,Accessories,Eyewear,Sunglasses,Grey,Winter,2016.0,Casual,Fastrack Women Basics Sunglasses P191PR2F,index
42860,42860.jpg,F:\CEI\Celebal_Excellence_Internship\fashion-visual-search\data\subset\images\42860.jpg,Women,Accessories,Bags,Handbags,Cream,Summer,2012.0,Casual,French Connection Women Cream Handbag,index
9231,9231.jpg,F:\CEI\Celebal_Excellence_Internship\fashion-visual-search\data\subset\images\9231.jpg,Men,Apparel,Topwear,Shirts,Grey,Fall,2011.0,Formal,Mark Taylor Men Grey Striped Shirt,index
16091,16091.jpg,F:\CEI\Celebal_Excellence_Internship\fashion-visual-search\data\subset\images\16091.jpg,Men,Accessories,Eyewear,Sunglasses,Black,Winter,2016.0,Casual,M tv Men My Fab Eyewear Black Sunglasses,index
27534,27534.jpg,F:\CEI\Celebal_Excellence_Internship\fashion-visual-search\data\subset\images\27534.jpg,Men,Apparel,Topwear,Shirts,Blue,Summer,2012.0,Casual,Scullers Men Check Blue Shirt,index
40480,40480.jpg,F:\CEI\Celebal_Excellence_Internship\fashion-visual-search\data\subset\images\40480.jpg,Men,Footwear,Shoes,Sports Shoes,White,Summer,2012.0,Sports,Fila Men Blue Ultralite Sports Shoes,index
5097,5097.jpg,F:\CEI\Celebal_Excellence_Internship\fashion-visual-search\data\subset\images\5097.jpg,Men,Apparel,Topwear,Tshirts,White,Summer,2011.0,Casual,Wrangler Men's Hand Of Quality White T-shirt,index
8626,8626.jpg,F:\CEI\Celebal_Excellence_Internship\fashion-visual-search\data\subset\images\8626.jpg,Unisex,Accessories,Eyewear,Sunglasses,Blue,Winter,2016.0,Casual,Fastrack Unisex Ultra slim Blue Sunglasses,index
40559,40559.jpg,F:\CEI\Celebal_Excellence_Internship\fashion-visual-search\data\subset\images\40559.jpg,Men,Accessories,Watches,Watches,White,Winter,2016.0,Casual,Titan Men White Dial Watch,index
49884,49884.jpg,F:\CEI\Celebal_Excellence_Internship\fashion-visual-search\data\subset\images\49884.jpg,Girls,Accessories,Watches,Watches,White,Winter,2016.0,Casual,Q&Q Kids Girls White Dial Analog Watch,index
59897,59897.jpg,F:\CEI\Celebal_Excellence_Internship\fashion-visual-search\data\subset\images\59897.jpg,Women,Apparel,Dress,Dresses,Yellow,Fall,2012.0,Casual,Femella Women Yellow Dress,index
39635,39635.jpg,F:\CEI\Celebal_Excellence_Internship\fashion-visual-search\data\subset\images\39635.jpg,Men,Footwear,Shoes,Sports Shoes,Black,Summer,2012.0,Sports,Nike Men Kukini Black Sports Shoes,index
11567,11567.jpg,F:\CEI\Celebal_Excellence_Internship\fashion-visual-search\data\subset\images\11567.jpg,Women,Apparel,Topwear,Kurtas,Purple,Summer,2011.0,Ethnic,W Women Printed Purple Kurtas,index
8258,8258.jpg,F:\CEI\Celebal_Excellence_Internship\fashion-visual-search\data\subset\images\8258.jpg,Men,Footwear,Shoes,Sports Shoes,Orange,Summer,2011.0,Sports,Puma Men's Calibre Convertible Orange Shoe,index
5735,5735.jpg,F:\CEI\Celebal_Excellence_Internship\fashion-visual-search\data\subset\images\5735.jpg,Men,Footwear,Shoes,Sports Shoes,White,Summer,2011.0,Sports,Reebok Men's Dhoni Trainer White Gold Shoe,index
11468,11468.jpg,F:\CEI\Celebal_Excellence_Internship\fashion-visual-search\data\subset\images\11468.jpg,Men,Apparel,Topwear,Shirts,Blue,Fall,2011.0,Casual,United Colors of Benetton Men Summer Navy Blue Shirt,index
29166,29166.jpg,F:\CEI\Celebal_Excellence_Internship\fashion-visual-search\data\subset\images\29166.jpg,Girls,Apparel,Dress,Dresses,Navy Blue,Summer,2012.0,Casual,United Colors of Benetton Girls Polka Dot Navy Blue Dress,index
53684,53684.jpg,F:\CEI\Celebal_Excellence_Internship\fashion-visual-search\data\subset\images\53684.jpg,Women,Accessories,Bags,Handbags,Purple,Summer,2012.0,Casual,Kiara Women Purple Handbag,index
31942,31942.jpg,F:\CEI\Celebal_Excellence_Internship\fashion-visual-search\data\subset\images\31942.jpg,Women,Footwear,Shoes,Casual Shoes,White,Summer,2012.0,Casual,Nike Women Sweet Classic Leather White Shoes,index
38164,38164.jpg,F:\CEI\Celebal_Excellence_Internship\fashion-visual-search\data\subset\images\38164.jpg,Men,Accessories,Eyewear,Sunglasses,White,Winter,2016.0,Casual,Miami Blues Men Sunglasses,index
30018,30018.jpg,F:\CEI\Celebal_Excellence_Internship\fashion-visual-search\data\subset\images\30018.jpg,Women,Accessories,Watches,Watches,White,Winter,2016.0,Casual,Kenneth Cole Women White Watch,index
7053,7053.jpg,F:\CEI\Celebal_Excellence_Internship\fashion-visual-search\data\subset\images\7053.jpg,Men,Apparel,Topwear,Shirts,Blue,Summer,2011.0,Casual,s.Oliver Men Striped Dark Blue Shirt,index
53679,53679.jpg,F:\CEI\Celebal_Excellence_Internship\fashion-visual-search\data\subset\images\53679.jpg,Women,Accessories,Bags,Handbags,Pink,Summer,2012.0,Casual,Kiara Women Pink Handbag,index
15891,15891.jpg,F:\CEI\Celebal_Excellence_Internship\fashion-visual-search\data\subset\images\15891.jpg,Unisex,Footwear,Sandal,Sandals,Yellow,Fall,2011.0,Casual,Warner Bros Kids Unisex TJ Rainbow Clog Yellow Sandals,index
4991,4991.jpg,F:\CEI\Celebal_Excellence_Internship\fashion-visual-search\data\subset\images\4991.jpg,Women,Apparel,Dress,Dresses,White,Summer,2011.0,Casual,Gini and Jony Girl's Sara Off White Polka Dot Kidswear,index
9778,9778.jpg,F:\CEI\Celebal_Excellence_Internship\fashion-visual-search\data\subset\images\9778.jpg,Men,Apparel,Topwear,Tshirts,White,Fall,2011.0,Casual,ADIDAS Men  White Polo Tshirts,index
34598,34598.jpg,F:\CEI\Celebal_Excellence_Internship\fashion-visual-search\data\subset\images\34598.jpg,Women,Apparel,Dress,Dresses,Black,Summer,2012.0,Casual,Tonga Women Printed Black Dress,index
26332,26332.jpg,F:\CEI\Celebal_Excellence_Internship\fashion-visual-search\data\subset\images\26332.jpg,Women,Accessories,Watches,Watches,White,Winter,2016.0,Casual,DKNY Women White Dial Watch NY4716,index
13988,13988.jpg,F:\CEI\Celebal_Excellence_Internship\fashion-visual-search\data\subset\images\13988.jpg,Men,Footwear,Shoes,Casual Shoes,Navy Blue,Fall,2011.0,Casual,Puma Men Future Cat Remix Lo Navy Blue Casual Shoes,index
5446,5446.jpg,F:\CEI\Celebal_Excellence_Internship\fashion-visual-search\data\subset\images\5446.jpg,Men,Apparel,Topwear,Tshirts,Blue,Summer,2011.0,Casual,Nike Men's Training Blue T-shirt,index
13167,13167.jpg,F:\CEI\Celebal_Excellence_Internship\fashion-visual-search\data\subset\images\13167.jpg,Men,Footwear,Shoes,Sports Shoes,Black,Fall,2011.0,Sports,Skechers Men Prospeed Black Sports Shoes,index
19647,19647.jpg,F:\CEI\Celebal_Excellence_Internship\fashion-visual-search\data\subset\images\19647.jpg,Women,Apparel,Topwear,Tops,Pink,Summer,2011.0,Casual,United Colors of Benetton Women Solid Pink Top,index
16760,16760.jpg,F:\CEI\Celebal_Excellence_Internship\fashion-visual-search\data\subset\images\16760.jpg,Women,Accessories,Bags,Handbags,Black,Winter,2015.0,Casual,Spice Art Women Leatherette  Black Handbags,index
31046,31046.jpg,F:\CEI\Celebal_Excellence_Internship\fashion-visual-search\data\subset\images\31046.jpg,Men,Apparel,Topwear,Shirts,Yellow,Summer,2012.0,Casual,Arrow Sport Men Check Yellow Shirt,index
32389,32389.jpg,F:\CEI\Celebal_Excellence_Internship\fashion-visual-search\data\subset\images\32389.jpg,Women,Apparel,Topwear,Tops,Blue,Summer,2012.0,Formal,Arrow Woman Striped Blue Top,index
15147,15147.jpg,F:\CEI\Celebal_Excellence_Internship\fashion-visual-search\data\subset\images\15147.jpg,Men,Apparel,Topwear,Shirts,Yellow,Fall,2011.0,Casual,Arrow Sport Men Check Yellow Shirts,index
58489,58489.jpg,F:\CEI\Celebal_Excellence_Internship\fashion-visual-search\data\subset\images\58489.jpg,Women,Apparel,Dress,Dresses,Beige,Summer,2012.0,Casual,Tonga Women Beige Dress,index
20011,20011.jpg,F:\CEI\Celebal_Excellence_Internship\fashion-visual-search\data\subset\images\20011.jpg,Women,Apparel,Topwear,Tops,Red,Summer,2011.0,Casual,United Colors of Benetton Women Red Striped Top,index
19992,19992.jpg,F:\CEI\Celebal_Excellence_Internship\fashion-visual-search\data\subset\images\19992.jpg,Men,Apparel,Topwear,Tshirts,White,Summer,2011.0,Casual,United Colors of Benetton Men Printed White TShirt,index
10476,10476.jpg,F:\CEI\Celebal_Excellence_Internship\fashion-visual-search\data\subset\images\10476.jpg,Men,Apparel,Topwear,Shirts,Pink,Fall,2011.0,Casual,Flying Machine Men Ydc Pink Shirts,index
11938,11938.jpg,F:\CEI\Celebal_Excellence_Internship\fashion-visual-search\data\subset\images\11938.jpg,Men,Footwear,Sandal,Sandals,Black,Summer,2011.0,Casual,Ganuchi Men Casual Black Sandals,index
25842,25842.jpg,F:\CEI\Celebal_Excellence_Internship\fashion-visual-search\data\subset\images\25842.jpg,Women,Apparel,Topwear,Kurtas,Multi,Summer,2012.0,Ethnic,Diva Women Printed Multi Coloured Kurta,index
2324,2324.jpg,F:\CEI\Celebal_Excellence_Internship\fashion-visual-search\data\subset\images\2324.jpg,Men,Apparel,Topwear,Tshirts,Black,Fall,2010.0,Casual,Reebok Men Sleeveless Black T-shirt,index
25013,25013.jpg,F:\CEI\Celebal_Excellence_Internship\fashion-visual-search\data\subset\images\25013.jpg,Unisex,Accessories,Bags,Handbags,Maroon,Summer,2012.0,Casual,United Colors of Benetton Unisex Maroon Casual Handbags,index
9644,9644.jpg,F:\CEI\Celebal_Excellence_Internship\fashion-visual-search\data\subset\images\9644.jpg,Men,Apparel,Topwear,Shirts,Green,Fall,2011.0,Casual,Indigo Nation Men Checks Shirt Green Shirts,index
2665,2665.jpg,F:\CEI\Celebal_Excellence_Internship\fashion-visual-search\data\subset\images\2665.jpg,Women,Accessories,Bags,Handbags,Grey,Winter,2015.0,Casual,Murcia Women Fancy Cream Hand Bag,index
50721,50721.jpg,F:\CEI\Celebal_Excellence_Internship\fashion-visual-search\data\subset\images\50721.jpg,Girls,Apparel,Dress,Dresses,Pink,Summer,2012.0,Casual,Doodle Girls Pink Printed Dress,index
7371,7371.jpg,F:\CEI\Celebal_Excellence_Internship\fashion-visual-search\data\subset\images\7371.jpg,Men,Footwear,Sandal,Sandals,Brown,Winter,2018.0,Casual,Red Tape Men Casual Light Brown Floater,index
2138,2138.jpg,F:\CEI\Celebal_Excellence_Internship\fashion-visual-search\data\subset\images\2138.jpg,Men,Apparel,Topwear,Shirts,Green,Spring,2011.0,Casual,Basics Men Green & Cream Slim Fit Shirt,index
45206,45206.jpg,F:\CEI\Celebal_Excellence_Internship\fashion-visual-search\data\subset\images\45206.jpg,Women,Accessories,Watches,Watches,Blue,Winter,2016.0,Casual,CASIO ENTICER Women Blue Dial Analogue Watch A66,index
5571,5571.jpg,F:\CEI\Celebal_Excellence_Internship\fashion-visual-search\data\subset\images\5571.jpg,Men,Footwear,Shoes,Sports Shoes,White,Summer,2011.0,Sports,ADIDAS Men's Makis White Shoe,index
10674,10674.jpg,F:\CEI\Celebal_Excellence_Internship\fashion-visual-search\data\subset\images\10674.jpg,Women,Apparel,Topwear,Tops,White,Fall,2011.0,Casual,Doodle Girl Princess White Tops,index
46502,46502.jpg,F:\CEI\Celebal_Excellence_Internship\fashion-visual-search\data\subset\images\46502.jpg,Men,Accessories,Watches,Watches,Green,Winter,2016.0,Casual,Timex Men Green Dial Watch,index
9019,9019.jpg,F:\CEI\Celebal_Excellence_Internship\fashion-visual-search\data\subset\images\9019.jpg,Men,Footwear,Sandal,Sandals,Brown,Winter,2011.0,Casual,Buckaroo Men Mar Brown Sandals,index
12430,12430.jpg,F:\CEI\Celebal_Excellence_Internship\fashion-visual-search\data\subset\images\12430.jpg,Men,Footwear,Shoes,Casual Shoes,Blue,Fall,2011.0,Casual,Timberland Men Casual Blue Casual Shoes,index
22330,22330.jpg,F:\CEI\Celebal_Excellence_Internship\fashion-visual-search\data\subset\images\22330.jpg,Men,Apparel,Topwear,Tshirts,White,Fall,2011.0,Casual,John Players Men Stripes White T-Shirt,index
3489,3489.jpg,F:\CEI\Celebal_Excellence_Internship\fashion-visual-search\data\subset\images\3489.jpg,Men,Footwear,Shoes,Casual Shoes,Blue,Summer,2011.0,Casual,ADIDAS Men's Jawpaw Blue Shoe,index
7041,7041.jpg,F:\CEI\Celebal_Excellence_Internship\fashion-visual-search\data\subset\images\7041.jpg,Men,Footwear,Shoes,Casual Shoes,Black,Summer,2011.0,Casual,Numero Uno Black Men's Shoe,index
58809,58809.jpg,F:\CEI\Celebal_Excellence_Internship\fashion-visual-search\data\subset\images\58809.jpg,Men,Apparel,Topwear,Shirts,White,Fall,2012.0,Casual,Highlander Men White Striped Shirt,index
18497,18497.jpg,F:\CEI\Celebal_Excellence_Internship\fashion-visual-search\data\subset\images\18497.jpg,Men,Footwear,Sandal,Sandals,Black,Fall,2011.0,Casual,Puma Men Future Cat Black Slipper,index
8889,8889.jpg,F:\CEI\Celebal_Excellence_Internship\fashion-visual-search\data\subset\images\8889.jpg,Men,Apparel,Topwear,Shirts,Black,Fall,2011.0,Formal,John Miller Men Black Shirt,index
4700,4700.jpg,F:\CEI\Celebal_Excellence_Internship\fashion-visual-search\data\subset\images\4700.jpg,Unisex,Accessories,Watches,Watches,White,Winter,2016.0,Sports,ADIDAS Unisex Wooster Analogue Digital Watch,index
21929,21929.jpg,F:\CEI\Celebal_Excellence_Internship\fashion-visual-search\data\subset\images\21929.jpg,Women,Apparel,Topwear,Kurtas,Blue,Fall,2011.0,Ethnic,BIBA Women Printed Blue Kurta,index
12803,12803.jpg,F:\CEI\Celebal_Excellence_Internship\fashion-visual-search\data\subset\images\12803.jpg,Women,Apparel,Topwear,Tshirts,Pink,Fall,2011.0,Casual,Nike Women Polka Dot Grafitti Pink T-shirt,index
45151,45151.jpg,F:\CEI\Celebal_Excellence_Internship\fashion-visual-search\data\subset\images\45151.jpg,Men,Accessories,Watches,Watches,White,Winter,2016.0,Casual,Casio Enticer Men Black Analogue Watch MTP-1302L-7BVDF(A490),index
41588,41588.jpg,F:\CEI\Celebal_Excellence_Internship\fashion-visual-search\data\subset\images\41588.jpg,Men,Apparel,Topwear,Shirts,Blue,Summer,2012.0,Casual,Basics Men Blue Shirt,index
43700,43700.jpg,F:\CEI\Celebal_Excellence_Internship\fashion-visual-search\data\subset\images\43700.jpg,Women,Apparel,Topwear,Tops,Green,Summer,2012.0,Casual,Remanika Women Green Top,index
51635,51635.jpg,F:\CEI\Celebal_Excellence_Internship\fashion-visual-search\data\subset\images\51635.jpg,Women,Accessories,Watches,Watches,White,Winter,2016.0,Casual,Fossil Women White Dial Chronograph Watch CH2824,index
51294,51294.jpg,F:\CEI\Celebal_Excellence_Internship\fashion-visual-search\data\subset\images\51294.jpg,Boys,Accessories,Eyewear,Sunglasses,Black,Fall,2012.0,Casual,Hop Scotch Boys Black Sunglasses,index
25849,25849.jpg,F:\CEI\Celebal_Excellence_Internship\fashion-visual-search\data\subset\images\25849.jpg,Women,Apparel,Topwear,Kurtas,Black,Summer,2012.0,Ethnic,Diva Women Printed Black Kurta,index
21282,21282.jpg,F:\CEI\Celebal_Excellence_Internship\fashion-visual-search\data\subset\images\21282.jpg,Unisex,Accessories,Eyewear,Sunglasses,Brown,Winter,2016.0,Casual,Allen Solly Unisex Aviator Sunglasses AS201-C1,index
51681,51681.jpg,F:\CEI\Celebal_Excellence_Internship\fashion-visual-search\data\subset\images\51681.jpg,Men,Accessories,Eyewear,Sunglasses,Grey,Winter,2016.0,Casual,Louis Philippe Men Aviator Sunglasses LP208-C2,index
34066,34066.jpg,F:\CEI\Celebal_Excellence_Internship\fashion-visual-search\data\subset\images\34066.jpg,Girls,Apparel,Dress,Dresses,White,Summer,2012.0,Casual,Palm Tree Girls White Dress,index
48480,48480.jpg,F:\CEI\Celebal_Excellence_Internship\fashion-visual-search\data\subset\images\48480.jpg,Women,Apparel,Dress,Dresses,Black,Winter,2011.0,Party,French Connection Women Black Dress,index
28416,28416.jpg,F:\CEI\Celebal_Excellence_Internship\fashion-visual-search\data\subset\images\28416.jpg,Men,Accessories,Eyewear,Sunglasses,Metallic,Winter,2016.0,Casual,Idee Men Metallic Sunglasses,index
13062,13062.jpg,F:\CEI\Celebal_Excellence_Internship\fashion-visual-search\data\subset\images\13062.jpg,Men,Accessories,Watches,Watches,Black,Winter,2016.0,Casual,Fastrack Men Date Black Watches,index
9664,9664.jpg,F:\CEI\Celebal_Excellence_Internship\fashion-visual-search\data\subset\images\9664.jpg,Men,Apparel,Topwear,Shirts,Maroon,Fall,2011.0,Casual,Indigo Nation Men Bling Maroon Shirt,index
15723,15723.jpg,F:\CEI\Celebal_Excellence_Internship\fashion-visual-search\data\subset\images\15723.jpg,Women,Footwear,Shoes,Sports Shoes,White,Spring,2013.0,Sports,Nike Women Ballista II White Sports Shoes,index
58931,58931.jpg,F:\CEI\Celebal_Excellence_Internship\fashion-visual-search\data\subset\images\58931.jpg,Women,Accessories,Bags,Handbags,Pink,Summer,2012.0,Casual,Ivory Tag Pink Furry Foldover Crossbody Bag,index
59796,59796.jpg,F:\CEI\Celebal_Excellence_Internship\fashion-visual-search\data\subset\images\59796.jpg,Women,Apparel,Topwear,Tops,Blue,Fall,2012.0,Casual,United Colors of Benetton Women Multi Coloured Top,index
34565,34565.jpg,F:\CEI\Celebal_Excellence_Internship\fashion-visual-search\data\subset\images\34565.jpg,Women,Apparel,Dress,Dresses,Black,Summer,2012.0,Casual,Tonga Women Printed Black Dress,index
41606,41606.jpg,F:\CEI\Celebal_Excellence_Internship\fashion-visual-search\data\subset\images\41606.jpg,Men,Apparel,Topwear,Shirts,Beige,Summer,2012.0,Casual,Basics Men Beige Shirt,index
18716,18716.jpg,F:\CEI\Celebal_Excellence_Internship\fashion-visual-search\data\subset\images\18716.jpg,Women,Apparel,Topwear,Tops,Black,Fall,2011.0,Casual,Arrow Woman Shanna Black Top,index
44857,44857.jpg,F:\CEI\Celebal_Excellence_Internship\fashion-visual-search\data\subset\images\44857.jpg,Men,Apparel,Topwear,Tshirts,Black,Summer,2012.0,Casual,Puma Men Black T-shirt,index
17044,17044.jpg,F:\CEI\Celebal_Excellence_Internship\fashion-visual-search\data\subset\images\17044.jpg,Men,Footwear,Sandal,Sandals,Brown,Summer,2013.0,Casual,Gas Men Aventura Sandal,index
24577,24577.jpg,F:\CEI\Celebal_Excellence_Internship\fashion-visual-search\data\subset\images\24577.jpg,Women,Apparel,Topwear,Tops,White,Fall,2011.0,Casual,Flying Machine Women White Printed Top,index
42984,42984.jpg,F:\CEI\Celebal_Excellence_Internship\fashion-visual-search\data\subset\images\42984.jpg,Men,Footwear,Shoes,Sports Shoes,White,Summer,2012.0,Sports,Nike Men White Sports Shoes,index
41393,41393.jpg,F:\CEI\Celebal_Excellence_Internship\fashion-visual-search\data\subset\images\41393.jpg,Men,Apparel,Topwear,Shirts,Purple,Summer,2012.0,Casual,Wrangler Men Purple Shirt,index
49885,49885.jpg,F:\CEI\Celebal_Excellence_Internship\fashion-visual-search\data\subset\images\49885.jpg,Unisex,Accessories,Watches,Watches,White,Winter,2016.0,Casual,Q&Q Kids Unisex White Dial Analog Watch,index
53804,53804.jpg,F:\CEI\Celebal_Excellence_Internship\fashion-visual-search\data\subset\images\53804.jpg,Men,Apparel,Topwear,Tshirts,Black,Summer,2012.0,Casual,Puma Men Black T-shirt,index
25921,25921.jpg,F:\CEI\Celebal_Excellence_Internship\fashion-visual-search\data\subset\images\25921.jpg,Women,Apparel,Topwear,Tshirts,Green,Summer,2012.0,Casual,Femella Women Lime Green T-shirt,index
30183,30183.jpg,F:\CEI\Celebal_Excellence_Internship\fashion-visual-search\data\subset\images\30183.jpg,Women,Accessories,Bags,Handbags,Blue,Summer,2012.0,Casual,Nike Women Athletes Rowena Blue Handbag,index
20111,20111.jpg,F:\CEI\Celebal_Excellence_Internship\fashion-visual-search\data\subset\images\20111.jpg,Women,Apparel,Topwear,Kurtas,White,Fall,2011.0,Ethnic,Diva Women Printed White Kurta,index
28324,28324.jpg,F:\CEI\Celebal_Excellence_Internship\fashion-visual-search\data\subset\images\28324.jpg,Men,Footwear,Sandal,Sandals,Black,Winter,2018.0,Casual,Red Tape Men Casual Black Sandals,index
35918,35918.jpg,F:\CEI\Celebal_Excellence_Internship\fashion-visual-search\data\subset\images\35918.jpg,Women,Accessories,Bags,Handbags,Black,Summer,2012.0,Casual,Peperone Women Black Handbag,index
17422,17422.jpg,F:\CEI\Celebal_Excellence_Internship\fashion-visual-search\data\subset\images\17422.jpg,Women,Accessories,Watches,Watches,Pink,Winter,2016.0,Casual,Casio Enticer Women Pink Analogue Watches (SH60) LTP-2069L-4AVDF,index
54834,54834.jpg,F:\CEI\Celebal_Excellence_Internship\fashion-visual-search\data\subset\images\54834.jpg,Women,Accessories,Bags,Handbags,Brown,Summer,2012.0,Casual,Ivory Tag Dazzling Rossete Brown Sling Bag,index
59992,59992.jpg,F:\CEI\Celebal_Excellence_Internship\fashion-visual-search\data\subset\images\59992.jpg,Women,Apparel,Dress,Dresses,Black,Fall,2012.0,Casual,Avirate Black & White Dress,index
57042,57042.jpg,F:\CEI\Celebal_Excellence_Internship\fashion-visual-search\data\subset\images\57042.jpg,Women,Apparel,Dress,Dresses,Black,Summer,2012.0,Casual,Elle Black Dress,index
10730,10730.jpg,F:\CEI\Celebal_Excellence_Internship\fashion-visual-search\data\subset\images\10730.jpg,Women,Accessories,Bags,Handbags,Grey,Winter,2015.0,Casual,Murcia Women Lorra Grey Grey Handbags,index
13967,13967.jpg,F:\CEI\Celebal_Excellence_Internship\fashion-visual-search\data\subset\images\13967.jpg,Men,Apparel,Topwear,Tshirts,Red,Fall,2011.0,Casual,Ed Hardy Men Printed Red Tshirts,index
2715,2715.jpg,F:\CEI\Celebal_Excellence_Internship\fashion-visual-search\data\subset\images\2715.jpg,Girls,Apparel,Topwear,Tops,Orange,Summer,2011.0,Casual,Disney Kids Girl's Minnie Orange Stripped Kidswear,index
38289,38289.jpg,F:\CEI\Celebal_Excellence_Internship\fashion-visual-search\data\subset\images\38289.jpg,Girls,Apparel,Topwear,Tops,Pink,Summer,2012.0,Casual,Kids Ville Girls Pink Printed Top,index
52123,52123.jpg,F:\CEI\Celebal_Excellence_Internship\fashion-visual-search\data\subset\images\52123.jpg,Girls,Apparel,Dress,Dresses,Pink,Summer,2012.0,Casual,Doodle Girls Pink Printed Dress,index
38169,38169.jpg,F:\CEI\Celebal_Excellence_Internship\fashion-visual-search\data\subset\images\38169.jpg,Women,Accessories,Eyewear,Sunglasses,Black,Winter,2016.0,Casual,Miami Blues Women Sunglasses,index
22039,22039.jpg,F:\CEI\Celebal_Excellence_Internship\fashion-visual-search\data\subset\images\22039.jpg,Women,Apparel,Topwear,Kurtas,Cream,Fall,2011.0,Ethnic,Vishudh Women Self Printed Cream Kurta,index
45929,45929.jpg,F:\CEI\Celebal_Excellence_Internship\fashion-visual-search\data\subset\images\45929.jpg,Men,Accessories,Watches,Watches,White,Winter,2016.0,Casual,Maxima Men White Dial Watch,index
13385,13385.jpg,F:\CEI\Celebal_Excellence_Internship\fashion-visual-search\data\subset\images\13385.jpg,Women,Footwear,Shoes,Casual Shoes,Tan,Fall,2011.0,Casual,Timberland Women Femmes Tan Casual Shoes,index
35537,35537.jpg,F:\CEI\Celebal_Excellence_Internship\fashion-visual-search\data\subset\images\35537.jpg,Girls,Footwear,Sandal,Sandals,Black,Summer,2012.0,Casual,Enroute Kids Girls Black Sandals,index
9658,9658.jpg,F:\CEI\Celebal_Excellence_Internship\fashion-visual-search\data\subset\images\9658.jpg,Men,Apparel,Topwear,Shirts,Maroon,Fall,2011.0,Casual,Indigo Nation Men Reversible Bling Maroon Shirt,index
48468,48468.jpg,F:\CEI\Celebal_Excellence_Internship\fashion-visual-search\data\subset\images\48468.jpg,Women,Apparel,Dress,Dresses,Mauve,Summer,2012.0,Casual,French Connection Mauve Dress,index
48213,48213.jpg,F:\CEI\Celebal_Excellence_Internship\fashion-visual-search\data\subset\images\48213.jpg,Men,Accessories,Eyewear,Sunglasses,Brown,Winter,2016.0,Casual,United Colors of Benetton Men Brown Sunglasses,index
8907,8907.jpg,F:\CEI\Celebal_Excellence_Internship\fashion-visual-search\data\subset\images\8907.jpg,Women,Footwear,Shoes,Sports Shoes,White,Fall,2011.0,Sports,Puma Women Vesta Runner Wns White Sports Shoes,index
28350,28350.jpg,F:\CEI\Celebal_Excellence_Internship\fashion-visual-search\data\subset\images\28350.jpg,Men,Accessories,Eyewear,Sunglasses,Black,Winter,2016.0,Casual,Idee Men Black Sunglasses,index
10690,10690.jpg,F:\CEI\Celebal_Excellence_Internship\fashion-visual-search\data\subset\images\10690.jpg,Men,Apparel,Topwear,Tshirts,Yellow,Fall,2011.0,Casual,Doodle Boy Mummy daddy me Yellow Tshirts,index
31640,31640.jpg,F:\CEI\Celebal_Excellence_Internship\fashion-visual-search\data\subset\images\31640.jpg,Men,Apparel,Topwear,Shirts,Blue,Summer,2012.0,Casual,Indigo Nation Men Check Blue Shirt,index
30768,30768.jpg,F:\CEI\Celebal_Excellence_Internship\fashion-visual-search\data\subset\images\30768.jpg,Men,Apparel,Topwear,Kurtas,Black,Summer,2012.0,Ethnic,Fabindia Men Black Silk Kurta,index
51708,51708.jpg,F:\CEI\Celebal_Excellence_Internship\fashion-visual-search\data\subset\images\51708.jpg,Unisex,Accessories,Eyewear,Sunglasses,Brown,Winter,2016.0,Casual,Van Heusen Unisex Sunglasses VH214-C3,index
58267,58267.jpg,F:\CEI\Celebal_Excellence_Internship\fashion-visual-search\data\subset\images\58267.jpg,Women,Accessories,Bags,Handbags,Bronze,Fall,2012.0,Casual,Baggit Women Bronze Handbag,index
15858,15858.jpg,F:\CEI\Celebal_Excellence_Internship\fashion-visual-search\data\subset\images\15858.jpg,Unisex,Footwear,Sandal,Sandals,Green,Fall,2011.0,Casual,Warner Bros Kids Unisex LT Blug Clog Green Sandals,index
51700,51700.jpg,F:\CEI\Celebal_Excellence_Internship\fashion-visual-search\data\subset\images\51700.jpg,Unisex,Accessories,Eyewear,Sunglasses,Gold,Winter,2016.0,Casual,Van Heusen Unisex Brown Aviator Sunglasses VH217-C1,index
4647,4647.jpg,F:\CEI\Celebal_Excellence_Internship\fashion-visual-search\data\subset\images\4647.jpg,Men,Footwear,Sandal,Sandals,Blue,Summer,2011.0,Sports,ADIDAS Men Neo Feather Lead Red Sandal,index
4514,4514.jpg,F:\CEI\Celebal_Excellence_Internship\fashion-visual-search\data\subset\images\4514.jpg,Men,Footwear,Shoes,Sports Shoes,White,Summer,2011.0,Sports,Puma Men's Tarun White Navy Silver Red Shoe,index
30842,30842.jpg,F:\CEI\Celebal_Excellence_Internship\fashion-visual-search\data\subset\images\30842.jpg,Women,Apparel,Topwear,Kurtas,Navy Blue,Summer,2012.0,Ethnic,Fabindia Women Navy Blue Kurta,index
9334,9334.jpg,F:\CEI\Celebal_Excellence_Internship\fashion-visual-search\data\subset\images\9334.jpg,Women,Apparel,Topwear,Tops,Black,Fall,2011.0,Casual,Puma Women Heroes Graphic Black Tops,index
12774,12774.jpg,F:\CEI\Celebal_Excellence_Internship\fashion-visual-search\data\subset\images\12774.jpg,Women,Apparel,Topwear,Kurtas,Green,Fall,2011.0,Ethnic,Mother Earth Women 2Tone Mangalgiri Green Kurtas,index
21171,21171.jpg,F:\CEI\Celebal_Excellence_Internship\fashion-visual-search\data\subset\images\21171.jpg,Women,Apparel,Topwear,Tops,Black,Fall,2011.0,Casual,s.Oliver Women Solid Black Top,index
44762,44762.jpg,F:\CEI\Celebal_Excellence_Internship\fashion-visual-search\data\subset\images\44762.jpg,Men,Footwear,Shoes,Sports Shoes,Black,Summer,2012.0,Sports,Globalite Men Black Startech Shoes,index
47351,47351.jpg,F:\CEI\Celebal_Excellence_Internship\fashion-visual-search\data\subset\images\47351.jpg,Women,Accessories,Bags,Handbags,Black,Summer,2012.0,Casual,Baggit Women Black Bag,index
5122,5122.jpg,F:\CEI\Celebal_Excellence_Internship\fashion-visual-search\data\subset\images\5122.jpg,Women,Apparel,Topwear,Tshirts,Peach,Summer,2011.0,Casual,Wrangler Women's Striped Peach T-shirt,index
18245,18245.jpg,F:\CEI\Celebal_Excellence_Internship\fashion-visual-search\data\subset\images\18245.jpg,Men,Apparel,Topwear,Tshirts,White,Fall,2011.0,Casual,Manchester United Men Printed White Tshirt,index
39969,39969.jpg,F:\CEI\Celebal_Excellence_Internship\fashion-visual-search\data\subset\images\39969.jpg,Men,Footwear,Shoes,Casual Shoes,Grey,Spring,2013.0,Casual,GAS Men Grey Cutback Casual Shoes,index
34374,34374.jpg,F:\CEI\Celebal_Excellence_Internship\fashion-visual-search\data\subset\images\34374.jpg,Men,Apparel,Topwear,Tshirts,Orange,Summer,2012.0,Casual,Myntra Men Orange Burps T-shirt,index
9618,9618.jpg,F:\CEI\Celebal_Excellence_Internship\fashion-visual-search\data\subset\images\9618.jpg,Men,Apparel,Topwear,Shirts,Blue,Fall,2011.0,Casual,Indigo Nation Men Checks Blue Shirts,index
34848,34848.jpg,F:\CEI\Celebal_Excellence_Internship\fashion-visual-search\data\subset\images\34848.jpg,Men,Footwear,Shoes,Sports Shoes,Black,Summer,2012.0,Sports,ADIDAS Men Trx HG Black Sports Shoes,index
49650,49650.jpg,F:\CEI\Celebal_Excellence_Internship\fashion-visual-search\data\subset\images\49650.jpg,Women,Apparel,Topwear,Tops,Yellow,Summer,2012.0,Casual,Mineral Women Yellow Top,index
29169,29169.jpg,F:\CEI\Celebal_Excellence_Internship\fashion-visual-search\data\subset\images\29169.jpg,Women,Apparel,Topwear,Tops,Blue,Summer,2012.0,Casual,United Colors of Benetton Women Blue Top,index
56678,56678.jpg,F:\CEI\Celebal_Excellence_Internship\fashion-visual-search\data\subset\images\56678.jpg,Men,Accessories,Watches,Watches,Black,Winter,2016.0,Casual,Maxima Men Black Dial Watch,index
9413,9413.jpg,F:\CEI\Celebal_Excellence_Internship\fashion-visual-search\data\subset\images\9413.jpg,Unisex,Accessories,Eyewear,Sunglasses,Green,Winter,2016.0,Casual,Fastrack Unisex Campus Green Sunglasses,index
11381,11381.jpg,F:\CEI\Celebal_Excellence_Internship\fashion-visual-search\data\subset\images\11381.jpg,Women,Apparel,Topwear,Tops,Multi,Fall,2011.0,Casual,United Colors of Benetton Women Multi Coloured Top,index
28401,28401.jpg,F:\CEI\Celebal_Excellence_Internship\fashion-visual-search\data\subset\images\28401.jpg,Women,Accessories,Eyewear,Sunglasses,Black,Winter,2016.0,Casual,Idee Women Black Sunglasses,index
49679,49679.jpg,F:\CEI\Celebal_Excellence_Internship\fashion-visual-search\data\subset\images\49679.jpg,Men,Accessories,Eyewear,Sunglasses,Bronze,Winter,2016.0,Casual,United Colors of Benetton Men Sunglass,index
41996,41996.jpg,F:\CEI\Celebal_Excellence_Internship\fashion-visual-search\data\subset\images\41996.jpg,Girls,Apparel,Dress,Dresses,Black,Summer,2012.0,Casual,Gini and Jony Girls Roseatte Black Dress,index
11911,11911.jpg,F:\CEI\Celebal_Excellence_Internship\fashion-visual-search\data\subset\images\11911.jpg,Men,Footwear,Sandal,Sandals,Black,Summer,2011.0,Formal,Franco Leone Men Casual Black Sandals,index
13915,13915.jpg,F:\CEI\Celebal_Excellence_Internship\fashion-visual-search\data\subset\images\13915.jpg,Men,Footwear,Shoes,Sports Shoes,White,Fall,2011.0,Sports,Nike Men 2.04 SL White Sports Shoes,index
33647,33647.jpg,F:\CEI\Celebal_Excellence_Internship\fashion-visual-search\data\subset\images\33647.jpg,Men,Footwear,Sandal,Sandals,Black,Summer,2012.0,Casual,Lotto Men Ridge Black Sandals,index
10228,10228.jpg,F:\CEI\Celebal_Excellence_Internship\fashion-visual-search\data\subset\images\10228.jpg,Women,Accessories,Bags,Handbags,Green,Winter,2015.0,Casual,Murcia Women SLB Bag Green Handbags,index
12387,12387.jpg,F:\CEI\Celebal_Excellence_Internship\fashion-visual-search\data\subset\images\12387.jpg,Men,Apparel,Topwear,Shirts,Orange,Fall,2011.0,Formal,Reid & Taylor Men Stripes Orange Shirts,index
44894,44894.jpg,F:\CEI\Celebal_Excellence_Internship\fashion-visual-search\data\subset\images\44894.jpg,Men,Apparel,Topwear,Tshirts,Red,Summer,2012.0,Casual,Puma Men Red T-shirts,index
4526,4526.jpg,F:\CEI\Celebal_Excellence_Internship\fashion-visual-search\data\subset\images\4526.jpg,Men,Footwear,Shoes,Sports Shoes,Black,Summer,2011.0,Sports,Puma Men's Tergament Black Beige Silver Shoe,index
17327,17327.jpg,F:\CEI\Celebal_Excellence_Internship\fashion-visual-search\data\subset\images\17327.jpg,Women,Accessories,Eyewear,Sunglasses,Brown,Winter,2016.0,Casual,Pepe Jeans Women Casual Sunglasses,index
34063,34063.jpg,F:\CEI\Celebal_Excellence_Internship\fashion-visual-search\data\subset\images\34063.jpg,Girls,Apparel,Dress,Dresses,Pink,Summer,2012.0,Casual,Gini and Jony Girls Printed Pink Dress,index
11369,11369.jpg,F:\CEI\Celebal_Excellence_Internship\fashion-visual-search\data\subset\images\11369.jpg,Women,Apparel,Topwear,Tops,Pink,Fall,2011.0,Casual,United Colors Of Benetton Women Light Winter Pink Tops,index
3343,3343.jpg,F:\CEI\Celebal_Excellence_Internship\fashion-visual-search\data\subset\images\3343.jpg,Men,Apparel,Topwear,Tshirts,Yellow,Summer,2011.0,Casual,Myntra Executive Light Yellow T-shirt,index
33655,33655.jpg,F:\CEI\Celebal_Excellence_Internship\fashion-visual-search\data\subset\images\33655.jpg,Men,Footwear,Sandal,Sandals,Black,Summer,2012.0,Casual,Lotto Men Red Zeus Sandals,index
22001,22001.jpg,F:\CEI\Celebal_Excellence_Internship\fashion-visual-search\data\subset\images\22001.jpg,Women,Accessories,Bags,Handbags,Green,Winter,2015.0,Casual,Murcia Women Casual Green Handbag,index
7409,7409.jpg,F:\CEI\Celebal_Excellence_Internship\fashion-visual-search\data\subset\images\7409.jpg,Women,Apparel,Topwear,Kurtas,Pink,Summer,2011.0,Ethnic,W Women Round Neck Short Sleeve Pink Kurta,index
27226,27226.jpg,F:\CEI\Celebal_Excellence_Internship\fashion-visual-search\data\subset\images\27226.jpg,Women,Apparel,Dress,Dresses,Pink,Summer,2012.0,Casual,Doodle Kids Girl Printed Pink Dress,index
24712,24712.jpg,F:\CEI\Celebal_Excellence_Internship\fashion-visual-search\data\subset\images\24712.jpg,Men,Footwear,Shoes,Casual Shoes,Black,Fall,2011.0,Casual,Puma Men Mid Bas Black Casual Shoes,index
11404,11404.jpg,F:\CEI\Celebal_Excellence_Internship\fashion-visual-search\data\subset\images\11404.jpg,Men,Apparel,Topwear,Shirts,Black,Fall,2011.0,Casual,United Colors of Benetton Men Solid Black Shirts,index
21118,21118.jpg,F:\CEI\Celebal_Excellence_Internship\fashion-visual-search\data\subset\images\21118.jpg,Men,Apparel,Topwear,Shirts,Olive,Fall,2011.0,Casual,s.Oliver Men Check Olive Shirt,index
3833,3833.jpg,F:\CEI\Celebal_Excellence_Internship\fashion-visual-search\data\subset\images\3833.jpg,Unisex,Footwear,Sandal,Sandals,Pink,Summer,2011.0,Casual,Crocs Kid's Electro Flip Bubblegum Fuchsia Pink Kidswear,index
4648,4648.jpg,F:\CEI\Celebal_Excellence_Internship\fashion-visual-search\data\subset\images\4648.jpg,Men,Footwear,Sandal,Sandals,Brown,Summer,2011.0,Casual,ADIDAS Men Neo Feather Brown Sandal,index
51537,51537.jpg,F:\CEI\Celebal_Excellence_Internship\fashion-visual-search\data\subset\images\51537.jpg,Women,Accessories,Watches,Watches,Silver,Winter,2016.0,Casual,Fastrack Women Silver-Toned Dial Watch 9827pp06,index
5900,5900.jpg,F:\CEI\Celebal_Excellence_Internship\fashion-visual-search\data\subset\images\5900.jpg,Men,Footwear,Shoes,Casual Shoes,Grey,Summer,2011.0,Casual,Puma Men's Basket Team Mesh Grey Shoe,index
28413,28413.jpg,F:\CEI\Celebal_Excellence_Internship\fashion-visual-search\data\subset\images\28413.jpg,Men,Accessories,Eyewear,Sunglasses,Metallic,Winter,2016.0,Casual,Idee Men Metallic Sunglasses,index
5780,5780.jpg,F:\CEI\Celebal_Excellence_Internship\fashion-visual-search\data\subset\images\5780.jpg,Women,Apparel,Topwear,Tops,Purple,Summer,2011.0,Casual,Jealous 21 Women. Graphic Purple Top,index
7324,7324.jpg,F:\CEI\Celebal_Excellence_Internship\fashion-visual-search\data\subset\images\7324.jpg,Men,Footwear,Sandal,Sandals,Brown,Summer,2013.0,Casual,Red Tape Men Brown Floater,index
9134,9134.jpg,F:\CEI\Celebal_Excellence_Internship\fashion-visual-search\data\subset\images\9134.jpg,Men,Footwear,Shoes,Sports Shoes,Black,Summer,2011.0,Sports,Puma Men Iknois 2XT Black Sports Shoes,index
39234,39234.jpg,F:\CEI\Celebal_Excellence_Internship\fashion-visual-search\data\subset\images\39234.jpg,Women,Apparel,Dress,Dresses,White,Summer,2012.0,Casual,Femella Women White Panel Princess Dress,index
9482,9482.jpg,F:\CEI\Celebal_Excellence_Internship\fashion-visual-search\data\subset\images\9482.jpg,Men,Apparel,Topwear,Shirts,Black,Fall,2011.0,Formal,John Miller Men Black white small check Shirts,index
31301,31301.jpg,F:\CEI\Celebal_Excellence_Internship\fashion-visual-search\data\subset\images\31301.jpg,Men,Apparel,Topwear,Shirts,Blue,Summer,2012.0,Formal,John Miller Men Striped Blue Shirt,index
21165,21165.jpg,F:\CEI\Celebal_Excellence_Internship\fashion-visual-search\data\subset\images\21165.jpg,Women,Apparel,Topwear,Tops,Navy Blue,Fall,2011.0,Casual,s.Oliver Women Layered Navy Blue Top,index
57036,57036.jpg,F:\CEI\Celebal_Excellence_Internship\fashion-visual-search\data\subset\images\57036.jpg,Women,Apparel,Dress,Dresses,Black,Summer,2012.0,Casual,Forever New Women Printed Black Dress,index
51671,51671.jpg,F:\CEI\Celebal_Excellence_Internship\fashion-visual-search\data\subset\images\51671.jpg,Men,Accessories,Eyewear,Sunglasses,Silver,Winter,2016.0,Casual,Louis Philippe Men Black Sunglasses,index
21340,21340.jpg,F:\CEI\Celebal_Excellence_Internship\fashion-visual-search\data\subset\images\21340.jpg,Men,Accessories,Eyewear,Sunglasses,Copper,Winter,2016.0,Casual,Pal Zileri Men Casual Copper Frame Sunglasses,index
22111,22111.jpg,F:\CEI\Celebal_Excellence_Internship\fashion-visual-search\data\subset\images\22111.jpg,Men,Footwear,Shoes,Sports Shoes,White,Fall,2011.0,Sports,Reebok Men Active  White Sports Shoes,index
22711,22711.jpg,F:\CEI\Celebal_Excellence_Internship\fashion-visual-search\data\subset\images\22711.jpg,Men,Footwear,Shoes,Sports Shoes,Grey,Fall,2011.0,Sports,Nike Men Lunarfly+2 Grey Sports Shoes,index
12066,12066.jpg,F:\CEI\Celebal_Excellence_Internship\fashion-visual-search\data\subset\images\12066.jpg,Women,Apparel,Topwear,Kurtas,Black,Fall,2011.0,Ethnic,W Women Printed Black Kurtas,index
41455,41455.jpg,F:\CEI\Celebal_Excellence_Internship\fashion-visual-search\data\subset\images\41455.jpg,Men,Footwear,Sandal,Sandals,Grey,Summer,2012.0,Casual,Lee Cooper Men Grey Sandals,index
25504,25504.jpg,F:\CEI\Celebal_Excellence_Internship\fashion-visual-search\data\subset\images\25504.jpg,Boys,Apparel,Topwear,Tshirts,Blue,Fall,2011.0,Casual,Doodle Kids Boys Soccer Blue T-Shirt,index
15857,15857.jpg,F:\CEI\Celebal_Excellence_Internship\fashion-visual-search\data\subset\images\15857.jpg,Unisex,Footwear,Sandal,Sandals,Blue,Spring,2013.0,Casual,Warner Bros Kids Unisex LT Blug Clog Blue Sandals,index
9442,9442.jpg,F:\CEI\Celebal_Excellence_Internship\fashion-visual-search\data\subset\images\9442.jpg,Women,Accessories,Bags,Handbags,Red,Fall,2011.0,Casual,Nike Women Graphic Play Red Bag,index
12884,12884.jpg,F:\CEI\Celebal_Excellence_Internship\fashion-visual-search\data\subset\images\12884.jpg,Men,Apparel,Topwear,Tshirts,Grey,Fall,2011.0,Casual,Spykar Men Helmet Grey T-Shirts,index
17434,17434.jpg,F:\CEI\Celebal_Excellence_Internship\fashion-visual-search\data\subset\images\17434.jpg,Women,Accessories,Watches,Watches,Pink,Winter,2016.0,Casual,CASIO Sheen Women Pink Dial Chronograph Watch SX005 SHN-5015L-4ADR,index
43234,43234.jpg,F:\CEI\Celebal_Excellence_Internship\fashion-visual-search\data\subset\images\43234.jpg,Men,Footwear,Shoes,Sports Shoes,White,Summer,2012.0,Sports,Reebok Men White Athlete Sports Shoes,index
17669,17669.jpg,F:\CEI\Celebal_Excellence_Internship\fashion-visual-search\data\subset\images\17669.jpg,Women,Footwear,Shoes,Casual Shoes,Blue,Winter,2015.0,Casual,Catwalk Women Closed Blue Casual Shoe,index
59973,59973.jpg,F:\CEI\Celebal_Excellence_Internship\fashion-visual-search\data\subset\images\59973.jpg,Women,Apparel,Dress,Dresses,Navy Blue,Fall,2012.0,Casual,Avirate Women Navy Blue Dress,index
21115,21115.jpg,F:\CEI\Celebal_Excellence_Internship\fashion-visual-search\data\subset\images\21115.jpg,Women,Apparel,Topwear,Tops,Lavender,Fall,2011.0,Casual,s.Oliver Women Solid Lavender Top,index
17043,17043.jpg,F:\CEI\Celebal_Excellence_Internship\fashion-visual-search\data\subset\images\17043.jpg,Men,Footwear,Shoes,Casual Shoes,Black,Summer,2013.0,Casual,Gas Men Skate 003 Casual Shoe,index
23237,23237.jpg,F:\CEI\Celebal_Excellence_Internship\fashion-visual-search\data\subset\images\23237.jpg,Women,Apparel,Topwear,Kurtas,Blue,Fall,2011.0,Ethnic,Aneri Women Jhilmil Blue Kurta,index
39593,39593.jpg,F:\CEI\Celebal_Excellence_Internship\fashion-visual-search\data\subset\images\39593.jpg,Women,Footwear,Shoes,Casual Shoes,White,Winter,2015.0,Casual,Catwalk Women White Shoes,index
14908,14908.jpg,F:\CEI\Celebal_Excellence_Internship\fashion-visual-search\data\subset\images\14908.jpg,Women,Accessories,Eyewear,Sunglasses,Blue,Winter,2016.0,Casual,United Colors of Benetton Women Funky Blue Sunglasses,index
36688,36688.jpg,F:\CEI\Celebal_Excellence_Internship\fashion-visual-search\data\subset\images\36688.jpg,Men,Footwear,Sandal,Sandals,Grey,Winter,2012.0,Casual,Spalding Men Grey Sports Sandals,index
35643,35643.jpg,F:\CEI\Celebal_Excellence_Internship\fashion-visual-search\data\subset\images\35643.jpg,Men,Footwear,Sandal,Sandals,Brown,Summer,2012.0,Casual,U.S. Polo Assn. Men Brown Sandals,index
38848,38848.jpg,F:\CEI\Celebal_Excellence_Internship\fashion-visual-search\data\subset\images\38848.jpg,Women,Apparel,Topwear,Tops,Grey,Summer,2012.0,Casual,Latin Quarters Women Grey Top,index
43487,43487.jpg,F:\CEI\Celebal_Excellence_Internship\fashion-visual-search\data\subset\images\43487.jpg,Men,Apparel,Topwear,Shirts,Blue,Summer,2012.0,Casual,French Connection Men Navy Blue Check Shirt,index
7592,7592.jpg,F:\CEI\Celebal_Excellence_Internship\fashion-visual-search\data\subset\images\7592.jpg,Men,Footwear,Shoes,Sports Shoes,Blue,Summer,2011.0,Sports,Nike Men's Dunk Low Blue Shoe,index
17218,17218.jpg,F:\CEI\Celebal_Excellence_Internship\fashion-visual-search\data\subset\images\17218.jpg,Men,Accessories,Eyewear,Sunglasses,Black,Winter,2016.0,Casual,United Colors of Benetton Men Funky Eyewear Black Sunglasses,index
14627,14627.jpg,F:\CEI\Celebal_Excellence_Internship\fashion-visual-search\data\subset\images\14627.jpg,Women,Apparel,Topwear,Tops,Grey,Fall,2011.0,Casual,United Colors of Benetton Women Solid Grey Tops,index
43204,43204.jpg,F:\CEI\Celebal_Excellence_Internship\fashion-visual-search\data\subset\images\43204.jpg,Men,Accessories,Watches,Watches,Black,Winter,2016.0,Casual,Fastrack Men Black Dial Watch,index
24625,24625.jpg,F:\CEI\Celebal_Excellence_Internship\fashion-visual-search\data\subset\images\24625.jpg,Women,Accessories,Bags,Handbags,Mustard,Winter,2015.0,Casual,Murcia Women Mustard Handbag,index
57529,57529.jpg,F:\CEI\Celebal_Excellence_Internship\fashion-visual-search\data\subset\images\57529.jpg,Men,Footwear,Shoes,Casual Shoes,Brown,Fall,2012.0,Casual,Provogue Men Brown Casual Shoes,index
22759,22759.jpg,F:\CEI\Celebal_Excellence_Internship\fashion-visual-search\data\subset\images\22759.jpg,Women,Apparel,Topwear,Kurtas,White,Fall,2011.0,Ethnic,BIBA Women Printed White Kurta,index
36475,36475.jpg,F:\CEI\Celebal_Excellence_Internship\fashion-visual-search\data\subset\images\36475.jpg,Women,Apparel,Topwear,Kurtas,Purple,Summer,2012.0,Ethnic,Aurelia Women Dobby Purple Kurta,index
38030,38030.jpg,F:\CEI\Celebal_Excellence_Internship\fashion-visual-search\data\subset\images\38030.jpg,Women,Accessories,Watches,Watches,Pink,Winter,2016.0,Casual,Q&Q Women Pink Watch,index
53609,53609.jpg,F:\CEI\Celebal_Excellence_Internship\fashion-visual-search\data\subset\images\53609.jpg,Men,Accessories,Watches,Watches,Black,Winter,2016.0,Casual,Q&Q Men Black Digital Watch M051J007Y,index
4343,4343.jpg,F:\CEI\Celebal_Excellence_Internship\fashion-visual-search\data\subset\images\4343.jpg,Men,Footwear,Shoes,Casual Shoes,Red,Summer,2011.0,Casual,Fila Men Leonard Red Shoes,index
31293,31293.jpg,F:\CEI\Celebal_Excellence_Internship\fashion-visual-search\data\subset\images\31293.jpg,Women,Apparel,Topwear,Tops,Green,Summer,2012.0,Casual,Puma Women Script Green Top,index
21358,21358.jpg,F:\CEI\Celebal_Excellence_Internship\fashion-visual-search\data\subset\images\21358.jpg,Women,Accessories,Eyewear,Sunglasses,Brown,Winter,2016.0,Casual,Van Heusen Women Casual Sunglasses,index
51488,51488.jpg,F:\CEI\Celebal_Excellence_Internship\fashion-visual-search\data\subset\images\51488.jpg,Men,Apparel,Topwear,Shirts,Rust,Summer,2012.0,Casual,Denizen Men Rust & Black Check Shirt,index
39958,39958.jpg,F:\CEI\Celebal_Excellence_Internship\fashion-visual-search\data\subset\images\39958.jpg,Men,Footwear,Sandal,Sandals,Brown,Spring,2013.0,Casual,GAS Men Brown Deeply Sandals,index
57284,57284.jpg,F:\CEI\Celebal_Excellence_Internship\fashion-visual-search\data\subset\images\57284.jpg,Men,Apparel,Topwear,Shirts,Purple,Summer,2012.0,Casual,French Connection Men Purple & Brown Shirt,index
41785,41785.jpg,F:\CEI\Celebal_Excellence_Internship\fashion-visual-search\data\subset\images\41785.jpg,Women,Apparel,Topwear,Tops,Purple,Summer,2012.0,Casual,Remanika Women Purple Top,index
29735,29735.jpg,F:\CEI\Celebal_Excellence_Internship\fashion-visual-search\data\subset\images\29735.jpg,Women,Accessories,Bags,Handbags,Green,Summer,2012.0,Casual,Kiara Women Light Green Handbag,index
14886,14886.jpg,F:\CEI\Celebal_Excellence_Internship\fashion-visual-search\data\subset\images\14886.jpg,Women,Accessories,Bags,Handbags,Black,Summer,2011.0,Casual,United Colors of Benetton Women Solid Black Handbags,index
58690,58690.jpg,F:\CEI\Celebal_Excellence_Internship\fashion-visual-search\data\subset\images\58690.jpg,Women,Apparel,Topwear,Kurtas,Green,Summer,2012.0,Ethnic,ALayna Women Green Kurta,index
28844,28844.jpg,F:\CEI\Celebal_Excellence_Internship\fashion-visual-search\data\subset\images\28844.jpg,Men,Apparel,Topwear,Tshirts,Charcoal,Summer,2012.0,Casual,Proline Men Charcoal T-shirt,index
54066,54066.jpg,F:\CEI\Celebal_Excellence_Internship\fashion-visual-search\data\subset\images\54066.jpg,Men,Footwear,Shoes,Casual Shoes,Olive,Summer,2012.0,Casual,ADIDAS Men Olive Shoes,index
43545,43545.jpg,F:\CEI\Celebal_Excellence_Internship\fashion-visual-search\data\subset\images\43545.jpg,Men,Footwear,Sandal,Sandals,Brown,Summer,2012.0,Casual,Woodland Men Brown Sandals,index
2495,2495.jpg,F:\CEI\Celebal_Excellence_Internship\fashion-visual-search\data\subset\images\2495.jpg,Men,Footwear,Shoes,Casual Shoes,Black,Fall,2010.0,Casual,Numero Uno Men's Casual White Black Stripe Shoe,index
35558,35558.jpg,F:\CEI\Celebal_Excellence_Internship\fashion-visual-search\data\subset\images\35558.jpg,Girls,Footwear,Sandal,Sandals,Silver,Summer,2012.0,Casual,Enroute Teens Silver Sandals,index
59382,59382.jpg,F:\CEI\Celebal_Excellence_Internship\fashion-visual-search\data\subset\images\59382.jpg,Women,Apparel,Topwear,Kurtas,Blue,Summer,2012.0,Ethnic,Vishudh Women Blue Printed Kurta,index
35588,35588.jpg,F:\CEI\Celebal_Excellence_Internship\fashion-visual-search\data\subset\images\35588.jpg,Men,Footwear,Sandal,Sandals,Black,Fall,2012.0,Casual,Gliders Men Black Sandals,index
16081,16081.jpg,F:\CEI\Celebal_Excellence_Internship\fashion-visual-search\data\subset\images\16081.jpg,Women,Accessories,Eyewear,Sunglasses,Black,Winter,2016.0,Casual,Mayhem Women Gradient Sunglasses MAYS-9003-202,index
7600,7600.jpg,F:\CEI\Celebal_Excellence_Internship\fashion-visual-search\data\subset\images\7600.jpg,Women,Footwear,Shoes,Sports Shoes,White,Summer,2011.0,Sports,Nike Women's City Cou White Shoe,index
23196,23196.jpg,F:\CEI\Celebal_Excellence_Internship\fashion-visual-search\data\subset\images\23196.jpg,Men,Apparel,Topwear,Shirts,Green,Fall,2011.0,Casual,Highlander Men Green Check Shirt,index
50323,50323.jpg,F:\CEI\Celebal_Excellence_Internship\fashion-visual-search\data\subset\images\50323.jpg,Women,Apparel,Topwear,Kurtas,Red,Summer,2012.0,Ethnic,Aurelia Women Red Kurta,index
6643,6643.jpg,F:\CEI\Celebal_Excellence_Internship\fashion-visual-search\data\subset\images\6643.jpg,Women,Footwear,Shoes,Sports Shoes,Pink,Summer,2011.0,Sports,Nike Women's Transform III IN Black Pink Shoe,index
7743,7743.jpg,F:\CEI\Celebal_Excellence_Internship\fashion-visual-search\data\subset\images\7743.jpg,Men,Apparel,Topwear,Tshirts,Red,Fall,2011.0,Casual,Indigo Nation Men Red Polo T-shirt,index
17747,17747.jpg,F:\CEI\Celebal_Excellence_Internship\fashion-visual-search\data\subset\images\17747.jpg,Men,Footwear,Shoes,Casual Shoes,Black,Fall,2011.0,Casual,Puma Men Track Cat Black Casual Shoe,index
37955,37955.jpg,F:\CEI\Celebal_Excellence_Internship\fashion-visual-search\data\subset\images\37955.jpg,Women,Accessories,Bags,Handbags,Black,Summer,2012.0,Casual,Yelloe Women Fur Black Handbag,index
23864,23864.jpg,F:\CEI\Celebal_Excellence_Internship\fashion-visual-search\data\subset\images\23864.jpg,Men,Footwear,Shoes,Sports Shoes,White,Summer,2011.0,Sports,ADIDAS Men White Ambition Sports Shoes,index
47343,47343.jpg,F:\CEI\Celebal_Excellence_Internship\fashion-visual-search\data\subset\images\47343.jpg,Women,Accessories,Bags,Handbags,Tan,Summer,2012.0,Casual,Baggit Women Brown Handbag,index
59874,59874.jpg,F:\CEI\Celebal_Excellence_Internship\fashion-visual-search\data\subset\images\59874.jpg,Women,Apparel,Topwear,Shirts,Green,Fall,2012.0,Casual,Femella Women Green Check Shirt,index
9203,9203.jpg,F:\CEI\Celebal_Excellence_Internship\fashion-visual-search\data\subset\images\9203.jpg,Men,Footwear,Shoes,Sports Shoes,Black,Fall,2011.0,Sports,Puma Men Axis XT Black Shoes,index
34088,34088.jpg,F:\CEI\Celebal_Excellence_Internship\fashion-visual-search\data\subset\images\34088.jpg,Men,Footwear,Shoes,Casual Shoes,White,Summer,2012.0,Casual,Numero Uno Men White Shoes,index
39165,39165.jpg,F:\CEI\Celebal_Excellence_Internship\fashion-visual-search\data\subset\images\39165.jpg,Women,Apparel,Topwear,Kurtas,Blue,Summer,2012.0,Ethnic,Aneri Women Blue Printed Kurta,index
54676,54676.jpg,F:\CEI\Celebal_Excellence_Internship\fashion-visual-search\data\subset\images\54676.jpg,Women,Accessories,Watches,Watches,Black,Winter,2016.0,Casual,Fastrack Women Black Dial  Watch NB9735NL01,index
5975,5975.jpg,F:\CEI\Celebal_Excellence_Internship\fashion-visual-search\data\subset\images\5975.jpg,Men,Apparel,Topwear,Shirts,Black,Summer,2011.0,Casual,Locomotive Men Black Maroon Purple Stripe Shirt,index
38235,38235.jpg,F:\CEI\Celebal_Excellence_Internship\fashion-visual-search\data\subset\images\38235.jpg,Unisex,Accessories,Eyewear,Sunglasses,Brown,Winter,2016.0,Casual,Polaroid Unisex Sunglasses,index
53601,53601.jpg,F:\CEI\Celebal_Excellence_Internship\fashion-visual-search\data\subset\images\53601.jpg,Men,Accessories,Watches,Watches,Black,Winter,2016.0,Casual,Q&Q Men Black Digital Watch M075J002Y,index
5582,5582.jpg,F:\CEI\Celebal_Excellence_Internship\fashion-visual-search\data\subset\images\5582.jpg,Men,Footwear,Shoes,Sports Shoes,White,Summer,2011.0,Sports,Nike Men's Main Draw White Red Shoe,index
23913,23913.jpg,F:\CEI\Celebal_Excellence_Internship\fashion-visual-search\data\subset\images\23913.jpg,Men,Footwear,Shoes,Casual Shoes,Black,Winter,2015.0,Casual,Fila Men Cicadeo Black Casual Shoes,index
8729,8729.jpg,F:\CEI\Celebal_Excellence_Internship\fashion-visual-search\data\subset\images\8729.jpg,Men,Apparel,Topwear,Shirts,Green,Fall,2011.0,Casual,Indigo Nation Men Checks Blue Shirt,index
25338,25338.jpg,F:\CEI\Celebal_Excellence_Internship\fashion-visual-search\data\subset\images\25338.jpg,Women,Accessories,Watches,Watches,Red,Winter,2016.0,Casual,CASIO Sheen Women Red Dial Chronograph Watch SX029 SHE-5017L-4ADF,index
31611,31611.jpg,F:\CEI\Celebal_Excellence_Internship\fashion-visual-search\data\subset\images\31611.jpg,Men,Apparel,Topwear,Shirts,Blue,Summer,2012.0,Formal,Indigo Nation Men Striped Blue Shirt,index
53840,53840.jpg,F:\CEI\Celebal_Excellence_Internship\fashion-visual-search\data\subset\images\53840.jpg,Women,Apparel,Topwear,Kurtas,Purple,Summer,2012.0,Ethnic,Vishudh Women Purple Kurta,index
18256,18256.jpg,F:\CEI\Celebal_Excellence_Internship\fashion-visual-search\data\subset\images\18256.jpg,Women,Apparel,Topwear,Kurtas,Multi,Fall,2011.0,Ethnic,Aneri Women Anrtara Multi Kurta,index
15296,15296.jpg,F:\CEI\Celebal_Excellence_Internship\fashion-visual-search\data\subset\images\15296.jpg,Unisex,Accessories,Bags,Handbags,Black,Fall,2011.0,Casual,ADIDAS Originals Unisex Spo Shoulderbag Black,index
26557,26557.jpg,F:\CEI\Celebal_Excellence_Internship\fashion-visual-search\data\subset\images\26557.jpg,Men,Footwear,Sandal,Sandals,Brown,Fall,2012.0,Casual,Lee Cooper Men Brown Sandals,index
23216,23216.jpg,F:\CEI\Celebal_Excellence_Internship\fashion-visual-search\data\subset\images\23216.jpg,Women,Apparel,Topwear,Kurtas,Blue,Fall,2011.0,Ethnic,Aneri Women Blue Julie Kurta,index
50698,50698.jpg,F:\CEI\Celebal_Excellence_Internship\fashion-visual-search\data\subset\images\50698.jpg,Women,Apparel,Dress,Dresses,Purple,Summer,2012.0,Casual,Latin Quarters Women Purple Dress,index
5614,5614.jpg,F:\CEI\Celebal_Excellence_Internship\fashion-visual-search\data\subset\images\5614.jpg,Men,Footwear,Sandal,Sandals,Brown,Summer,2011.0,Casual,ADIDAS Men Henrio Brown Floater,index
43001,43001.jpg,F:\CEI\Celebal_Excellence_Internship\fashion-visual-search\data\subset\images\43001.jpg,Men,Footwear,Shoes,Sports Shoes,White,Summer,2012.0,Sports,Nike Men White Lunarswift Sports Shoes,index
33209,33209.jpg,F:\CEI\Celebal_Excellence_Internship\fashion-visual-search\data\subset\images\33209.jpg,Women,Apparel,Dress,Dresses,White,Summer,2012.0,Casual,Sepia Women Printed White Dress,index
4205,4205.jpg,F:\CEI\Celebal_Excellence_Internship\fashion-visual-search\data\subset\images\4205.jpg,Boys,Apparel,Topwear,Tshirts,Red,Summer,2011.0,Casual,Disney Kids Boy's Red Mickey Since 1928 Tee Kidswear,index
22718,22718.jpg,F:\CEI\Celebal_Excellence_Internship\fashion-visual-search\data\subset\images\22718.jpg,Men,Footwear,Shoes,Sports Shoes,Black,Fall,2011.0,Sports,Nike Men Dart 9 MSL Black Sports Shoes,index
25261,25261.jpg,F:\CEI\Celebal_Excellence_Internship\fashion-visual-search\data\subset\images\25261.jpg,Women,Accessories,Bags,Handbags,Beige,Summer,2012.0,Casual,Lino Perros Women Canvas Beige Handbag,index
34038,34038.jpg,F:\CEI\Celebal_Excellence_Internship\fashion-visual-search\data\subset\images\34038.jpg,Boys,Apparel,Topwear,Shirts,Red,Summer,2012.0,Casual,Gini and Jony Boys Check Red Shirt,index
40549,40549.jpg,F:\CEI\Celebal_Excellence_Internship\fashion-visual-search\data\subset\images\40549.jpg,Women,Accessories,Watches,Watches,Black,Winter,2016.0,Casual,Titan Women Black Watch,index
14896,14896.jpg,F:\CEI\Celebal_Excellence_Internship\fashion-visual-search\data\subset\images\14896.jpg,Women,Accessories,Bags,Handbags,Black,Summer,2011.0,Casual,United Colors of Benetton Women Solid Black Handbags,index
44544,44544.jpg,F:\CEI\Celebal_Excellence_Internship\fashion-visual-search\data\subset\images\44544.jpg,Men,Footwear,Sandal,Sandals,Black,Summer,2012.0,Casual,Coolers Men Black Sandals,index
28941,28941.jpg,F:\CEI\Celebal_Excellence_Internship\fashion-visual-search\data\subset\images\28941.jpg,Women,Apparel,Topwear,Kurtas,Green,Summer,2012.0,Ethnic,BIBA Women Ethnic Green Kurta,index
16034,16034.jpg,F:\CEI\Celebal_Excellence_Internship\fashion-visual-search\data\subset\images\16034.jpg,Men,Apparel,Topwear,Shirts,White,Fall,2011.0,Casual,Highlander Men Stripes White Shirt,index
13060,13060.jpg,F:\CEI\Celebal_Excellence_Internship\fashion-visual-search\data\subset\images\13060.jpg,Men,Accessories,Watches,Watches,Steel,Winter,2016.0,Casual,Fastrack Men Square Dial Steel Watches,index
5321,5321.jpg,F:\CEI\Celebal_Excellence_Internship\fashion-visual-search\data\subset\images\5321.jpg,Men,Footwear,Shoes,Casual Shoes,Red,Summer,2011.0,Casual,Fila Men's Retro Red Casual Shoe,index
35662,35662.jpg,F:\CEI\Celebal_Excellence_Internship\fashion-visual-search\data\subset\images\35662.jpg,Men,Footwear,Sandal,Sandals,Black,Summer,2012.0,Casual,U.S. Polo Assn. Men Black Sandals,index
23037,23037.jpg,F:\CEI\Celebal_Excellence_Internship\fashion-visual-search\data\subset\images\23037.jpg,Men,Apparel,Topwear,Shirts,Black,Fall,2011.0,Formal,Arrow Men Black Striped Shirt,index
40616,40616.jpg,F:\CEI\Celebal_Excellence_Internship\fashion-visual-search\data\subset\images\40616.jpg,Women,Apparel,Topwear,Kurtas,Navy Blue,Summer,2012.0,Ethnic,Span Women Navy Blue Kurta,index
16860,16860.jpg,F:\CEI\Celebal_Excellence_Internship\fashion-visual-search\data\subset\images\16860.jpg,Men,Accessories,Eyewear,Sunglasses,Brown,Winter,2016.0,Casual,Idee Men Funky Eyewear Brown Sunglasses,index
24976,24976.jpg,F:\CEI\Celebal_Excellence_Internship\fashion-visual-search\data\subset\images\24976.jpg,Women,Apparel,Topwear,Tops,Peach,Summer,2012.0,Casual,United Colors of Benetton Women Peach Top,index
54988,54988.jpg,F:\CEI\Celebal_Excellence_Internship\fashion-visual-search\data\subset\images\54988.jpg,Women,Apparel,Topwear,Tops,Pink,Fall,2012.0,Casual,Femella Women Pink Top,index
26914,26914.jpg,F:\CEI\Celebal_Excellence_Internship\fashion-visual-search\data\subset\images\26914.jpg,Women,Apparel,Topwear,Tops,Pink,Summer,2012.0,Casual,Jealous 21 Women Printed Pink Top,index
22052,22052.jpg,F:\CEI\Celebal_Excellence_Internship\fashion-visual-search\data\subset\images\22052.jpg,Women,Apparel,Topwear,Kurtas,Maroon,Fall,2011.0,Ethnic,Vishudh Women Printed Maroon Kurta,index
10771,10771.jpg,F:\CEI\Celebal_Excellence_Internship\fashion-visual-search\data\subset\images\10771.jpg,Girls,Footwear,Shoes,Casual Shoes,Red,Winter,2012.0,Casual,Disney Kids Red Casual Shoes,index
48478,48478.jpg,F:\CEI\Celebal_Excellence_Internship\fashion-visual-search\data\subset\images\48478.jpg,Women,Apparel,Dress,Dresses,Beige,Winter,2011.0,Casual,French Connection Women Beige Dress,index
37503,37503.jpg,F:\CEI\Celebal_Excellence_Internship\fashion-visual-search\data\subset\images\37503.jpg,Men,Accessories,Watches,Watches,Black,Winter,2016.0,Casual,Esprit Men Black Watch,index
12061,12061.jpg,F:\CEI\Celebal_Excellence_Internship\fashion-visual-search\data\subset\images\12061.jpg,Women,Apparel,Topwear,Kurtas,White,Fall,2011.0,Ethnic,W Women Printed White Kurtas,index
43508,43508.jpg,F:\CEI\Celebal_Excellence_Internship\fashion-visual-search\data\subset\images\43508.jpg,Women,Apparel,Dress,Dresses,White,Summer,2012.0,Casual,French Connection Women Navy Blue Striped Dress,index
36901,36901.jpg,F:\CEI\Celebal_Excellence_Internship\fashion-visual-search\data\subset\images\36901.jpg,Men,Accessories,Watches,Watches,Black,Winter,2016.0,Casual,Fossil Men Black Dial Chronograph Watch FS4642,index
46308,46308.jpg,F:\CEI\Celebal_Excellence_Internship\fashion-visual-search\data\subset\images\46308.jpg,Women,Accessories,Watches,Watches,White,Winter,2016.0,Casual,Fossil Women White Dial Watch AM4183,index
49067,49067.jpg,F:\CEI\Celebal_Excellence_Internship\fashion-visual-search\data\subset\images\49067.jpg,Women,Accessories,Bags,Handbags,Olive,Summer,2012.0,Casual,Lino Perros Women Olive Handbag,index
25198,25198.jpg,F:\CEI\Celebal_Excellence_Internship\fashion-visual-search\data\subset\images\25198.jpg,Women,Accessories,Bags,Handbags,Beige,Winter,2015.0,Casual,Lino Perros Women Leatherette Beige Handbag,index
35556,35556.jpg,F:\CEI\Celebal_Excellence_Internship\fashion-visual-search\data\subset\images\35556.jpg,Girls,Footwear,Sandal,Sandals,Multi,Summer,2012.0,Casual,Enroute Teens Multicolored Sandals,index
8344,8344.jpg,F:\CEI\Celebal_Excellence_Internship\fashion-visual-search\data\subset\images\8344.jpg,Men,Footwear,Shoes,Sports Shoes,White,Fall,2011.0,Sports,ADIDAS Men Derby II White Sports Shoes,index
23785,23785.jpg,F:\CEI\Celebal_Excellence_Internship\fashion-visual-search\data\subset\images\23785.jpg,Women,Accessories,Eyewear,Sunglasses,Black,Winter,2016.0,Casual,Oakley Women Black Beckon Sunglasses,index
17213,17213.jpg,F:\CEI\Celebal_Excellence_Internship\fashion-visual-search\data\subset\images\17213.jpg,Women,Accessories,Eyewear,Sunglasses,Purple,Winter,2016.0,Casual,United Colors of Benetton Women Funky Eyewear Purple Sunglasses,index
39823,39823.jpg,F:\CEI\Celebal_Excellence_Internship\fashion-visual-search\data\subset\images\39823.jpg,Men,Footwear,Sandal,Sandals,Brown,Summer,2012.0,Casual,Red Tape Men Brown Sandals,index
47338,47338.jpg,F:\CEI\Celebal_Excellence_Internship\fashion-visual-search\data\subset\images\47338.jpg,Women,Accessories,Bags,Handbags,Orange,Summer,2012.0,Casual,Baggit Women Orange Frankie Eva Handbag,index
34115,34115.jpg,F:\CEI\Celebal_Excellence_Internship\fashion-visual-search\data\subset\images\34115.jpg,Girls,Apparel,Dress,Dresses,Blue,Summer,2012.0,Casual,Doodle Girls Printed Blue Dress,index
20799,20799.jpg,F:\CEI\Celebal_Excellence_Internship\fashion-visual-search\data\subset\images\20799.jpg,Men,Footwear,Shoes,Sports Shoes,White,Fall,2011.0,Sports,Fila Men Zone White Sports Shoes,index
4563,4563.jpg,F:\CEI\Celebal_Excellence_Internship\fashion-visual-search\data\subset\images\4563.jpg,Women,Footwear,Shoes,Sports Shoes,White,Summer,2011.0,Sports,Nike Women Cou White Shoe,index
8519,8519.jpg,F:\CEI\Celebal_Excellence_Internship\fashion-visual-search\data\subset\images\8519.jpg,Women,Accessories,Bags,Handbags,Pink,Summer,2011.0,Casual,Nike Women Nike Pink-Blue tote Pink Bags,index
54019,54019.jpg,F:\CEI\Celebal_Excellence_Internship\fashion-visual-search\data\subset\images\54019.jpg,Women,Accessories,Bags,Handbags,Blue,Summer,2012.0,Casual,Kiara Women Blue Handbag,index
16946,16946.jpg,F:\CEI\Celebal_Excellence_Internship\fashion-visual-search\data\subset\images\16946.jpg,Women,Accessories,Eyewear,Sunglasses,Maroon,Winter,2016.0,Casual,Image Women Classic Eyewear Maroon Sunglasses,index
21485,21485.jpg,F:\CEI\Celebal_Excellence_Internship\fashion-visual-search\data\subset\images\21485.jpg,Women,Accessories,Bags,Handbags,Green,Winter,2015.0,Casual,Kiara Women Buckel Green Handbag,index
36693,36693.jpg,F:\CEI\Celebal_Excellence_Internship\fashion-visual-search\data\subset\images\36693.jpg,Men,Footwear,Sandal,Sandals,Brown,Summer,2012.0,Casual,Spalding Men Brown Sandals,index
49352,49352.jpg,F:\CEI\Celebal_Excellence_Internship\fashion-visual-search\data\subset\images\49352.jpg,Men,Footwear,Shoes,Casual Shoes,Black,Summer,2012.0,Casual,Vans Men Black Larkin Shoes,index
23734,23734.jpg,F:\CEI\Celebal_Excellence_Internship\fashion-visual-search\data\subset\images\23734.jpg,Women,Accessories,Eyewear,Sunglasses,Brown,Winter,2016.0,Casual,Ray-Ban Women High Street Brown Sunglasses,index
22833,22833.jpg,F:\CEI\Celebal_Excellence_Internship\fashion-visual-search\data\subset\images\22833.jpg,Men,Footwear,Shoes,Casual Shoes,Olive,Summer,2016.0,Casual,Woodland Men Olive Green Casual Shoes,index
12471,12471.jpg,F:\CEI\Celebal_Excellence_Internship\fashion-visual-search\data\subset\images\12471.jpg,Men,Apparel,Topwear,Shirts,White,Fall,2011.0,Casual,Basics Men White Slim Fit Shirt,index
43632,43632.jpg,F:\CEI\Celebal_Excellence_Internship\fashion-visual-search\data\subset\images\43632.jpg,Women,Apparel,Dress,Dresses,Black,Summer,2012.0,Casual,Vero Moda Women Black Dress,index
4107,4107.jpg,F:\CEI\Celebal_Excellence_Internship\fashion-visual-search\data\subset\images\4107.jpg,Men,Footwear,Sandal,Sandals,Black,Summer,2012.0,Casual,Fila Men Aruba Black Grey Sandal,index
12311,12311.jpg,F:\CEI\Celebal_Excellence_Internship\fashion-visual-search\data\subset\images\12311.jpg,Men,Apparel,Topwear,Shirts,Blue,Fall,2011.0,Formal,Genesis Men Blue Shirt,index
35696,35696.jpg,F:\CEI\Celebal_Excellence_Internship\fashion-visual-search\data\subset\images\35696.jpg,Men,Footwear,Shoes,Casual Shoes,White,Summer,2012.0,Casual,Nike Men Sweet Classic Leather White Shoes,index
47178,47178.jpg,F:\CEI\Celebal_Excellence_Internship\fashion-visual-search\data\subset\images\47178.jpg,Men,Footwear,Sandal,Sandals,Black,Summer,2012.0,Casual,Ganuchi Men Black Sandals,index
6672,6672.jpg,F:\CEI\Celebal_Excellence_Internship\fashion-visual-search\data\subset\images\6672.jpg,Women,Footwear,Shoes,Casual Shoes,White,Summer,2011.0,Casual,Nike Women Dunk Skinny White Red Shoe,index
1787,1787.jpg,F:\CEI\Celebal_Excellence_Internship\fashion-visual-search\data\subset\images\1787.jpg,Men,Footwear,Shoes,Sports Shoes,White,Fall,2010.0,Sports,Lotto Men Court Logo White-Silver Shoe,index
47373,47373.jpg,F:\CEI\Celebal_Excellence_Internship\fashion-visual-search\data\subset\images\47373.jpg,Women,Accessories,Bags,Handbags,Green,Summer,2012.0,Casual,Baggit Women Green Bag,index
23973,23973.jpg,F:\CEI\Celebal_Excellence_Internship\fashion-visual-search\data\subset\images\23973.jpg,Men,Apparel,Topwear,Tshirts,Purple,Fall,2011.0,Casual,Peter England Men Purple Printed T-shirt,index
17659,17659.jpg,F:\CEI\Celebal_Excellence_Internship\fashion-visual-search\data\subset\images\17659.jpg,Women,Footwear,Shoes,Casual Shoes,Brown,Winter,2015.0,Casual,Catwalk Women Ballerina Brown Casual Shoe,index
34862,34862.jpg,F:\CEI\Celebal_Excellence_Internship\fashion-visual-search\data\subset\images\34862.jpg,Men,Footwear,Shoes,Casual Shoes,Grey,Summer,2012.0,Casual,Vans Men Zapato Del Barco Grey Shoes,index
16098,16098.jpg,F:\CEI\Celebal_Excellence_Internship\fashion-visual-search\data\subset\images\16098.jpg,Women,Accessories,Eyewear,Sunglasses,Black,Winter,2016.0,Casual,M tv Women My Fab Eyewear Black Sunglasses,index
15714,15714.jpg,F:\CEI\Celebal_Excellence_Internship\fashion-visual-search\data\subset\images\15714.jpg,Men,Footwear,Shoes,Sports Shoes,Black,Fall,2011.0,Sports,Nike Men Free Run+ 2 Black Sports Shoes,index
43339,43339.jpg,F:\CEI\Celebal_Excellence_Internship\fashion-visual-search\data\subset\images\43339.jpg,Men,Footwear,Shoes,Sports Shoes,Charcoal,Summer,2010.0,Sports,Reebok Men Charcoal Zigactivate Sports Shoes,index
3082,3082.jpg,F:\CEI\Celebal_Excellence_Internship\fashion-visual-search\data\subset\images\3082.jpg,Men,Apparel,Topwear,Tshirts,Navy Blue,Summer,2011.0,Casual,Probase Men's Cartoon Navy T-shirt,index
4495,4495.jpg,F:\CEI\Celebal_Excellence_Internship\fashion-visual-search\data\subset\images\4495.jpg,Men,Footwear,Shoes,Sports Shoes,Black,Summer,2011.0,Sports,Lotto Men's Fuerzapura Black Yellow Shoe,index
9212,9212.jpg,F:\CEI\Celebal_Excellence_Internship\fashion-visual-search\data\subset\images\9212.jpg,Men,Footwear,Sandal,Sandals,Black,Fall,2011.0,Casual,Puma Men Apex Black Floaters,index
9827,9827.jpg,F:\CEI\Celebal_Excellence_Internship\fashion-visual-search\data\subset\images\9827.jpg,Women,Apparel,Topwear,Tshirts,White,Fall,2011.0,Casual,Little Miss Women Printed White T-shirt,index
4151,4151.jpg,F:\CEI\Celebal_Excellence_Internship\fashion-visual-search\data\subset\images\4151.jpg,Men,Footwear,Shoes,Sports Shoes,Black,Summer,2011.0,Sports,Nike Men's Air Max Black Green Black Shoe,index
17324,17324.jpg,F:\CEI\Celebal_Excellence_Internship\fashion-visual-search\data\subset\images\17324.jpg,Women,Accessories,Eyewear,Sunglasses,Brown,Winter,2016.0,Casual,Pepe Jeans Women Casual Sunglasses,index
48510,48510.jpg,F:\CEI\Celebal_Excellence_Internship\fashion-visual-search\data\subset\images\48510.jpg,Women,Apparel,Topwear,Tops,Beige,Summer,2012.0,Casual,French Connection Women Beige & Blue Striped Top,index
3964,3964.jpg,F:\CEI\Celebal_Excellence_Internship\fashion-visual-search\data\subset\images\3964.jpg,Women,Apparel,Topwear,Tops,Blue,Summer,2011.0,Casual,Jealous 21 Women Blue V Neck Party Top,index
23510,23510.jpg,F:\CEI\Celebal_Excellence_Internship\fashion-visual-search\data\subset\images\23510.jpg,Men,Accessories,Watches,Watches,Black,Winter,2016.0,Casual,ADIDAS Men Black Dial Watch,index
44810,44810.jpg,F:\CEI\Celebal_Excellence_Internship\fashion-visual-search\data\subset\images\44810.jpg,Women,Apparel,Topwear,Tops,Purple,Summer,2012.0,Casual,Spykar Women Purple Top,index
10360,10360.jpg,F:\CEI\Celebal_Excellence_Internship\fashion-visual-search\data\subset\images\10360.jpg,Women,Apparel,Dress,Dresses,Black,Fall,2011.0,Casual,United Colors of Benetton Women Black Dress,index
8075,8075.jpg,F:\CEI\Celebal_Excellence_Internship\fashion-visual-search\data\subset\images\8075.jpg,Men,Footwear,Shoes,Sports Shoes,Black,Fall,2011.0,Sports,ADIDAS Men 3 Series Light Black Sports Shoes,index
39906,39906.jpg,F:\CEI\Celebal_Excellence_Internship\fashion-visual-search\data\subset\images\39906.jpg,Men,Footwear,Shoes,Sports Shoes,White,Summer,2012.0,Sports,ADIDAS Men White Phantom Sports Shoes,index
48474,48474.jpg,F:\CEI\Celebal_Excellence_Internship\fashion-visual-search\data\subset\images\48474.jpg,Women,Apparel,Dress,Dresses,Black,Winter,2011.0,Casual,French Connection Women Black Dress,index
11050,11050.jpg,F:\CEI\Celebal_Excellence_Internship\fashion-visual-search\data\subset\images\11050.jpg,Men,Apparel,Topwear,Shirts,Red,Fall,2011.0,Casual,Scullers Men Check Red Shirts,index
22151,22151.jpg,F:\CEI\Celebal_Excellence_Internship\fashion-visual-search\data\subset\images\22151.jpg,Men,Footwear,Sandal,Sandals,Black,Summer,2011.0,Casual,Lee Cooper Men Black Casual Sandals,index
21934,21934.jpg,F:\CEI\Celebal_Excellence_Internship\fashion-visual-search\data\subset\images\21934.jpg,Women,Accessories,Bags,Handbags,Mustard,Winter,2015.0,Casual,Murcia Women Casual Mustard Handbag,index
17697,17697.jpg,F:\CEI\Celebal_Excellence_Internship\fashion-visual-search\data\subset\images\17697.jpg,Men,Footwear,Shoes,Casual Shoes,Grey,Fall,2011.0,Casual,Vans Men Bali Grey Casual Shoes,index
15983,15983.jpg,F:\CEI\Celebal_Excellence_Internship\fashion-visual-search\data\subset\images\15983.jpg,Men,Apparel,Topwear,Shirts,Burgundy,Fall,2011.0,Casual,Turtle Solid Men  Burgundy Shirt,index
4042,4042.jpg,F:\CEI\Celebal_Excellence_Internship\fashion-visual-search\data\subset\images\4042.jpg,Unisex,Apparel,Topwear,Tshirts,Blue,Summer,2011.0,Sports,Rajasthan Royals Kids Authentic Replica Cricket Jersey,index
4256,4256.jpg,F:\CEI\Celebal_Excellence_Internship\fashion-visual-search\data\subset\images\4256.jpg,Men,Apparel,Topwear,Tshirts,Grey Melange,Summer,2011.0,Casual,Inkfruit Men Grey Melange Printed T-shirt,index
39183,39183.jpg,F:\CEI\Celebal_Excellence_Internship\fashion-visual-search\data\subset\images\39183.jpg,Women,Apparel,Topwear,Kurtas,Multi,Summer,2012.0,Ethnic,Aneri Women Multi Coloured Kurta,index
2218,2218.jpg,F:\CEI\Celebal_Excellence_Internship\fashion-visual-search\data\subset\images\2218.jpg,Men,Footwear,Sandal,Sandals,Black,Fall,2010.0,Casual,Puma Men F1 Black Sandal,index
59944,59944.jpg,F:\CEI\Celebal_Excellence_Internship\fashion-visual-search\data\subset\images\59944.jpg,Men,Footwear,Shoes,Casual Shoes,Cream,Spring,2013.0,Casual,Vans Men Black & Cream Casual Shoes,index
34524,34524.jpg,F:\CEI\Celebal_Excellence_Internship\fashion-visual-search\data\subset\images\34524.jpg,Men,Footwear,Sandal,Sandals,Brown,Summer,2012.0,Casual,Red Tape Men Brown Sandals,index
32299,32299.jpg,F:\CEI\Celebal_Excellence_Internship\fashion-visual-search\data\subset\images\32299.jpg,Men,Accessories,Watches,Watches,White,Winter,2016.0,Casual,Q&Q Men White Dial Watch,index
33179,33179.jpg,F:\CEI\Celebal_Excellence_Internship\fashion-visual-search\data\subset\images\33179.jpg,Women,Apparel,Topwear,Tops,Blue,Summer,2012.0,Casual,Sepia Women Blue Top,index
5574,5574.jpg,F:\CEI\Celebal_Excellence_Internship\fashion-visual-search\data\subset\images\5574.jpg,Men,Footwear,Shoes,Sports Shoes,White,Summer,2011.0,Sports,Nike Men's Tennis Classic White Black Shoe,index
49647,49647.jpg,F:\CEI\Celebal_Excellence_Internship\fashion-visual-search\data\subset\images\49647.jpg,Women,Apparel,Dress,Dresses,Blue,Summer,2012.0,Casual,Mineral Blue & Green Printed Dress,index
18894,18894.jpg,F:\CEI\Celebal_Excellence_Internship\fashion-visual-search\data\subset\images\18894.jpg,Women,Apparel,Dress,Dresses,Black,Fall,2011.0,Casual,Arrow Woman Lida Black Dress,index
49420,49420.jpg,F:\CEI\Celebal_Excellence_Internship\fashion-visual-search\data\subset\images\49420.jpg,Men,Footwear,Shoes,Casual Shoes,Blue,Summer,2012.0,Casual,Vans Men Blue 106 Vulcanized Shoes,index
34647,34647.jpg,F:\CEI\Celebal_Excellence_Internship\fashion-visual-search\data\subset\images\34647.jpg,Men,Footwear,Shoes,Sports Shoes,White,Fall,2012.0,Sports,Fila Men Notch White Sports Shoes,index
37483,37483.jpg,F:\CEI\Celebal_Excellence_Internship\fashion-visual-search\data\subset\images\37483.jpg,Women,Accessories,Watches,Watches,White,Winter,2016.0,Casual,Esprit Women White Dial Watch,index
14907,14907.jpg,F:\CEI\Celebal_Excellence_Internship\fashion-visual-search\data\subset\images\14907.jpg,Women,Accessories,Eyewear,Sunglasses,Brown,Winter,2016.0,Casual,United Colors of Benetton Women Funky Brown Sunglasses,index
33935,33935.jpg,F:\CEI\Celebal_Excellence_Internship\fashion-visual-search\data\subset\images\33935.jpg,Men,Apparel,Topwear,Tshirts,Turquoise Blue,Summer,2012.0,Casual,ADIDAS Men Polo Turquoise Blue T-Shirt,index
54973,54973.jpg,F:\CEI\Celebal_Excellence_Internship\fashion-visual-search\data\subset\images\54973.jpg,Women,Apparel,Dress,Dresses,Off White,Summer,2012.0,Casual,Femella Women Off White Dress,index
48083,48083.jpg,F:\CEI\Celebal_Excellence_Internship\fashion-visual-search\data\subset\images\48083.jpg,Women,Apparel,Dress,Dresses,Blue,Summer,2012.0,Casual,French Connection Women Blue Dress,index
14545,14545.jpg,F:\CEI\Celebal_Excellence_Internship\fashion-visual-search\data\subset\images\14545.jpg,Women,Apparel,Topwear,Kurtas,Blue,Fall,2011.0,Ethnic,Vishudh Women Circle Print Blue Kurtas,index
46739,46739.jpg,F:\CEI\Celebal_Excellence_Internship\fashion-visual-search\data\subset\images\46739.jpg,Men,Accessories,Watches,Watches,Black,Winter,2016.0,Casual,Timex Men Black Dial Watch,index
17603,17603.jpg,F:\CEI\Celebal_Excellence_Internship\fashion-visual-search\data\subset\images\17603.jpg,Unisex,Accessories,Eyewear,Sunglasses,Grey,Winter,2016.0,Casual,Cat Unisex Classic Grey Sunglasses,index
5414,5414.jpg,F:\CEI\Celebal_Excellence_Internship\fashion-visual-search\data\subset\images\5414.jpg,Girls,Apparel,Topwear,Tops,Purple,Summer,2011.0,Casual,Ant Kids Girl's Purple Top With Sequins Kidswear,index
21079,21079.jpg,F:\CEI\Celebal_Excellence_Internship\fashion-visual-search\data\subset\images\21079.jpg,Men,Footwear,Shoes,Casual Shoes,Brown,Spring,2012.0,Casual,Clarks Men Supa Step Brown Casual Shoe,index
48503,48503.jpg,F:\CEI\Celebal_Excellence_Internship\fashion-visual-search\data\subset\images\48503.jpg,Women,Apparel,Topwear,Tops,Cream,Summer,2012.0,Casual,French Connection Women Cream Top,index
10037,10037.jpg,F:\CEI\Celebal_Excellence_Internship\fashion-visual-search\data\subset\images\10037.jpg,Men,Footwear,Shoes,Sports Shoes,Silver,Fall,2011.0,Sports,Reebok Men Premier ultra 8 U-form Silver Sports Shoes,index
6397,6397.jpg,F:\CEI\Celebal_Excellence_Internship\fashion-visual-search\data\subset\images\6397.jpg,Men,Footwear,Sandal,Sandals,Black,Summer,2011.0,Casual,Lotto Men Revenge 02 Black Blue Floater,index
50730,50730.jpg,F:\CEI\Celebal_Excellence_Internship\fashion-visual-search\data\subset\images\50730.jpg,Men,Footwear,Sandal,Sandals,Black,Winter,2018.0,Casual,Red Chief Men Black Sandals,index
46216,46216.jpg,F:\CEI\Celebal_Excellence_Internship\fashion-visual-search\data\subset\images\46216.jpg,Women,Apparel,Dress,Dresses,Pink,Summer,2012.0,Casual,AND Women Pink Dress,index
13727,13727.jpg,F:\CEI\Celebal_Excellence_Internship\fashion-visual-search\data\subset\images\13727.jpg,Women,Footwear,Shoes,Sports Shoes,Silver,Fall,2011.0,Sports,ADIDAS Women Silver Adi Primo Sports Shoe,index
26403,26403.jpg,F:\CEI\Celebal_Excellence_Internship\fashion-visual-search\data\subset\images\26403.jpg,Men,Apparel,Topwear,Shirts,Red,Summer,2012.0,Casual,Turtle Men Check Red Shirt,index
49322,49322.jpg,F:\CEI\Celebal_Excellence_Internship\fashion-visual-search\data\subset\images\49322.jpg,Men,Accessories,Watches,Watches,Black,Winter,2016.0,Casual,ADIDAS Originals Men Black Dial Watch ADH2651,index
20386,20386.jpg,F:\CEI\Celebal_Excellence_Internship\fashion-visual-search\data\subset\images\20386.jpg,Women,Accessories,Bags,Handbags,Black,Winter,2015.0,Casual,Baggit Women Black Praise Taj Handbag,index
37937,37937.jpg,F:\CEI\Celebal_Excellence_Internship\fashion-visual-search\data\subset\images\37937.jpg,Women,Apparel,Dress,Dresses,Purple,Summer,2012.0,Casual,Mineral Women Purple Dress,index
33707,33707.jpg,F:\CEI\Celebal_Excellence_Internship\fashion-visual-search\data\subset\images\33707.jpg,Men,Footwear,Shoes,Casual Shoes,Black,Winter,2012.0,Casual,Cobblerz Men Black Casual Shoes,index
27289,27289.jpg,F:\CEI\Celebal_Excellence_Internship\fashion-visual-search\data\subset\images\27289.jpg,Women,Apparel,Topwear,Kurtas,Grey,Fall,2011.0,Ethnic,Mother Earth Women Striped Grey Kurta,index
5537,5537.jpg,F:\CEI\Celebal_Excellence_Internship\fashion-visual-search\data\subset\images\5537.jpg,Men,Footwear,Shoes,Sports Shoes,Black,Summer,2011.0,Sports,Nike Men's Free Black White Shoe,index
22728,22728.jpg,F:\CEI\Celebal_Excellence_Internship\fashion-visual-search\data\subset\images\22728.jpg,Women,Footwear,Shoes,Sports Shoes,White,Fall,2011.0,Sports,Nike Women White Court Majestic Sports Shoes,index
26664,26664.jpg,F:\CEI\Celebal_Excellence_Internship\fashion-visual-search\data\subset\images\26664.jpg,Men,Footwear,Shoes,Casual Shoes,Black,Fall,2012.0,Casual,Puma Men Metamostro Black Shoes,index
17601,17601.jpg,F:\CEI\Celebal_Excellence_Internship\fashion-visual-search\data\subset\images\17601.jpg,Men,Accessories,Eyewear,Sunglasses,Grey,Winter,2016.0,Casual,Cat Men Classic Grey Sunglasses,index
52100,52100.jpg,F:\CEI\Celebal_Excellence_Internship\fashion-visual-search\data\subset\images\52100.jpg,Women,Apparel,Topwear,Kurtas,Red,Summer,2012.0,Ethnic,Myntra Women Red Printed Kurta,index
54033,54033.jpg,F:\CEI\Celebal_Excellence_Internship\fashion-visual-search\data\subset\images\54033.jpg,Women,Accessories,Bags,Handbags,Teal,Summer,2012.0,Casual,Kiara Women Teal Handbag,index
18722,18722.jpg,F:\CEI\Celebal_Excellence_Internship\fashion-visual-search\data\subset\images\18722.jpg,Women,Apparel,Topwear,Tops,White,Fall,2011.0,Casual,Arrow Woman Squirella White Top,index
27852,27852.jpg,F:\CEI\Celebal_Excellence_Internship\fashion-visual-search\data\subset\images\27852.jpg,Women,Apparel,Topwear,Tops,Navy Blue,Summer,2012.0,Casual,Scullers For Her Navy Blue Top,index
42839,42839.jpg,F:\CEI\Celebal_Excellence_Internship\fashion-visual-search\data\subset\images\42839.jpg,Women,Accessories,Bags,Handbags,Brown,Summer,2012.0,Casual,French Connection Women Brown Handbag,index
39625,39625.jpg,F:\CEI\Celebal_Excellence_Internship\fashion-visual-search\data\subset\images\39625.jpg,Men,Footwear,Shoes,Casual Shoes,Black,Summer,2012.0,Casual,Nike Men Sweet Classic High Black Casual Shoes,index
53788,53788.jpg,F:\CEI\Celebal_Excellence_Internship\fashion-visual-search\data\subset\images\53788.jpg,Men,Apparel,Topwear,Tshirts,Blue,Summer,2012.0,Casual,Puma Men Blue T-shirt,index
30000,30000.jpg,F:\CEI\Celebal_Excellence_Internship\fashion-visual-search\data\subset\images\30000.jpg,Women,Accessories,Watches,Watches,Silver,Winter,2016.0,Casual,Aspen Women Silver Dial Watch,index
4896,4896.jpg,F:\CEI\Celebal_Excellence_Internship\fashion-visual-search\data\subset\images\4896.jpg,Women,Apparel,Topwear,Tops,Yellow,Summer,2011.0,Casual,Levis Kids Girl's Diane Yellow Teens Kidswear,index
22388,22388.jpg,F:\CEI\Celebal_Excellence_Internship\fashion-visual-search\data\subset\images\22388.jpg,Men,Apparel,Topwear,Shirts,Blue,Fall,2011.0,Casual,Mark Taylor Men Striped Blue Shirt,index
24561,24561.jpg,F:\CEI\Celebal_Excellence_Internship\fashion-visual-search\data\subset\images\24561.jpg,Men,Apparel,Topwear,Shirts,Blue,Summer,2012.0,Casual,Lee Men Smithon Blue Shirt,index
29246,29246.jpg,F:\CEI\Celebal_Excellence_Internship\fashion-visual-search\data\subset\images\29246.jpg,Men,Apparel,Topwear,Tshirts,Blue,Summer,2012.0,Sports,ADIDAS Men Orlando Blue Jersey,index
19604,19604.jpg,F:\CEI\Celebal_Excellence_Internship\fashion-visual-search\data\subset\images\19604.jpg,Women,Apparel,Topwear,Tops,White,Summer,2011.0,Casual,United Colors of Benetton Women Solid White Top,index
32464,32464.jpg,F:\CEI\Celebal_Excellence_Internship\fashion-visual-search\data\subset\images\32464.jpg,Men,Apparel,Topwear,Tshirts,Black,Summer,2012.0,Casual,ADIDAS Men Graphic Black T-shirt,index
7307,7307.jpg,F:\CEI\Celebal_Excellence_Internship\fashion-visual-search\data\subset\images\7307.jpg,Women,Apparel,Topwear,Tops,White,Summer,2011.0,Casual,UCB Women Sleeveless White Top,index
47889,47889.jpg,F:\CEI\Celebal_Excellence_Internship\fashion-visual-search\data\subset\images\47889.jpg,Women,Accessories,Bags,Handbags,Brown,Summer,2012.0,Casual,Murcia Women Brown Handbag,index
47015,47015.jpg,F:\CEI\Celebal_Excellence_Internship\fashion-visual-search\data\subset\images\47015.jpg,Women,Apparel,Topwear,Kurtas,Cream,Fall,2012.0,Ethnic,Shree Women Cream & Fushia  Printed Kurta,index
2393,2393.jpg,F:\CEI\Celebal_Excellence_Internship\fashion-visual-search\data\subset\images\2393.jpg,Men,Footwear,Shoes,Casual Shoes,Black,Winter,2018.0,Casual,Red Tape Men's Semi Casual Shoe,index
27061,27061.jpg,F:\CEI\Celebal_Excellence_Internship\fashion-visual-search\data\subset\images\27061.jpg,Women,Accessories,Bags,Handbags,Pink,Summer,2015.0,Casual,Yelloe Pink Laptop Pocket Handbag,index
23269,23269.jpg,F:\CEI\Celebal_Excellence_Internship\fashion-visual-search\data\subset\images\23269.jpg,Men,Accessories,Watches,Watches,White,Winter,2016.0,Casual,Maxima Ssteele Men White Watch,index
22894,22894.jpg,F:\CEI\Celebal_Excellence_Internship\fashion-visual-search\data\subset\images\22894.jpg,Men,Footwear,Sandal,Sandals,Brown,Summer,2016.0,Casual,Woodland Men Camel Casual Sandals,index
40067,40067.jpg,F:\CEI\Celebal_Excellence_Internship\fashion-visual-search\data\subset\images\40067.jpg,Men,Apparel,Topwear,Tshirts,Yellow,Summer,2012.0,Casual,ADIDAS Men Yellow T-shirt,index
49674,49674.jpg,F:\CEI\Celebal_Excellence_Internship\fashion-visual-search\data\subset\images\49674.jpg,Men,Accessories,Eyewear,Sunglasses,Black,Winter,2016.0,Casual,United Colors of Benetton Men Sunglass,index
15342,15342.jpg,F:\CEI\Celebal_Excellence_Internship\fashion-visual-search\data\subset\images\15342.jpg,Women,Apparel,Topwear,Tshirts,Pink,Fall,2011.0,Sports,Nike Women Printed Pink Tshirts,index
11484,11484.jpg,F:\CEI\Celebal_Excellence_Internship\fashion-visual-search\data\subset\images\11484.jpg,Men,Accessories,Watches,Watches,Black,Winter,2016.0,Casual,Puma Men Ocean Black Watch,index
22893,22893.jpg,F:\CEI\Celebal_Excellence_Internship\fashion-visual-search\data\subset\images\22893.jpg,Men,Footwear,Sandal,Sandals,Khaki,Summer,2012.0,Casual,Woodland Men Khaki Casual Sandals,index
51448,51448.jpg,F:\CEI\Celebal_Excellence_Internship\fashion-visual-search\data\subset\images\51448.jpg,Women,Apparel,Dress,Dresses,Gold,Summer,2012.0,Casual,Tonga Women Gold Dress,index
10372,10372.jpg,F:\CEI\Celebal_Excellence_Internship\fashion-visual-search\data\subset\images\10372.jpg,Men,Apparel,Topwear,Tshirts,Beige,Fall,2011.0,Casual,United Colors of Benetton Men Printed Beige Tshirts,index
13405,13405.jpg,F:\CEI\Celebal_Excellence_Internship\fashion-visual-search\data\subset\images\13405.jpg,Men,Apparel,Topwear,Shirts,Green,Summer,2011.0,Casual,United Colors of Benetton Men Check Green Shirts,index
20026,20026.jpg,F:\CEI\Celebal_Excellence_Internship\fashion-visual-search\data\subset\images\20026.jpg,Men,Apparel,Topwear,Shirts,White,Fall,2011.0,Casual,United Colors of Benetton Men Striped White Shirt,index
11997,11997.jpg,F:\CEI\Celebal_Excellence_Internship\fashion-visual-search\data\subset\images\11997.jpg,Men,Apparel,Topwear,Tshirts,Green,Fall,2011.0,Casual,Classic Polo Men Stripes Green Tshirts,index
34260,34260.jpg,F:\CEI\Celebal_Excellence_Internship\fashion-visual-search\data\subset\images\34260.jpg,Boys,Apparel,Topwear,Tshirts,Red,Summer,2012.0,Casual,Gini and Jony Boys Printed Red T-shirt,index
38823,38823.jpg,F:\CEI\Celebal_Excellence_Internship\fashion-visual-search\data\subset\images\38823.jpg,Women,Apparel,Topwear,Shirts,Navy Blue,Fall,2012.0,Casual,Latin Quarters Women Navy Blue Shirt,index
14812,14812.jpg,F:\CEI\Celebal_Excellence_Internship\fashion-visual-search\data\subset\images\14812.jpg,Women,Accessories,Bags,Handbags,Black,Summer,2011.0,Casual,United Colors of Benetton Women Solid Black Handbags,index
57107,57107.jpg,F:\CEI\Celebal_Excellence_Internship\fashion-visual-search\data\subset\images\57107.jpg,Women,Apparel,Topwear,Tops,Olive,Summer,2012.0,Casual,Elle Women Green Essentials Top,index
51724,51724.jpg,F:\CEI\Celebal_Excellence_Internship\fashion-visual-search\data\subset\images\51724.jpg,Men,Accessories,Eyewear,Sunglasses,Brown,Winter,2016.0,Casual,Allen Solly Men Sunglasses AS232-C2,index
44746,44746.jpg,F:\CEI\Celebal_Excellence_Internship\fashion-visual-search\data\subset\images\44746.jpg,Men,Footwear,Shoes,Casual Shoes,Olive,Summer,2012.0,Casual,Globalite Men Olive Sparta Shoes,index
59987,59987.jpg,F:\CEI\Celebal_Excellence_Internship\fashion-visual-search\data\subset\images\59987.jpg,Women,Apparel,Dress,Dresses,Black,Fall,2012.0,Casual,Avirate Black Dress,index
42235,42235.jpg,F:\CEI\Celebal_Excellence_Internship\fashion-visual-search\data\subset\images\42235.jpg,Women,Apparel,Topwear,Tops,Black,Summer,2012.0,Casual,Sepia Women Black Top,index
26592,26592.jpg,F:\CEI\Celebal_Excellence_Internship\fashion-visual-search\data\subset\images\26592.jpg,Men,Footwear,Shoes,Sports Shoes,Black,Summer,2012.0,Sports,Puma Men Budoka Black Sports Shoes,index
31129,31129.jpg,F:\CEI\Celebal_Excellence_Internship\fashion-visual-search\data\subset\images\31129.jpg,Girls,Apparel,Dress,Dresses,Magenta,Summer,2012.0,Casual,Giny and Jony Girls Printed White & Pink Dress,index
39818,39818.jpg,F:\CEI\Celebal_Excellence_Internship\fashion-visual-search\data\subset\images\39818.jpg,Men,Footwear,Sandal,Sandals,Black,Summer,2012.0,Casual,Red Tape Men Black Sandals,index
10883,10883.jpg,F:\CEI\Celebal_Excellence_Internship\fashion-visual-search\data\subset\images\10883.jpg,Men,Apparel,Topwear,Tshirts,Beige,Fall,2011.0,Casual,Wrangler Men American Photo Print Beige T-shirt,index
29509,29509.jpg,F:\CEI\Celebal_Excellence_Internship\fashion-visual-search\data\subset\images\29509.jpg,Women,Accessories,Watches,Watches,Blue,Winter,2016.0,Casual,Giordano Women Blue Dial Watch,index
26059,26059.jpg,F:\CEI\Celebal_Excellence_Internship\fashion-visual-search\data\subset\images\26059.jpg,Men,Apparel,Topwear,Shirts,Black,Summer,2012.0,Formal,John Miller Men Gingham Black Shirt,index
26795,26795.jpg,F:\CEI\Celebal_Excellence_Internship\fashion-visual-search\data\subset\images\26795.jpg,Men,Apparel,Topwear,Shirts,Blue,Summer,2013.0,Formal,Arrow Men Blue Shirt,index
14646,14646.jpg,F:\CEI\Celebal_Excellence_Internship\fashion-visual-search\data\subset\images\14646.jpg,Men,Apparel,Topwear,Tshirts,Maroon,Fall,2011.0,Casual,Probase Men Funky Music Maroon Tshirts,index
44768,44768.jpg,F:\CEI\Celebal_Excellence_Internship\fashion-visual-search\data\subset\images\44768.jpg,Men,Footwear,Shoes,Casual Shoes,Black,Summer,2012.0,Casual,Globalite Men Black Macross Shoes,index
9398,9398.jpg,F:\CEI\Celebal_Excellence_Internship\fashion-visual-search\data\subset\images\9398.jpg,Men,Footwear,Shoes,Sports Shoes,Black,Fall,2011.0,Sports,Nike Men Lunarfly Black Sports Shoes,index
45943,45943.jpg,F:\CEI\Celebal_Excellence_Internship\fashion-visual-search\data\subset\images\45943.jpg,Women,Apparel,Topwear,Tops,Green,Summer,2012.0,Casual,Mumbai Slang Women Green Top,index
29247,29247.jpg,F:\CEI\Celebal_Excellence_Internship\fashion-visual-search\data\subset\images\29247.jpg,Men,Apparel,Topwear,Tshirts,Yellow,Summer,2012.0,Sports,ADIDAS Men Lakers Yellow Jersey,index
33924,33924.jpg,F:\CEI\Celebal_Excellence_Internship\fashion-visual-search\data\subset\images\33924.jpg,Women,Accessories,Watches,Watches,Silver,Winter,2016.0,Casual,Citizen Women White Dial Watch,index
10758,10758.jpg,F:\CEI\Celebal_Excellence_Internship\fashion-visual-search\data\subset\images\10758.jpg,Girls,Footwear,Shoes,Casual Shoes,Blue,Winter,2012.0,Casual,Disney Kids Girls Princess Heart Blue Casual Shoes,index
58648,58648.jpg,F:\CEI\Celebal_Excellence_Internship\fashion-visual-search\data\subset\images\58648.jpg,Women,Apparel,Topwear,Kurtas,Pink,Summer,2012.0,Ethnic,ALayna Women Pink & Yellow Kurta,index
11136,11136.jpg,F:\CEI\Celebal_Excellence_Internship\fashion-visual-search\data\subset\images\11136.jpg,Men,Accessories,Watches,Watches,Black,Winter,2016.0,Casual,Puma Men Top Flow Red-213 Black Watch,index
6405,6405.jpg,F:\CEI\Celebal_Excellence_Internship\fashion-visual-search\data\subset\images\6405.jpg,Men,Footwear,Sandal,Sandals,Brown,Summer,2011.0,Casual,Lotto Men Cross Brown Floater,index
48400,48400.jpg,F:\CEI\Celebal_Excellence_Internship\fashion-visual-search\data\subset\images\48400.jpg,Men,Apparel,Topwear,Tshirts,White,Summer,2012.0,Casual,French Connection Men White T-shirt,index
31273,31273.jpg,F:\CEI\Celebal_Excellence_Internship\fashion-visual-search\data\subset\images\31273.jpg,Men,Apparel,Topwear,Tshirts,Green,Summer,2012.0,Casual,Puma Men Calonge Graphic Green T-shirt,index
40692,40692.jpg,F:\CEI\Celebal_Excellence_Internship\fashion-visual-search\data\subset\images\40692.jpg,Men,Footwear,Shoes,Casual Shoes,Navy Blue,Summer,2012.0,Casual,Numero Uno Men Navy Blue Shoes,index
30565,30565.jpg,F:\CEI\Celebal_Excellence_Internship\fashion-visual-search\data\subset\images\30565.jpg,Unisex,Accessories,Eyewear,Sunglasses,Black,Winter,2016.0,Casual,Opium Unisex Black Sunglass,index
15068,15068.jpg,F:\CEI\Celebal_Excellence_Internship\fashion-visual-search\data\subset\images\15068.jpg,Men,Footwear,Sandal,Sandals,Black,Fall,2012.0,Casual,Ganuchi Men Black Sandal,index
49061,49061.jpg,F:\CEI\Celebal_Excellence_Internship\fashion-visual-search\data\subset\images\49061.jpg,Men,Footwear,Shoes,Casual Shoes,Brown,Summer,2012.0,Casual,Flying Machine Men Brown Shoes,index
38755,38755.jpg,F:\CEI\Celebal_Excellence_Internship\fashion-visual-search\data\subset\images\38755.jpg,Women,Accessories,Bags,Handbags,Black,Summer,2012.0,Casual,Nike Women Black Handbag,index
40532,40532.jpg,F:\CEI\Celebal_Excellence_Internship\fashion-visual-search\data\subset\images\40532.jpg,Women,Accessories,Watches,Watches,Silver,Winter,2016.0,Casual,Titan Women Silver Dial Watch,index
57942,57942.jpg,F:\CEI\Celebal_Excellence_Internship\fashion-visual-search\data\subset\images\57942.jpg,Men,Footwear,Shoes,Casual Shoes,Brown,Spring,2012.0,Casual,Clarks Men Brown Shoes,index
27286,27286.jpg,F:\CEI\Celebal_Excellence_Internship\fashion-visual-search\data\subset\images\27286.jpg,Women,Apparel,Topwear,Kurtas,Orange,Fall,2011.0,Ethnic,Mother Earth Women Orange Kurta,index
43030,43030.jpg,F:\CEI\Celebal_Excellence_Internship\fashion-visual-search\data\subset\images\43030.jpg,Men,Apparel,Topwear,Shirts,Navy Blue,Summer,2012.0,Casual,Scullers Men Navy Blue Shirt,index
12972,12972.jpg,F:\CEI\Celebal_Excellence_Internship\fashion-visual-search\data\subset\images\12972.jpg,Men,Footwear,Shoes,Sports Shoes,Blue,Fall,2011.0,Sports,ADIDAS Men Eqt Runbox Blue Sports Shoes,index
33249,33249.jpg,F:\CEI\Celebal_Excellence_Internship\fashion-visual-search\data\subset\images\33249.jpg,Men,Apparel,Topwear,Shirts,White,Summer,2012.0,Formal,Arrow Men Blue Striped Shirt,index
2822,2822.jpg,F:\CEI\Celebal_Excellence_Internship\fashion-visual-search\data\subset\images\2822.jpg,Men,Footwear,Shoes,Casual Shoes,Black,Summer,2012.0,Casual,Lee Cooper Men's Casual Felt Black Shoe,index
23289,23289.jpg,F:\CEI\Celebal_Excellence_Internship\fashion-visual-search\data\subset\images\23289.jpg,Women,Accessories,Watches,Watches,Black,Winter,2016.0,Casual,Maxima Ssteele Women Black Watch,index
40163,40163.jpg,F:\CEI\Celebal_Excellence_Internship\fashion-visual-search\data\subset\images\40163.jpg,Men,Accessories,Eyewear,Sunglasses,Silver,Winter,2016.0,Casual,Fastrack Men UV Protected Sporty Wrap Sunglasses,index
31849,31849.jpg,F:\CEI\Celebal_Excellence_Internship\fashion-visual-search\data\subset\images\31849.jpg,Men,Accessories,Watches,Watches,White,Winter,2016.0,Casual,Titan Edge Men White Dial Watch NH1043SL01A,index
41377,41377.jpg,F:\CEI\Celebal_Excellence_Internship\fashion-visual-search\data\subset\images\41377.jpg,Women,Apparel,Topwear,Tops,Yellow,Summer,2012.0,Casual,Wrangler Women Yellow Maria Top,index
37780,37780.jpg,F:\CEI\Celebal_Excellence_Internship\fashion-visual-search\data\subset\images\37780.jpg,Men,Apparel,Topwear,Shirts,Green,Summer,2012.0,Casual,John Players Men Bright Striped Shirt,index
4133,4133.jpg,F:\CEI\Celebal_Excellence_Internship\fashion-visual-search\data\subset\images\4133.jpg,Men,Footwear,Shoes,Casual Shoes,White,Winter,2015.0,Casual,Skechers Men's Sparta White Shoe,index
18413,18413.jpg,F:\CEI\Celebal_Excellence_Internship\fashion-visual-search\data\subset\images\18413.jpg,Men,Footwear,Shoes,Sports Shoes,Black,Fall,2011.0,Sports,Skechers Men Shape-Ups Black Shoe,index
8461,8461.jpg,F:\CEI\Celebal_Excellence_Internship\fashion-visual-search\data\subset\images\8461.jpg,Women,Apparel,Topwear,Tops,Pink,Fall,2011.0,Casual,Jealous 21 Women Jealous Caley Pink Top Pink Tops,index
2062,2062.jpg,F:\CEI\Celebal_Excellence_Internship\fashion-visual-search\data\subset\images\2062.jpg,Men,Apparel,Topwear,Tshirts,Grey,Winter,2010.0,Casual,Lee Mens  T-shirt,index
27148,27148.jpg,F:\CEI\Celebal_Excellence_Internship\fashion-visual-search\data\subset\images\27148.jpg,Men,Apparel,Topwear,Shirts,Grey,Summer,2012.0,Formal,Mark Taylor Men Striped Grey Shirt,index
6985,6985.jpg,F:\CEI\Celebal_Excellence_Internship\fashion-visual-search\data\subset\images\6985.jpg,Men,Apparel,Topwear,Tshirts,White,Summer,2011.0,Casual,s.Oliver Men's Denim Dstrct White T-shirt,index
36248,36248.jpg,F:\CEI\Celebal_Excellence_Internship\fashion-visual-search\data\subset\images\36248.jpg,Men,Apparel,Topwear,Tshirts,Green,Summer,2012.0,Casual,Mr. Men Green Get Funny T-shirt,index
36421,36421.jpg,F:\CEI\Celebal_Excellence_Internship\fashion-visual-search\data\subset\images\36421.jpg,Men,Footwear,Sandal,Sandals,Grey,Spring,2013.0,Casual,Spinn Men Aura Grey Sandals,index
43515,43515.jpg,F:\CEI\Celebal_Excellence_Internship\fashion-visual-search\data\subset\images\43515.jpg,Women,Apparel,Dress,Dresses,Blue,Summer,2012.0,Casual,French Connection Women Blue Dress,index
34041,34041.jpg,F:\CEI\Celebal_Excellence_Internship\fashion-visual-search\data\subset\images\34041.jpg,Boys,Apparel,Topwear,Shirts,Red,Summer,2012.0,Casual,Gini and Jony Boys Check Red Shirt,index
58797,58797.jpg,F:\CEI\Celebal_Excellence_Internship\fashion-visual-search\data\subset\images\58797.jpg,Men,Apparel,Topwear,Shirts,Grey Melange,Fall,2012.0,Smart Casual,Highlander Men Grey Melange Shirt,index
13903,13903.jpg,F:\CEI\Celebal_Excellence_Internship\fashion-visual-search\data\subset\images\13903.jpg,Men,Footwear,Shoes,Casual Shoes,White,Fall,2011.0,Casual,Nike Men Backboard White Casual Shoes,index
28390,28390.jpg,F:\CEI\Celebal_Excellence_Internship\fashion-visual-search\data\subset\images\28390.jpg,Men,Accessories,Eyewear,Sunglasses,Brown,Winter,2016.0,Casual,Idee Men Brown Sunglasses,index
6551,6551.jpg,F:\CEI\Celebal_Excellence_Internship\fashion-visual-search\data\subset\images\6551.jpg,Men,Apparel,Topwear,Tshirts,Blue,Summer,2011.0,Sports,Nike Men's Miler Singlet Blue T-shirt,index
39013,39013.jpg,F:\CEI\Celebal_Excellence_Internship\fashion-visual-search\data\subset\images\39013.jpg,Men,Footwear,Shoes,Sports Shoes,Silver,Summer,2012.0,Sports,FILA Men Silver Sports Shoes,index
7207,7207.jpg,F:\CEI\Celebal_Excellence_Internship\fashion-visual-search\data\subset\images\7207.jpg,Women,Apparel,Topwear,Tops,Pink,Fall,2011.0,Casual,Jealous 21 Women Black Flower Print Pink Top,index
35540,35540.jpg,F:\CEI\Celebal_Excellence_Internship\fashion-visual-search\data\subset\images\35540.jpg,Girls,Footwear,Sandal,Sandals,Green,Summer,2012.0,Casual,Enroute Kids Girls Green Sandals,index
22912,22912.jpg,F:\CEI\Celebal_Excellence_Internship\fashion-visual-search\data\subset\images\22912.jpg,Women,Footwear,Shoes,Casual Shoes,Black,Fall,2011.0,Casual,Puma Women Future Cat Remix Black Shoes,index
37307,37307.jpg,F:\CEI\Celebal_Excellence_Internship\fashion-visual-search\data\subset\images\37307.jpg,Men,Accessories,Watches,Watches,Black,Winter,2016.0,Casual,Casio Youth Series Men Digital Watch W-213-1AVDF(D065),index
44232,44232.jpg,F:\CEI\Celebal_Excellence_Internship\fashion-visual-search\data\subset\images\44232.jpg,Men,Footwear,Shoes,Sports Shoes,White,Summer,2012.0,Sports,Nike Men Air Max Turbulence+ 18 White Sports Shoes,index
48207,48207.jpg,F:\CEI\Celebal_Excellence_Internship\fashion-visual-search\data\subset\images\48207.jpg,Men,Accessories,Eyewear,Sunglasses,Brown,Winter,2016.0,Casual,United Colors of Benetton Men Brown Sunglasses,index
10705,10705.jpg,F:\CEI\Celebal_Excellence_Internship\fashion-visual-search\data\subset\images\10705.jpg,Women,Accessories,Watches,Watches,Silver,Winter,2016.0,Casual,Esprit Women Twist Black Houston Silver Watches,index
32188,32188.jpg,F:\CEI\Celebal_Excellence_Internship\fashion-visual-search\data\subset\images\32188.jpg,Men,Footwear,Shoes,Sports Shoes,Blue,Summer,2012.0,Sports,ADIDAS Men Marathon Blue Sports Shoes,index
58425,58425.jpg,F:\CEI\Celebal_Excellence_Internship\fashion-visual-search\data\subset\images\58425.jpg,Women,Apparel,Dress,Dresses,Grey,Summer,2012.0,Casual,AND by Anita Dongre Women Grey Dress,index
16954,16954.jpg,F:\CEI\Celebal_Excellence_Internship\fashion-visual-search\data\subset\images\16954.jpg,Men,Accessories,Eyewear,Sunglasses,Black,Winter,2016.0,Casual,Image Men Classic Eyewear Black Sunglasses,index
39232,39232.jpg,F:\CEI\Celebal_Excellence_Internship\fashion-visual-search\data\subset\images\39232.jpg,Women,Apparel,Dress,Dresses,Blue,Summer,2012.0,Casual,Femella Women Blue Polka Bow Dress Dress,index
19752,19752.jpg,F:\CEI\Celebal_Excellence_Internship\fashion-visual-search\data\subset\images\19752.jpg,Men,Apparel,Topwear,Tshirts,Navy Blue,Summer,2011.0,Casual,Levis Men Solid Navy Blue Tshirt,index
26715,26715.jpg,F:\CEI\Celebal_Excellence_Internship\fashion-visual-search\data\subset\images\26715.jpg,Men,Apparel,Topwear,Tshirts,Blue,Summer,2012.0,Casual,Puma Men Large Logo Blue T-shirt,index
3688,3688.jpg,F:\CEI\Celebal_Excellence_Internship\fashion-visual-search\data\subset\images\3688.jpg,Men,Footwear,Shoes,Sports Shoes,Navy Blue,Summer,2011.0,Sports,Lotto Men's Bristol II Navy White Shoe,index
13843,13843.jpg,F:\CEI\Celebal_Excellence_Internship\fashion-visual-search\data\subset\images\13843.jpg,Men,Footwear,Sandal,Sandals,Brown,Summer,2013.0,Casual,Reebok Men Manza II Brown Sandals,index
26605,26605.jpg,F:\CEI\Celebal_Excellence_Internship\fashion-visual-search\data\subset\images\26605.jpg,Women,Footwear,Shoes,Sports Shoes,Black,Summer,2012.0,Sports,Puma Women Bodytrain Black Sports Shoes,index
43539,43539.jpg,F:\CEI\Celebal_Excellence_Internship\fashion-visual-search\data\subset\images\43539.jpg,Women,Apparel,Topwear,Tops,White,Summer,2012.0,Casual,French Connection Women Multicoloured Striped Top,index
21308,21308.jpg,F:\CEI\Celebal_Excellence_Internship\fashion-visual-search\data\subset\images\21308.jpg,Women,Accessories,Eyewear,Sunglasses,Grey,Winter,2016.0,Casual,Celine Dion Women Grey Frame Sunglasses,index
8616,8616.jpg,F:\CEI\Celebal_Excellence_Internship\fashion-visual-search\data\subset\images\8616.jpg,Unisex,Accessories,Eyewear,Sunglasses,Brown,Winter,2016.0,Casual,Fastrack Unisex Sunglasses M035BR6,index
38191,38191.jpg,F:\CEI\Celebal_Excellence_Internship\fashion-visual-search\data\subset\images\38191.jpg,Unisex,Accessories,Eyewear,Sunglasses,Grey,Winter,2016.0,Casual,Polaroid Unisex Sunglasses,index
25232,25232.jpg,F:\CEI\Celebal_Excellence_Internship\fashion-visual-search\data\subset\images\25232.jpg,Women,Accessories,Bags,Handbags,Blue,Winter,2015.0,Casual,Lino Perros Women Blue & Black Handbag,index
54647,54647.jpg,F:\CEI\Celebal_Excellence_Internship\fashion-visual-search\data\subset\images\54647.jpg,Men,Accessories,Watches,Watches,Steel,Winter,2016.0,Casual,Fastrack Men Black Dial Watch,index
17309,17309.jpg,F:\CEI\Celebal_Excellence_Internship\fashion-visual-search\data\subset\images\17309.jpg,Men,Accessories,Eyewear,Sunglasses,Black,Winter,2016.0,Casual,Pepe Jeans Men Casual Sunglasses,index
11778,11778.jpg,F:\CEI\Celebal_Excellence_Internship\fashion-visual-search\data\subset\images\11778.jpg,Men,Apparel,Topwear,Tshirts,Grey,Fall,2011.0,Casual,Lee Men Solid Grey Tshirts,index
11629,11629.jpg,F:\CEI\Celebal_Excellence_Internship\fashion-visual-search\data\subset\images\11629.jpg,Women,Apparel,Topwear,Kurtas,White,Summer,2011.0,Ethnic,W Women Stripe White Kurtas,index
5100,5100.jpg,F:\CEI\Celebal_Excellence_Internship\fashion-visual-search\data\subset\images\5100.jpg,Men,Apparel,Topwear,Tshirts,Yellow,Summer,2011.0,Casual,Wrangler Men's Cowboy Color Yellow T-shirt,index
16913,16913.jpg,F:\CEI\Celebal_Excellence_Internship\fashion-visual-search\data\subset\images\16913.jpg,Men,Apparel,Topwear,Tshirts,Charcoal,Fall,2011.0,Casual,Mr. Men Men Printed Grey Tshirt,index
35648,35648.jpg,F:\CEI\Celebal_Excellence_Internship\fashion-visual-search\data\subset\images\35648.jpg,Men,Footwear,Sandal,Sandals,Brown,Summer,2012.0,Casual,U.S. Polo Assn. Men Brown Sandals,index
18719,18719.jpg,F:\CEI\Celebal_Excellence_Internship\fashion-visual-search\data\subset\images\18719.jpg,Women,Apparel,Topwear,Tops,Grey,Fall,2011.0,Casual,Arrow Women Zebra Grey Top,index
21880,21880.jpg,F:\CEI\Celebal_Excellence_Internship\fashion-visual-search\data\subset\images\21880.jpg,Women,Apparel,Topwear,Kurtas,Black,Fall,2011.0,Ethnic,BIBA Women Solid Black Kurta,index
16120,16120.jpg,F:\CEI\Celebal_Excellence_Internship\fashion-visual-search\data\subset\images\16120.jpg,Men,Footwear,Sandal,Sandals,White,Fall,2011.0,Casual,Numero Uno Men Casual White Slipper,index
17322,17322.jpg,F:\CEI\Celebal_Excellence_Internship\fashion-visual-search\data\subset\images\17322.jpg,Men,Accessories,Eyewear,Sunglasses,Brown,Winter,2016.0,Casual,Pepe Jeans Men Casual Sunglasses,index
24533,24533.jpg,F:\CEI\Celebal_Excellence_Internship\fashion-visual-search\data\subset\images\24533.jpg,Women,Apparel,Topwear,Kurtas,Pink,Fall,2011.0,Ethnic,Mother Earth Women Pink Printed Kurta,index
58546,58546.jpg,F:\CEI\Celebal_Excellence_Internship\fashion-visual-search\data\subset\images\58546.jpg,Women,Accessories,Eyewear,Sunglasses,Brown,Winter,2016.0,Casual,Miami Blues Women Sunglasses,index
42684,42684.jpg,F:\CEI\Celebal_Excellence_Internship\fashion-visual-search\data\subset\images\42684.jpg,Women,Apparel,Topwear,Kurtas,White,Summer,2012.0,Ethnic,Alma Women White Printed Kurta,index
35543,35543.jpg,F:\CEI\Celebal_Excellence_Internship\fashion-visual-search\data\subset\images\35543.jpg,Girls,Footwear,Sandal,Sandals,Black,Summer,2012.0,Casual,Enroute Teens Black Sandals,index
33762,33762.jpg,F:\CEI\Celebal_Excellence_Internship\fashion-visual-search\data\subset\images\33762.jpg,Women,Apparel,Topwear,Tops,Pink,Summer,2012.0,Casual,Vero Moda Women Viva Pink Top,index
14482,14482.jpg,F:\CEI\Celebal_Excellence_Internship\fashion-visual-search\data\subset\images\14482.jpg,Men,Footwear,Shoes,Casual Shoes,Black,Fall,2011.0,Casual,Flying Machine Men Black Shoes,index
54698,54698.jpg,F:\CEI\Celebal_Excellence_Internship\fashion-visual-search\data\subset\images\54698.jpg,Women,Apparel,Topwear,Kurtas,Black,Fall,2012.0,Ethnic,Shree Women Black and White Printed Kurta,index
33874,33874.jpg,F:\CEI\Celebal_Excellence_Internship\fashion-visual-search\data\subset\images\33874.jpg,Men,Accessories,Watches,Watches,Steel,Summer,2017.0,Casual,Citizen Men Steel-Toned Watch AN8010-55A,index
47294,47294.jpg,F:\CEI\Celebal_Excellence_Internship\fashion-visual-search\data\subset\images\47294.jpg,Women,Accessories,Bags,Handbags,Purple,Summer,2012.0,Casual,Baggit Women Purple Bag,index
9392,9392.jpg,F:\CEI\Celebal_Excellence_Internship\fashion-visual-search\data\subset\images\9392.jpg,Women,Footwear,Shoes,Sports Shoes,White,Fall,2011.0,Sports,Nike Women Dow 3 Lea White Sports Shoe,index
18753,18753.jpg,F:\CEI\Celebal_Excellence_Internship\fashion-visual-search\data\subset\images\18753.jpg,Women,Apparel,Topwear,Tops,Blue,Fall,2011.0,Casual,Arrow Woman Megan Blue Top,index
21552,21552.jpg,F:\CEI\Celebal_Excellence_Internship\fashion-visual-search\data\subset\images\21552.jpg,Women,Accessories,Bags,Handbags,Purple,Winter,2015.0,Casual,Kiara Women Small Pocket Purple Handbag,index
13327,13327.jpg,F:\CEI\Celebal_Excellence_Internship\fashion-visual-search\data\subset\images\13327.jpg,Men,Apparel,Topwear,Shirts,Green,Fall,2011.0,Casual,Gini and Jony Kids Boys Printed Green Tshirts,index
23306,23306.jpg,F:\CEI\Celebal_Excellence_Internship\fashion-visual-search\data\subset\images\23306.jpg,Women,Apparel,Topwear,Kurtas,Blue,Fall,2011.0,Ethnic,W Women Blue Kurta,index
45735,45735.jpg,F:\CEI\Celebal_Excellence_Internship\fashion-visual-search\data\subset\images\45735.jpg,Women,Apparel,Topwear,Kurtas,Cream,Summer,2012.0,Ethnic,Folklore Women Cream Kurta,index
43514,43514.jpg,F:\CEI\Celebal_Excellence_Internship\fashion-visual-search\data\subset\images\43514.jpg,Women,Apparel,Dress,Dresses,Black,Summer,2012.0,Casual,French Connection Women Black Dress,index
17817,17817.jpg,F:\CEI\Celebal_Excellence_Internship\fashion-visual-search\data\subset\images\17817.jpg,Men,Footwear,Sandal,Sandals,Black,Fall,2011.0,Casual,Lee Cooper Men  Black Sandal,index
40409,40409.jpg,F:\CEI\Celebal_Excellence_Internship\fashion-visual-search\data\subset\images\40409.jpg,Women,Apparel,Topwear,Tops,Black,Summer,2012.0,Casual,Tonga Women Black & Cream-Coloured Striped Top,index
24157,24157.jpg,F:\CEI\Celebal_Excellence_Internship\fashion-visual-search\data\subset\images\24157.jpg,Women,Apparel,Topwear,Kurtas,Green,Fall,2011.0,Ethnic,Aurelia Women Green Kurta,index
11807,11807.jpg,F:\CEI\Celebal_Excellence_Internship\fashion-visual-search\data\subset\images\11807.jpg,Women,Apparel,Topwear,Kurtas,Blue,Fall,2011.0,Ethnic,Vishudh Women Cotton Silk Blue Kurtas,index
9256,9256.jpg,F:\CEI\Celebal_Excellence_Internship\fashion-visual-search\data\subset\images\9256.jpg,Men,Apparel,Topwear,Shirts,Blue,Fall,2011.0,Formal,Mark Taylor Men Blue Striped Shirt,index
27869,27869.jpg,F:\CEI\Celebal_Excellence_Internship\fashion-visual-search\data\subset\images\27869.jpg,Women,Apparel,Topwear,Shirts,White,Fall,2012.0,Smart Casual,Scullers For Her Women Black and White Striped Shirt,index
59260,59260.jpg,F:\CEI\Celebal_Excellence_Internship\fashion-visual-search\data\subset\images\59260.jpg,Women,Accessories,Watches,Watches,Silver,Winter,2016.0,Casual,Titan Women Silver Dial Watch,index
45016,45016.jpg,F:\CEI\Celebal_Excellence_Internship\fashion-visual-search\data\subset\images\45016.jpg,Men,Accessories,Watches,Watches,Black,Winter,2016.0,Casual,Maxima Men Attivo Digital Watch,index
17602,17602.jpg,F:\CEI\Celebal_Excellence_Internship\fashion-visual-search\data\subset\images\17602.jpg,Unisex,Accessories,Eyewear,Sunglasses,Brown,Winter,2016.0,Casual,Cat Unisex Classic Brown Sunglasses,index
40267,40267.jpg,F:\CEI\Celebal_Excellence_Internship\fashion-visual-search\data\subset\images\40267.jpg,Men,Apparel,Topwear,Tshirts,White,Summer,2012.0,Casual,Scullers Men Striped White T-shirt,index
17844,17844.jpg,F:\CEI\Celebal_Excellence_Internship\fashion-visual-search\data\subset\images\17844.jpg,Men,Footwear,Shoes,Sports Shoes,White,Fall,2011.0,Sports,Nike Men Air Compel White Sports Shoe,index
23296,23296.jpg,F:\CEI\Celebal_Excellence_Internship\fashion-visual-search\data\subset\images\23296.jpg,Men,Footwear,Sandal,Sandals,Olive,Fall,2011.0,Casual,Lotto Men Zeus Olive Sandals,index
23290,23290.jpg,F:\CEI\Celebal_Excellence_Internship\fashion-visual-search\data\subset\images\23290.jpg,Women,Accessories,Watches,Watches,White,Winter,2016.0,Casual,Maxima Women White Dial Watch,index
51702,51702.jpg,F:\CEI\Celebal_Excellence_Internship\fashion-visual-search\data\subset\images\51702.jpg,Unisex,Accessories,Eyewear,Sunglasses,Grey,Winter,2016.0,Casual,Van Heusen Unisex Sunglasses VH220-C3,index
38586,38586.jpg,F:\CEI\Celebal_Excellence_Internship\fashion-visual-search\data\subset\images\38586.jpg,Women,Apparel,Topwear,Tshirts,Pink,Summer,2012.0,Casual,Nike Women Pink Crew T-shirt,index
29961,29961.jpg,F:\CEI\Celebal_Excellence_Internship\fashion-visual-search\data\subset\images\29961.jpg,Men,Accessories,Eyewear,Sunglasses,Brown,Winter,2016.0,Casual,Cat Men Sheet Sunglasses,index
24476,24476.jpg,F:\CEI\Celebal_Excellence_Internship\fashion-visual-search\data\subset\images\24476.jpg,Men,Footwear,Sandal,Sandals,Brown,Fall,2011.0,Casual,Crocs Men Brown Yukon Sandals,index
38446,38446.jpg,F:\CEI\Celebal_Excellence_Internship\fashion-visual-search\data\subset\images\38446.jpg,Women,Accessories,Bags,Handbags,Beige,Summer,2012.0,Casual,Baggit Women Beige Handbag,index
53391,53391.jpg,F:\CEI\Celebal_Excellence_Internship\fashion-visual-search\data\subset\images\53391.jpg,Women,Apparel,Topwear,Kurtas,White,Summer,2012.0,Ethnic,Aurelia Women White Printed Kurta,index
28928,28928.jpg,F:\CEI\Celebal_Excellence_Internship\fashion-visual-search\data\subset\images\28928.jpg,Men,Apparel,Topwear,Tshirts,Charcoal,Summer,2012.0,Casual,Mr. Men Printed Charcoal T-shirt,index
10465,10465.jpg,F:\CEI\Celebal_Excellence_Internship\fashion-visual-search\data\subset\images\10465.jpg,Men,Apparel,Topwear,Tshirts,Purple,Fall,2011.0,Casual,Flying Machine Men Paisley Purple Tshirts,index
39151,39151.jpg,F:\CEI\Celebal_Excellence_Internship\fashion-visual-search\data\subset\images\39151.jpg,Women,Apparel,Topwear,Kurtas,Green,Summer,2012.0,Ethnic,Aneri Women Green & Brown Printed Kurta,index
28284,28284.jpg,F:\CEI\Celebal_Excellence_Internship\fashion-visual-search\data\subset\images\28284.jpg,Women,Accessories,Eyewear,Sunglasses,Black,Winter,2016.0,Casual,Fastrack Women Sunglasses,index
13734,13734.jpg,F:\CEI\Celebal_Excellence_Internship\fashion-visual-search\data\subset\images\13734.jpg,Men,Apparel,Topwear,Shirts,Blue,Fall,2011.0,Casual,Belmonte Men Check Blue Shirts,index
16853,16853.jpg,F:\CEI\Celebal_Excellence_Internship\fashion-visual-search\data\subset\images\16853.jpg,Men,Accessories,Eyewear,Sunglasses,Green,Winter,2016.0,Casual,Idee Men Funky Eyewear Green Sunglasses,index
4576,4576.jpg,F:\CEI\Celebal_Excellence_Internship\fashion-visual-search\data\subset\images\4576.jpg,Men,Footwear,Shoes,Sports Shoes,Grey,Summer,2011.0,Sports,Nike Men's Incinera Grey Shoe,index
34586,34586.jpg,F:\CEI\Celebal_Excellence_Internship\fashion-visual-search\data\subset\images\34586.jpg,Women,Apparel,Dress,Dresses,Black,Summer,2012.0,Casual,Tonga Women Printed Black Dress,index
28727,28727.jpg,F:\CEI\Celebal_Excellence_Internship\fashion-visual-search\data\subset\images\28727.jpg,Women,Apparel,Topwear,Kurtas,Cream,Summer,2012.0,Ethnic,W Women Printed Cream Kurta,index
22981,22981.jpg,F:\CEI\Celebal_Excellence_Internship\fashion-visual-search\data\subset\images\22981.jpg,Men,Footwear,Shoes,Sports Shoes,White,Fall,2011.0,Sports,FILA Men White Rogue Sports Shoes,index
40478,40478.jpg,F:\CEI\Celebal_Excellence_Internship\fashion-visual-search\data\subset\images\40478.jpg,Men,Footwear,Sandal,Sandals,Black,Fall,2012.0,Casual,Fila Men Black & Red Picasso Sandals,index
9733,9733.jpg,F:\CEI\Celebal_Excellence_Internship\fashion-visual-search\data\subset\images\9733.jpg,Men,Apparel,Topwear,Shirts,Green,Fall,2011.0,Casual,Indian Terrain Men Chase Green Shirts,index
30570,30570.jpg,F:\CEI\Celebal_Excellence_Internship\fashion-visual-search\data\subset\images\30570.jpg,Men,Accessories,Eyewear,Sunglasses,Black,Winter,2016.0,Casual,Opium Men Aviator Black Sunglass,index
32582,32582.jpg,F:\CEI\Celebal_Excellence_Internship\fashion-visual-search\data\subset\images\32582.jpg,Women,Apparel,Dress,Dresses,Yellow,Summer,2012.0,Casual,ONLY Women Yellow Dotted Print Dress,index
23756,23756.jpg,F:\CEI\Celebal_Excellence_Internship\fashion-visual-search\data\subset\images\23756.jpg,Men,Accessories,Eyewear,Sunglasses,Black,Winter,2016.0,Casual,Oakley Men M Frame Hybrid Black Sunglasses,index
27868,27868.jpg,F:\CEI\Celebal_Excellence_Internship\fashion-visual-search\data\subset\images\27868.jpg,Women,Apparel,Topwear,Shirts,White,Fall,2012.0,Smart Casual,Scullers For Her Women White Striped Shirt,index
16846,16846.jpg,F:\CEI\Celebal_Excellence_Internship\fashion-visual-search\data\subset\images\16846.jpg,Men,Accessories,Eyewear,Sunglasses,Brown,Winter,2016.0,Casual,Idee Men Funky Eyewear Brown Sunglasses,index
50237,50237.jpg,F:\CEI\Celebal_Excellence_Internship\fashion-visual-search\data\subset\images\50237.jpg,Women,Accessories,Bags,Handbags,Pink,Summer,2012.0,Casual,Stoln Women Pink Handbag,index
22027,22027.jpg,F:\CEI\Celebal_Excellence_Internship\fashion-visual-search\data\subset\images\22027.jpg,Women,Apparel,Topwear,Kurtas,White,Fall,2011.0,Ethnic,Vishudh Women Floral Print Orange Kurta,index
19780,19780.jpg,F:\CEI\Celebal_Excellence_Internship\fashion-visual-search\data\subset\images\19780.jpg,Women,Accessories,Bags,Handbags,Blue,Fall,2011.0,Casual,United Colors of Benetton Women Blue Handbag,index
12012,12012.jpg,F:\CEI\Celebal_Excellence_Internship\fashion-visual-search\data\subset\images\12012.jpg,Men,Apparel,Topwear,Shirts,Blue,Fall,2011.0,Formal,Mark Taylor Men Blue Striped Shirts,index
31271,31271.jpg,F:\CEI\Celebal_Excellence_Internship\fashion-visual-search\data\subset\images\31271.jpg,Men,Apparel,Topwear,Tshirts,Red,Summer,2012.0,Casual,Puma Men Calonge Graphic Red T-shirt,index
11699,11699.jpg,F:\CEI\Celebal_Excellence_Internship\fashion-visual-search\data\subset\images\11699.jpg,Men,Apparel,Topwear,Shirts,Blue,Fall,2011.0,Casual,Lee Men Blue Check Shirt,index
22746,22746.jpg,F:\CEI\Celebal_Excellence_Internship\fashion-visual-search\data\subset\images\22746.jpg,Women,Apparel,Topwear,Kurtas,Red,Fall,2011.0,Ethnic,BIBA Women Printed Red Kurta,index
18793,18793.jpg,F:\CEI\Celebal_Excellence_Internship\fashion-visual-search\data\subset\images\18793.jpg,Unisex,Accessories,Bags,Handbags,Beige,Summer,2010.0,Casual,Peter England Unisex Casual Beige Bag,index
13904,13904.jpg,F:\CEI\Celebal_Excellence_Internship\fashion-visual-search\data\subset\images\13904.jpg,Men,Footwear,Sandal,Sandals,Grey,Fall,2011.0,Casual,Nike Men Straprunner Grey Sandals,index
25966,25966.jpg,F:\CEI\Celebal_Excellence_Internship\fashion-visual-search\data\subset\images\25966.jpg,Women,Apparel,Dress,Dresses,Brown,Summer,2012.0,Casual,Femella Women Brown Dress,index
11459,11459.jpg,F:\CEI\Celebal_Excellence_Internship\fashion-visual-search\data\subset\images\11459.jpg,Men,Apparel,Topwear,Shirts,Blue,Fall,2011.0,Formal,United Colors of Benetton Men Light Winters Blue Shirts,index
6387,6387.jpg,F:\CEI\Celebal_Excellence_Internship\fashion-visual-search\data\subset\images\6387.jpg,Men,Footwear,Shoes,Sports Shoes,Navy Blue,Summer,2011.0,Sports,Puma Men's Trim Mesh Navy White Shoe,index
38838,38838.jpg,F:\CEI\Celebal_Excellence_Internship\fashion-visual-search\data\subset\images\38838.jpg,Women,Apparel,Dress,Dresses,Pink,Fall,2012.0,Casual,Latin Quarters Women Pink & Black Printed Dress,index
31324,31324.jpg,F:\CEI\Celebal_Excellence_Internship\fashion-visual-search\data\subset\images\31324.jpg,Women,Apparel,Topwear,Kurtas,Blue,Summer,2012.0,Ethnic,Aurelia Women Printed Blue Kurta,index
40178,40178.jpg,F:\CEI\Celebal_Excellence_Internship\fashion-visual-search\data\subset\images\40178.jpg,Men,Accessories,Eyewear,Sunglasses,Black,Winter,2016.0,Casual,Fastrack Men Polarized Sporty Wrap Sunglasses,index
44563,44563.jpg,F:\CEI\Celebal_Excellence_Internship\fashion-visual-search\data\subset\images\44563.jpg,Men,Footwear,Sandal,Sandals,Black,Summer,2012.0,Casual,Coolers Men Black Sandals,index
10078,10078.jpg,F:\CEI\Celebal_Excellence_Internship\fashion-visual-search\data\subset\images\10078.jpg,Men,Footwear,Shoes,Sports Shoes,White,Fall,2011.0,Sports,Reebok Men Speed Mode White Sports Shoes,index
25720,25720.jpg,F:\CEI\Celebal_Excellence_Internship\fashion-visual-search\data\subset\images\25720.jpg,Women,Accessories,Bags,Handbags,Black,Summer,2012.0,Casual,Wrangler Women Black Canvas Sling Bag,index
25162,25162.jpg,F:\CEI\Celebal_Excellence_Internship\fashion-visual-search\data\subset\images\25162.jpg,Women,Accessories,Bags,Handbags,Black,Winter,2015.0,Casual,Lino Perros Women Leatherette Black Handbag,index
24374,24374.jpg,F:\CEI\Celebal_Excellence_Internship\fashion-visual-search\data\subset\images\24374.jpg,Women,Apparel,Topwear,Kurtas,Black,Fall,2011.0,Ethnic,Folklore Women Black  Kurta,index
46018,46018.jpg,F:\CEI\Celebal_Excellence_Internship\fashion-visual-search\data\subset\images\46018.jpg,Women,Apparel,Topwear,Kurtas,Green,Summer,2012.0,Ethnic,Fabindia Women Green Kurta,index
8641,8641.jpg,F:\CEI\Celebal_Excellence_Internship\fashion-visual-search\data\subset\images\8641.jpg,Women,Accessories,Eyewear,Sunglasses,Brown,Winter,2016.0,Casual,Fastrack Women Gradient Sunglasses P186BR1F,index
22944,22944.jpg,F:\CEI\Celebal_Excellence_Internship\fashion-visual-search\data\subset\images\22944.jpg,Unisex,Accessories,Watches,Watches,Black,Winter,2016.0,Casual,Fastrack Unisex Black Casual Watch,index
47217,47217.jpg,F:\CEI\Celebal_Excellence_Internship\fashion-visual-search\data\subset\images\47217.jpg,Men,Footwear,Sandal,Sandals,Black,Summer,2012.0,Casual,Franco Leone Men Black Sandals,index
7167,7167.jpg,F:\CEI\Celebal_Excellence_Internship\fashion-visual-search\data\subset\images\7167.jpg,Men,Apparel,Topwear,Shirts,Purple,Fall,2011.0,Casual,Scullers Men Scul Purple White Shirt,index
16118,16118.jpg,F:\CEI\Celebal_Excellence_Internship\fashion-visual-search\data\subset\images\16118.jpg,Men,Footwear,Sandal,Sandals,Blue,Fall,2011.0,Casual,Numero Uno Men Casual Blue Slipper,index
25276,25276.jpg,F:\CEI\Celebal_Excellence_Internship\fashion-visual-search\data\subset\images\25276.jpg,Women,Accessories,Bags,Handbags,Red,Summer,2012.0,Casual,Lino Perros Women Leatherite Red Handbag,index
32355,32355.jpg,F:\CEI\Celebal_Excellence_Internship\fashion-visual-search\data\subset\images\32355.jpg,Men,Accessories,Watches,Watches,Black,Winter,2016.0,Casual,Q&Q Men Black Dial Watch,index
15740,15740.jpg,F:\CEI\Celebal_Excellence_Internship\fashion-visual-search\data\subset\images\15740.jpg,Women,Footwear,Shoes,Sports Shoes,Grey,Fall,2011.0,Sports,Nike Women Air Relentless Grey Sports Shoes,index
25542,25542.jpg,F:\CEI\Celebal_Excellence_Internship\fashion-visual-search\data\subset\images\25542.jpg,Women,Apparel,Topwear,Tops,Yellow,Summer,2012.0,Casual,Wrangler Women Striper Tank Yellow Top,index
54536,54536.jpg,F:\CEI\Celebal_Excellence_Internship\fashion-visual-search\data\subset\images\54536.jpg,Men,Footwear,Shoes,Sports Shoes,Grey,Fall,2012.0,Sports,F Sports Men Grey Deen Sports Shoes,index
16320,16320.jpg,F:\CEI\Celebal_Excellence_Internship\fashion-visual-search\data\subset\images\16320.jpg,Men,Apparel,Topwear,Tshirts,Green,Fall,2011.0,Casual,Peter England Men Printed Green TShirt,index
29507,29507.jpg,F:\CEI\Celebal_Excellence_Internship\fashion-visual-search\data\subset\images\29507.jpg,Women,Accessories,Watches,Watches,Blue,Winter,2016.0,Casual,Giordano Women Blue Dial Watch,index
10185,10185.jpg,F:\CEI\Celebal_Excellence_Internship\fashion-visual-search\data\subset\images\10185.jpg,Men,Apparel,Topwear,Shirts,White,Fall,2011.0,Casual,Indigo Nation Men Price catch White Shirts,index
44990,44990.jpg,F:\CEI\Celebal_Excellence_Internship\fashion-visual-search\data\subset\images\44990.jpg,Women,Accessories,Watches,Watches,Silver,Winter,2016.0,Casual,Maxima Women Silver Dial Watch,index
11202,11202.jpg,F:\CEI\Celebal_Excellence_Internship\fashion-visual-search\data\subset\images\11202.jpg,Men,Accessories,Watches,Watches,Black,Winter,2016.0,Casual,Carrera Men Black Watch,index
11069,11069.jpg,F:\CEI\Celebal_Excellence_Internship\fashion-visual-search\data\subset\images\11069.jpg,Men,Apparel,Topwear,Shirts,Black,Fall,2011.0,Casual,Scullers Men Check Black Shirts,index
8448,8448.jpg,F:\CEI\Celebal_Excellence_Internship\fashion-visual-search\data\subset\images\8448.jpg,Women,Apparel,Topwear,Tops,Grey,Fall,2011.0,Casual,Jealous 21 Women about my style Purple Top,index
5851,5851.jpg,F:\CEI\Celebal_Excellence_Internship\fashion-visual-search\data\subset\images\5851.jpg,Women,Accessories,Bags,Handbags,Black,Summer,2011.0,Casual,ADIDAS Women Style Black Handbag,index
45261,45261.jpg,F:\CEI\Celebal_Excellence_Internship\fashion-visual-search\data\subset\images\45261.jpg,Men,Accessories,Watches,Watches,Red,Winter,2016.0,Casual,Casio G-SHOCK Men Black Dial Analogue & Digital Watch G220,index
25637,25637.jpg,F:\CEI\Celebal_Excellence_Internship\fashion-visual-search\data\subset\images\25637.jpg,Women,Accessories,Watches,Watches,Silver,Winter,2016.0,Casual,Fastrack Women Silver Casual Watch,index
8720,8720.jpg,F:\CEI\Celebal_Excellence_Internship\fashion-visual-search\data\subset\images\8720.jpg,Men,Apparel,Topwear,Shirts,Green,Fall,2011.0,Casual,Indigo Nation Men Stripes Green Shirts,index
9105,9105.jpg,F:\CEI\Celebal_Excellence_Internship\fashion-visual-search\data\subset\images\9105.jpg,Men,Footwear,Shoes,Sports Shoes,Black,Winter,2011.0,Sports,Puma Men Complete Vectana 2 Black Sports Shoes,index
31978,31978.jpg,F:\CEI\Celebal_Excellence_Internship\fashion-visual-search\data\subset\images\31978.jpg,Men,Footwear,Shoes,Sports Shoes,Grey,Summer,2012.0,Sports,Nike Men Lunarswift +3 Grey Sports Shoes,index
36207,36207.jpg,F:\CEI\Celebal_Excellence_Internship\fashion-visual-search\data\subset\images\36207.jpg,Girls,Apparel,Topwear,Tops,White,Summer,2012.0,Casual,Gini Jony Girls Printed White Top,index
51726,51726.jpg,F:\CEI\Celebal_Excellence_Internship\fashion-visual-search\data\subset\images\51726.jpg,Women,Accessories,Eyewear,Sunglasses,Brown,Winter,2016.0,Casual,Allen Solly Women Oversized Sunglasses AH220-C3,index
42527,42527.jpg,F:\CEI\Celebal_Excellence_Internship\fashion-visual-search\data\subset\images\42527.jpg,Women,Apparel,Topwear,Kurtas,Blue,Summer,2012.0,Ethnic,Mother Earth Women Blue Kurta,index
21273,21273.jpg,F:\CEI\Celebal_Excellence_Internship\fashion-visual-search\data\subset\images\21273.jpg,Unisex,Accessories,Eyewear,Sunglasses,Black,Winter,2016.0,Casual,Allen Solly Unisex Sunglasses AS123-C1,index
21131,21131.jpg,F:\CEI\Celebal_Excellence_Internship\fashion-visual-search\data\subset\images\21131.jpg,Women,Apparel,Topwear,Tops,White,Fall,2011.0,Casual,s.Oliver Women Solid White Top,index
46606,46606.jpg,F:\CEI\Celebal_Excellence_Internship\fashion-visual-search\data\subset\images\46606.jpg,Women,Footwear,Shoes,Casual Shoes,Blue,Winter,2015.0,Casual,Catwalk Women Blue Shoes,index
33169,33169.jpg,F:\CEI\Celebal_Excellence_Internship\fashion-visual-search\data\subset\images\33169.jpg,Women,Apparel,Topwear,Tops,Yellow,Summer,2012.0,Casual,Sepia Women Yellow Top,index
5384,5384.jpg,F:\CEI\Celebal_Excellence_Internship\fashion-visual-search\data\subset\images\5384.jpg,Men,Footwear,Shoes,Sports Shoes,Beige,Summer,2011.0,Sports,Quechua Arpenaz Flex Man Beige,index
6396,6396.jpg,F:\CEI\Celebal_Excellence_Internship\fashion-visual-search\data\subset\images\6396.jpg,Men,Footwear,Sandal,Sandals,Beige,Summer,2011.0,Casual,Lotto Men Revenge 02 Beige Grey Floater,index
13294,13294.jpg,F:\CEI\Celebal_Excellence_Internship\fashion-visual-search\data\subset\images\13294.jpg,Women,Apparel,Topwear,Tops,Pink,Fall,2011.0,Casual,Gini and Jony Women Printed Pink Tops,index
47812,47812.jpg,F:\CEI\Celebal_Excellence_Internship\fashion-visual-search\data\subset\images\47812.jpg,Women,Accessories,Bags,Handbags,Red,Summer,2012.0,Casual,Murcia Women Red Handbag,index
50762,50762.jpg,F:\CEI\Celebal_Excellence_Internship\fashion-visual-search\data\subset\images\50762.jpg,Men,Footwear,Sandal,Sandals,Khaki,Winter,2018.0,Casual,Red Chief Men Khaki Sandals,index
8603,8603.jpg,F:\CEI\Celebal_Excellence_Internship\fashion-visual-search\data\subset\images\8603.jpg,Unisex,Footwear,Sandal,Sandals,Black,Summer,2011.0,Casual,Crocs Crocband Kids Black Sandals,index
32517,32517.jpg,F:\CEI\Celebal_Excellence_Internship\fashion-visual-search\data\subset\images\32517.jpg,Men,Footwear,Sandal,Sandals,Brown,Summer,2013.0,Casual,Franco Leone Men Brown Sandals,index
19177,19177.jpg,F:\CEI\Celebal_Excellence_Internship\fashion-visual-search\data\subset\images\19177.jpg,Men,Apparel,Topwear,Shirts,Navy Blue,Fall,2011.0,Casual,United Colors Of Benetton Men Navy Blue Shirt,index
36751,36751.jpg,F:\CEI\Celebal_Excellence_Internship\fashion-visual-search\data\subset\images\36751.jpg,Girls,Apparel,Topwear,Tops,White,Summer,2012.0,Casual,Little Miss Girls Blah White Top,index
19701,19701.jpg,F:\CEI\Celebal_Excellence_Internship\fashion-visual-search\data\subset\images\19701.jpg,Men,Apparel,Topwear,Shirts,Blue,Fall,2011.0,Casual,United Colors of Benetton Men Striped Blue Shirt,index
6875,6875.jpg,F:\CEI\Celebal_Excellence_Internship\fashion-visual-search\data\subset\images\6875.jpg,Women,Apparel,Dress,Dresses,Black,Summer,2011.0,Casual,Forever New Women's Gold Sleeveless Black Dress,index
41869,41869.jpg,F:\CEI\Celebal_Excellence_Internship\fashion-visual-search\data\subset\images\41869.jpg,Men,Footwear,Sandal,Sandals,Yellow,Fall,2015.0,Casual,Estd. 1977 Men Yellow & Brown Sandals,index
48200,48200.jpg,F:\CEI\Celebal_Excellence_Internship\fashion-visual-search\data\subset\images\48200.jpg,Men,Accessories,Eyewear,Sunglasses,Black,Winter,2016.0,Casual,United Colors of Benetton Men Black Sunglasses,index
38176,38176.jpg,F:\CEI\Celebal_Excellence_Internship\fashion-visual-search\data\subset\images\38176.jpg,Women,Accessories,Eyewear,Sunglasses,Black,Winter,2016.0,Casual,Miami Blues Women Black Sunglasses,index
20029,20029.jpg,F:\CEI\Celebal_Excellence_Internship\fashion-visual-search\data\subset\images\20029.jpg,Men,Apparel,Topwear,Shirts,Grey,Fall,2011.0,Casual,United Colors of Benetton Men Solid Grey Shirt,index
6512,6512.jpg,F:\CEI\Celebal_Excellence_Internship\fashion-visual-search\data\subset\images\6512.jpg,Men,Apparel,Topwear,Tshirts,Green,Summer,2011.0,Casual,ADIDAS Men's Light Green T-shirt,index
11481,11481.jpg,F:\CEI\Celebal_Excellence_Internship\fashion-visual-search\data\subset\images\11481.jpg,Women,Apparel,Topwear,Tops,Green,Fall,2011.0,Casual,United Colors of Benetton Women Light Winter Green Tops,index
39622,39622.jpg,F:\CEI\Celebal_Excellence_Internship\fashion-visual-search\data\subset\images\39622.jpg,Men,Footwear,Shoes,Sports Shoes,White,Summer,2012.0,Sports,Nike Men Air Impel Leather Sports Shoes,index
20869,20869.jpg,F:\CEI\Celebal_Excellence_Internship\fashion-visual-search\data\subset\images\20869.jpg,Men,Footwear,Sandal,Sandals,Brown,Fall,2011.0,Casual,Fila Men Camper Brown Sandals,index
3649,3649.jpg,F:\CEI\Celebal_Excellence_Internship\fashion-visual-search\data\subset\images\3649.jpg,Men,Footwear,Shoes,Casual Shoes,Black,Fall,2011.0,Casual,FILA Men Elite Black Casual Shoes,index
54084,54084.jpg,F:\CEI\Celebal_Excellence_Internship\fashion-visual-search\data\subset\images\54084.jpg,Women,Apparel,Topwear,Tops,Blue,Summer,2012.0,Casual,Mumbai Slang Women Blue Top,index
5874,5874.jpg,F:\CEI\Celebal_Excellence_Internship\fashion-visual-search\data\subset\images\5874.jpg,Women,Accessories,Bags,Handbags,Black,Summer,2011.0,Casual,Puma Womens Thrill Black handbag,index
11084,11084.jpg,F:\CEI\Celebal_Excellence_Internship\fashion-visual-search\data\subset\images\11084.jpg,Men,Apparel,Topwear,Shirts,Blue,Fall,2011.0,Casual,Scullers Men Check Blue Shirts,index
44893,44893.jpg,F:\CEI\Celebal_Excellence_Internship\fashion-visual-search\data\subset\images\44893.jpg,Men,Apparel,Topwear,Tshirts,Grey,Summer,2012.0,Casual,Puma Men Grey Honeycomb Polo T-shirt,index
34885,34885.jpg,F:\CEI\Celebal_Excellence_Internship\fashion-visual-search\data\subset\images\34885.jpg,Women,Accessories,Bags,Handbags,Multi,Summer,2012.0,Casual,Envirosax Women Multi Coloured Bag,index
54388,54388.jpg,F:\CEI\Celebal_Excellence_Internship\fashion-visual-search\data\subset\images\54388.jpg,Women,Accessories,Bags,Handbags,Brown,Summer,2012.0,Casual,Baggit Women Brown Handbag,index
29572,29572.jpg,F:\CEI\Celebal_Excellence_Internship\fashion-visual-search\data\subset\images\29572.jpg,Men,Footwear,Shoes,Casual Shoes,Grey,Summer,2012.0,Casual,Vans Men Classic Slip-On Grey Shoes,index
35660,35660.jpg,F:\CEI\Celebal_Excellence_Internship\fashion-visual-search\data\subset\images\35660.jpg,Men,Footwear,Shoes,Casual Shoes,Black,Summer,2012.0,Casual,U.S. Polo Assn. Men Black Shoes,index
44528,44528.jpg,F:\CEI\Celebal_Excellence_Internship\fashion-visual-search\data\subset\images\44528.jpg,Men,Footwear,Sandal,Sandals,Black,Summer,2012.0,Casual,Coolers Men Black Sandals,index
13382,13382.jpg,F:\CEI\Celebal_Excellence_Internship\fashion-visual-search\data\subset\images\13382.jpg,Women,Footwear,Shoes,Casual Shoes,Brown,Fall,2011.0,Casual,Timberland Women Femmes Brown Casual Shoes,index
56324,56324.jpg,F:\CEI\Celebal_Excellence_Internship\fashion-visual-search\data\subset\images\56324.jpg,Women,Accessories,Watches,Watches,White,Winter,2016.0,Casual,Fastrack Women White Dial Watch,index
17613,17613.jpg,F:\CEI\Celebal_Excellence_Internship\fashion-visual-search\data\subset\images\17613.jpg,Boys,Apparel,Topwear,Tshirts,Red,Fall,2011.0,Casual,Doodle Boys Catch Me Red Tshirt,index
2683,2683.jpg,F:\CEI\Celebal_Excellence_Internship\fashion-visual-search\data\subset\images\2683.jpg,Men,Apparel,Topwear,Tshirts,Red,Summer,2011.0,Casual,Inkfruit Men's Red And Black T-shirt,index
23843,23843.jpg,F:\CEI\Celebal_Excellence_Internship\fashion-visual-search\data\subset\images\23843.jpg,Men,Footwear,Shoes,Sports Shoes,Grey,Summer,2011.0,Sports,ADIDAS Men Grey Uraha Sports Shoes,index
19699,19699.jpg,F:\CEI\Celebal_Excellence_Internship\fashion-visual-search\data\subset\images\19699.jpg,Men,Apparel,Topwear,Shirts,White,Fall,2011.0,Casual,United Colors of Benetton Men White Shirt,index
28580,28580.jpg,F:\CEI\Celebal_Excellence_Internship\fashion-visual-search\data\subset\images\28580.jpg,Men,Accessories,Watches,Watches,Blue,Winter,2016.0,Casual,ADIDAS Originals Men Blue Dial Watch ADH2649,index
17217,17217.jpg,F:\CEI\Celebal_Excellence_Internship\fashion-visual-search\data\subset\images\17217.jpg,Men,Accessories,Eyewear,Sunglasses,Black,Winter,2016.0,Casual,United Colors of Benetton Men Funky Eyewear Black Sunglasses,index
38663,38663.jpg,F:\CEI\Celebal_Excellence_Internship\fashion-visual-search\data\subset\images\38663.jpg,Men,Footwear,Shoes,Sports Shoes,Black,Summer,2012.0,Sports,Nike Men Downshifter Black Sports Shoes,index
15258,15258.jpg,F:\CEI\Celebal_Excellence_Internship\fashion-visual-search\data\subset\images\15258.jpg,Women,Footwear,Shoes,Casual Shoes,Beige,Fall,2011.0,Casual,ADIDAS Originals Women Concord Round Beige Casual Shoes,index
6139,6139.jpg,F:\CEI\Celebal_Excellence_Internship\fashion-visual-search\data\subset\images\6139.jpg,Unisex,Footwear,Sandal,Sandals,Black,Summer,2011.0,Casual,Puma Unisex Winch Black Green Floater,index
5248,5248.jpg,F:\CEI\Celebal_Excellence_Internship\fashion-visual-search\data\subset\images\5248.jpg,Women,Footwear,Shoes,Sports Shoes,White,Summer,2011.0,Sports,Reebok Women Easytone Reenew White Red Shoe,index
59916,59916.jpg,F:\CEI\Celebal_Excellence_Internship\fashion-visual-search\data\subset\images\59916.jpg,Women,Apparel,Topwear,Kurtas,Brown,Summer,2012.0,Ethnic,Diva Women Brown Kurta,index
47118,47118.jpg,F:\CEI\Celebal_Excellence_Internship\fashion-visual-search\data\subset\images\47118.jpg,Boys,Footwear,Sandal,Sandals,Red,Spring,2013.0,Casual,Marvel Boys Red Spiderman Clogs,index
34593,34593.jpg,F:\CEI\Celebal_Excellence_Internship\fashion-visual-search\data\subset\images\34593.jpg,Women,Apparel,Topwear,Tops,Pink,Summer,2012.0,Casual,Tonga Women Pink Printed Top,index
5486,5486.jpg,F:\CEI\Celebal_Excellence_Internship\fashion-visual-search\data\subset\images\5486.jpg,Boys,Apparel,Topwear,Tshirts,Navy Blue,Summer,2011.0,Casual,Ant Kids Boy's Whats Up Navy Kidswear,index
8486,8486.jpg,F:\CEI\Celebal_Excellence_Internship\fashion-visual-search\data\subset\images\8486.jpg,Women,Apparel,Dress,Dresses,Blue,Fall,2011.0,Casual,Forever New Women Butterbean Blue Dress,index
40547,40547.jpg,F:\CEI\Celebal_Excellence_Internship\fashion-visual-search\data\subset\images\40547.jpg,Women,Accessories,Watches,Watches,Silver,Winter,2016.0,Casual,Titan Women Silver Watch,index
20420,20420.jpg,F:\CEI\Celebal_Excellence_Internship\fashion-visual-search\data\subset\images\20420.jpg,Women,Accessories,Bags,Handbags,Purple,Winter,2015.0,Casual,Baggit Women Bijli Taj Purple Handbag,index
33393,33393.jpg,F:\CEI\Celebal_Excellence_Internship\fashion-visual-search\data\subset\images\33393.jpg,Women,Accessories,Bags,Handbags,Brown,Summer,2012.0,Casual,Baggit Women Faltu Taj Brown Handbag,index
48479,48479.jpg,F:\CEI\Celebal_Excellence_Internship\fashion-visual-search\data\subset\images\48479.jpg,Women,Apparel,Dress,Dresses,Black,Winter,2011.0,Party,French Connection Women Black Dress,index
26956,26956.jpg,F:\CEI\Celebal_Excellence_Internship\fashion-visual-search\data\subset\images\26956.jpg,Women,Apparel,Topwear,Tops,Black,Summer,2012.0,Casual,Jealous 21 Women Black Top,index
31465,31465.jpg,F:\CEI\Celebal_Excellence_Internship\fashion-visual-search\data\subset\images\31465.jpg,Men,Apparel,Topwear,Tshirts,Blue,Summer,2012.0,Casual,Nike Men Training Blue T-shirt,index
35670,35670.jpg,F:\CEI\Celebal_Excellence_Internship\fashion-visual-search\data\subset\images\35670.jpg,Men,Footwear,Shoes,Casual Shoes,Navy Blue,Spring,2013.0,Casual,U.S. Polo Assn. Men Navy Blue Shoes,index
23724,23724.jpg,F:\CEI\Celebal_Excellence_Internship\fashion-visual-search\data\subset\images\23724.jpg,Men,Accessories,Eyewear,Sunglasses,Steel,Winter,2016.0,Casual,Ray-Ban Men High Street Steel Sunglasses,index
24455,24455.jpg,F:\CEI\Celebal_Excellence_Internship\fashion-visual-search\data\subset\images\24455.jpg,Women,Footwear,Shoes,Sports Shoes,White,Summer,2012.0,Casual,Nike Women Court Majestic White Shoes,index
36687,36687.jpg,F:\CEI\Celebal_Excellence_Internship\fashion-visual-search\data\subset\images\36687.jpg,Men,Footwear,Sandal,Sandals,Navy Blue,Summer,2012.0,Casual,Spalding Men Grey And  Navy Blue Sandals,index
41876,41876.jpg,F:\CEI\Celebal_Excellence_Internship\fashion-visual-search\data\subset\images\41876.jpg,Men,Footwear,Sandal,Sandals,Black,Summer,2016.0,Casual,Estd. 1977 Men Beige & Black Sandals,index
37856,37856.jpg,F:\CEI\Celebal_Excellence_Internship\fashion-visual-search\data\subset\images\37856.jpg,Women,Accessories,Bags,Handbags,Black,Summer,2012.0,Casual,Hidekraft Women Black Handbag,index
47689,47689.jpg,F:\CEI\Celebal_Excellence_Internship\fashion-visual-search\data\subset\images\47689.jpg,Women,Accessories,Bags,Handbags,Brown,Summer,2012.0,Casual,Murcia Women Brown Sling Bag,index
16981,16981.jpg,F:\CEI\Celebal_Excellence_Internship\fashion-visual-search\data\subset\images\16981.jpg,Men,Footwear,Sandal,Sandals,Blue,Spring,2012.0,Casual,Puma Men Arizona Blue Slipper,index
36136,36136.jpg,F:\CEI\Celebal_Excellence_Internship\fashion-visual-search\data\subset\images\36136.jpg,Women,Footwear,Shoes,Sports Shoes,Green,Summer,2012.0,Sports,Nike Women Free Run+ 3 Green Sports Shoes,index
5999,5999.jpg,F:\CEI\Celebal_Excellence_Internship\fashion-visual-search\data\subset\images\5999.jpg,Men,Apparel,Topwear,Shirts,Blue,Summer,2011.0,Casual,Highlander Men Blue White Checked Slim Fit Shirt,index
23035,23035.jpg,F:\CEI\Celebal_Excellence_Internship\fashion-visual-search\data\subset\images\23035.jpg,Men,Apparel,Topwear,Shirts,Lavender,Fall,2011.0,Formal,Arrow Men Lavender Striped Shirt,index
4398,4398.jpg,F:\CEI\Celebal_Excellence_Internship\fashion-visual-search\data\subset\images\4398.jpg,Men,Apparel,Topwear,Tshirts,Green,Summer,2011.0,Casual,Free Authority Men's Foil Raw Edge Washed Olive T-shirt,index
30566,30566.jpg,F:\CEI\Celebal_Excellence_Internship\fashion-visual-search\data\subset\images\30566.jpg,Men,Accessories,Eyewear,Sunglasses,Red,Winter,2016.0,Casual,Opium Men Black Sunglasses,index
43303,43303.jpg,F:\CEI\Celebal_Excellence_Internship\fashion-visual-search\data\subset\images\43303.jpg,Women,Apparel,Dress,Dresses,Black,Summer,2012.0,Casual,United Colors of Benetton Women Black Dress,index
43619,43619.jpg,F:\CEI\Celebal_Excellence_Internship\fashion-visual-search\data\subset\images\43619.jpg,Women,Apparel,Topwear,Tops,Yellow,Summer,2012.0,Casual,Vero Moda Women Yellow Top,index
38290,38290.jpg,F:\CEI\Celebal_Excellence_Internship\fashion-visual-search\data\subset\images\38290.jpg,Girls,Apparel,Topwear,Tops,Turquoise Blue,Summer,2012.0,Casual,Kids Ville Girls Turquoise Blue Top,index
59986,59986.jpg,F:\CEI\Celebal_Excellence_Internship\fashion-visual-search\data\subset\images\59986.jpg,Women,Apparel,Dress,Dresses,Black,Fall,2012.0,Smart Casual,Avirate Women Black Dress,index
10216,10216.jpg,F:\CEI\Celebal_Excellence_Internship\fashion-visual-search\data\subset\images\10216.jpg,Women,Accessories,Bags,Handbags,Green,Winter,2015.0,Casual,Murcia Women Hths Green Handbags,index
35237,35237.jpg,F:\CEI\Celebal_Excellence_Internship\fashion-visual-search\data\subset\images\35237.jpg,Men,Footwear,Shoes,Casual Shoes,Black,Fall,2012.0,Casual,Fortune Men Black Casual Shoes,index
5699,5699.jpg,F:\CEI\Celebal_Excellence_Internship\fashion-visual-search\data\subset\images\5699.jpg,Men,Footwear,Shoes,Casual Shoes,Black,Winter,2015.0,Casual,Skechers Men's Striking Black Shoe,index
9996,9996.jpg,F:\CEI\Celebal_Excellence_Internship\fashion-visual-search\data\subset\images\9996.jpg,Women,Apparel,Topwear,Tops,Blue,Summer,2011.0,Casual,Palm Tree Girls Sp Jelly Top Blue Tops,index
40993,40993.jpg,F:\CEI\Celebal_Excellence_Internship\fashion-visual-search\data\subset\images\40993.jpg,Girls,Apparel,Topwear,Tops,Pink,Summer,2012.0,Casual,Gini and Jony Girls Pink Striped Top,index
21275,21275.jpg,F:\CEI\Celebal_Excellence_Internship\fashion-visual-search\data\subset\images\21275.jpg,Unisex,Accessories,Eyewear,Sunglasses,Brown,Winter,2016.0,Casual,Allen Solly Unisex Sunglasses AS123-C3,index
8092,8092.jpg,F:\CEI\Celebal_Excellence_Internship\fashion-visual-search\data\subset\images\8092.jpg,Men,Footwear,Shoes,Sports Shoes,White,Fall,2011.0,Sports,ADIDAS Men Galaxy Elite White Sports Shoes,index
29945,29945.jpg,F:\CEI\Celebal_Excellence_Internship\fashion-visual-search\data\subset\images\29945.jpg,Men,Accessories,Watches,Watches,Black,Winter,2016.0,Casual,Police Men Black Dial Watch PL13088JSB-02,index
25529,25529.jpg,F:\CEI\Celebal_Excellence_Internship\fashion-visual-search\data\subset\images\25529.jpg,Men,Apparel,Topwear,Shirts,White,Summer,2012.0,Casual,Wrangler Men Griffith White Shirt,index
57165,57165.jpg,F:\CEI\Celebal_Excellence_Internship\fashion-visual-search\data\subset\images\57165.jpg,Women,Apparel,Topwear,Tops,Magenta,Summer,2012.0,Casual,Elle Women Magenta Clash Top,index
44561,44561.jpg,F:\CEI\Celebal_Excellence_Internship\fashion-visual-search\data\subset\images\44561.jpg,Men,Footwear,Sandal,Sandals,Black,Summer,2012.0,Casual,Coolers Men Black Sandals,index
32454,32454.jpg,F:\CEI\Celebal_Excellence_Internship\fashion-visual-search\data\subset\images\32454.jpg,Men,Apparel,Topwear,Tshirts,White,Spring,2013.0,Sports,ADIDAS Men White T-shirt,index
8475,8475.jpg,F:\CEI\Celebal_Excellence_Internship\fashion-visual-search\data\subset\images\8475.jpg,Women,Apparel,Topwear,Tops,Purple,Fall,2011.0,Casual,Scullers For Her Women Check Purple Top,index
9611,9611.jpg,F:\CEI\Celebal_Excellence_Internship\fashion-visual-search\data\subset\images\9611.jpg,Men,Apparel,Topwear,Shirts,White,Fall,2011.0,Formal,Indigo Nation Men Price catch Green White Shirts,index
33444,33444.jpg,F:\CEI\Celebal_Excellence_Internship\fashion-visual-search\data\subset\images\33444.jpg,Women,Accessories,Bags,Handbags,Brown,Summer,2012.0,Casual,Baggit Women Camel Brown Sling Bag,index
38051,38051.jpg,F:\CEI\Celebal_Excellence_Internship\fashion-visual-search\data\subset\images\38051.jpg,Men,Accessories,Watches,Watches,Black,Winter,2016.0,Casual,Q&Q Men Black Digital Watch M124J001Y,index
20611,20611.jpg,F:\CEI\Celebal_Excellence_Internship\fashion-visual-search\data\subset\images\20611.jpg,Women,Accessories,Bags,Handbags,Red,Winter,2015.0,Casual,Baggit Women Frankie Hoor Red Handbag,index
10598,10598.jpg,F:\CEI\Celebal_Excellence_Internship\fashion-visual-search\data\subset\images\10598.jpg,Women,Apparel,Topwear,Shirts,Blue,Fall,2011.0,Casual,Flying Machine Women HS Blue Denim Shirt,index
44739,44739.jpg,F:\CEI\Celebal_Excellence_Internship\fashion-visual-search\data\subset\images\44739.jpg,Men,Footwear,Shoes,Casual Shoes,Grey,Summer,2012.0,Casual,Globalite Men Grey Starcross Shoes,index
24507,24507.jpg,F:\CEI\Celebal_Excellence_Internship\fashion-visual-search\data\subset\images\24507.jpg,Women,Apparel,Topwear,Kurtas,Brown,Fall,2011.0,Ethnic,Mother Earth Women Brown Printed Kurta,index
27736,27736.jpg,F:\CEI\Celebal_Excellence_Internship\fashion-visual-search\data\subset\images\27736.jpg,Women,Accessories,Bags,Handbags,Black,Winter,2015.0,Casual,Murcia Women Black Handbag,index
4183,4183.jpg,F:\CEI\Celebal_Excellence_Internship\fashion-visual-search\data\subset\images\4183.jpg,Men,Footwear,Shoes,Casual Shoes,Brown,Summer,2011.0,Casual,Rockport Men Brown Leather Casual Shoes,index
48085,48085.jpg,F:\CEI\Celebal_Excellence_Internship\fashion-visual-search\data\subset\images\48085.jpg,Women,Apparel,Dress,Dresses,Purple,Summer,2012.0,Casual,French Connection Women Purple Dress,index
17308,17308.jpg,F:\CEI\Celebal_Excellence_Internship\fashion-visual-search\data\subset\images\17308.jpg,Men,Accessories,Eyewear,Sunglasses,Brown,Winter,2016.0,Casual,Pepe Jeans Men Casual Sunglasses,index
14097,14097.jpg,F:\CEI\Celebal_Excellence_Internship\fashion-visual-search\data\subset\images\14097.jpg,Men,Apparel,Topwear,Tshirts,Blue,Fall,2011.0,Casual,Flying Machine Men Blue Polo Tshirts,index
37319,37319.jpg,F:\CEI\Celebal_Excellence_Internship\fashion-visual-search\data\subset\images\37319.jpg,Men,Accessories,Watches,Watches,Black,Winter,2016.0,Casual,CASIO G-Shock Men Black Digital Watch G-9300-1DR G342,index
39910,39910.jpg,F:\CEI\Celebal_Excellence_Internship\fashion-visual-search\data\subset\images\39910.jpg,Men,Footwear,Shoes,Sports Shoes,Blue,Summer,2012.0,Sports,ADIDAS Men Blue & Red F10 Sports Shoes,index
48483,48483.jpg,F:\CEI\Celebal_Excellence_Internship\fashion-visual-search\data\subset\images\48483.jpg,Women,Apparel,Dress,Dresses,Blue,Winter,2011.0,Casual,French Connection Women Blue Dress,index
4437,4437.jpg,F:\CEI\Celebal_Excellence_Internship\fashion-visual-search\data\subset\images\4437.jpg,Unisex,Footwear,Shoes,Casual Shoes,White,Summer,2011.0,Casual,Converse Unisex Strips White Black Canvas Shoe,index
33688,33688.jpg,F:\CEI\Celebal_Excellence_Internship\fashion-visual-search\data\subset\images\33688.jpg,Men,Footwear,Sandal,Sandals,White,Winter,2012.0,Casual,Cobblerz Men White Sandals,index
19614,19614.jpg,F:\CEI\Celebal_Excellence_Internship\fashion-visual-search\data\subset\images\19614.jpg,Women,Apparel,Topwear,Tshirts,White,Summer,2011.0,Casual,United Colors of Benetton Women White T-shirt,index
19110,19110.jpg,F:\CEI\Celebal_Excellence_Internship\fashion-visual-search\data\subset\images\19110.jpg,Men,Apparel,Topwear,Tshirts,Beige,Winter,2016.0,Casual,Campbell Men Pack of 3 Solid Tshirts,index
4628,4628.jpg,F:\CEI\Celebal_Excellence_Internship\fashion-visual-search\data\subset\images\4628.jpg,Men,Footwear,Sandal,Sandals,Brown,Summer,2011.0,Casual,ADIDAS Men Terra Lea Brown Sandal,index
12515,12515.jpg,F:\CEI\Celebal_Excellence_Internship\fashion-visual-search\data\subset\images\12515.jpg,Men,Footwear,Shoes,Casual Shoes,Black,Winter,2018.0,Casual,Red Tape Men Black Shoes,index
21744,21744.jpg,F:\CEI\Celebal_Excellence_Internship\fashion-visual-search\data\subset\images\21744.jpg,Unisex,Footwear,Shoes,Casual Shoes,Black,Fall,2011.0,Casual,Vans Unisex Classic Slip-On Black Casual Shoe,index
14283,14283.jpg,F:\CEI\Celebal_Excellence_Internship\fashion-visual-search\data\subset\images\14283.jpg,Women,Footwear,Shoes,Casual Shoes,Brown,Fall,2011.0,Casual,Timberland Women Chauncy ox  Casual Shoe,index
52118,52118.jpg,F:\CEI\Celebal_Excellence_Internship\fashion-visual-search\data\subset\images\52118.jpg,Women,Apparel,Topwear,Tops,White,Summer,2012.0,Casual,Myntra Women Multi Coloured Printed Top,index
22884,22884.jpg,F:\CEI\Celebal_Excellence_Internship\fashion-visual-search\data\subset\images\22884.jpg,Men,Footwear,Sandal,Sandals,Brown,Summer,2016.0,Casual,Woodland Men Brown Casual Sandals,index
20398,20398.jpg,F:\CEI\Celebal_Excellence_Internship\fashion-visual-search\data\subset\images\20398.jpg,Women,Accessories,Bags,Handbags,Brown,Winter,2015.0,Casual,Baggit Women Golmaal Taj Brown Handbag,index
59311,59311.jpg,F:\CEI\Celebal_Excellence_Internship\fashion-visual-search\data\subset\images\59311.jpg,Men,Footwear,Sandal,Sandals,Black,Fall,2012.0,Casual,Gliders Men Black Sandals,index
32393,32393.jpg,F:\CEI\Celebal_Excellence_Internship\fashion-visual-search\data\subset\images\32393.jpg,Women,Apparel,Topwear,Shirts,Blue,Summer,2012.0,Formal,Arrow Woman Blue Shirt,index
6799,6799.jpg,F:\CEI\Celebal_Excellence_Internship\fashion-visual-search\data\subset\images\6799.jpg,Unisex,Footwear,Shoes,Casual Shoes,Yellow,Summer,2011.0,Casual,Converse Unisex Yellow Canvas Shoe,index
18401,18401.jpg,F:\CEI\Celebal_Excellence_Internship\fashion-visual-search\data\subset\images\18401.jpg,Men,Footwear,Sandal,Sandals,Brown,Fall,2011.0,Casual,Skechers Men USA Brown Sandals,index
17824,17824.jpg,F:\CEI\Celebal_Excellence_Internship\fashion-visual-search\data\subset\images\17824.jpg,Unisex,Footwear,Sandal,Sandals,Black,Fall,2011.0,Casual,Nike Unisex Air Deschutz Black Sandal,index
47493,47493.jpg,F:\CEI\Celebal_Excellence_Internship\fashion-visual-search\data\subset\images\47493.jpg,Unisex,Footwear,Sandal,Sandals,Grey,Fall,2012.0,Casual,Footfun Kids Unisex Grey Sandals,index
57126,57126.jpg,F:\CEI\Celebal_Excellence_Internship\fashion-visual-search\data\subset\images\57126.jpg,Women,Apparel,Topwear,Tops,Red,Summer,2012.0,Casual,Elle Women Printed Red Top,index
40413,40413.jpg,F:\CEI\Celebal_Excellence_Internship\fashion-visual-search\data\subset\images\40413.jpg,Women,Apparel,Dress,Dresses,White,Summer,2012.0,Casual,Tonga Women White Dress,index
42244,42244.jpg,F:\CEI\Celebal_Excellence_Internship\fashion-visual-search\data\subset\images\42244.jpg,Women,Apparel,Topwear,Tops,Grey,Summer,2012.0,Casual,Sepia Women Grey Top,index
5350,5350.jpg,F:\CEI\Celebal_Excellence_Internship\fashion-visual-search\data\subset\images\5350.jpg,Men,Footwear,Shoes,Sports Shoes,White,Fall,2011.0,Sports,Artengo Artengo 522c Man Synthe,index
49630,49630.jpg,F:\CEI\Celebal_Excellence_Internship\fashion-visual-search\data\subset\images\49630.jpg,Women,Apparel,Dress,Dresses,Blue,Summer,2012.0,Casual,Mineral Blue Dress,index
3779,3779.jpg,F:\CEI\Celebal_Excellence_Internship\fashion-visual-search\data\subset\images\3779.jpg,Men,Apparel,Topwear,Tshirts,Black,Summer,2011.0,Casual,Status Quo Men's Black Polo T-shirt,index
19652,19652.jpg,F:\CEI\Celebal_Excellence_Internship\fashion-visual-search\data\subset\images\19652.jpg,Women,Apparel,Topwear,Tops,White,Fall,2011.0,Casual,United Colors of Benetton Women White Printed Top,index
28360,28360.jpg,F:\CEI\Celebal_Excellence_Internship\fashion-visual-search\data\subset\images\28360.jpg,Men,Accessories,Eyewear,Sunglasses,Copper,Winter,2016.0,Casual,Idee Men Copper Sunglasses,index
22021,22021.jpg,F:\CEI\Celebal_Excellence_Internship\fashion-visual-search\data\subset\images\22021.jpg,Women,Apparel,Topwear,Kurtas,Pink,Fall,2011.0,Ethnic,Vishudh Women Printed Pink Kurta,index
17961,17961.jpg,F:\CEI\Celebal_Excellence_Internship\fashion-visual-search\data\subset\images\17961.jpg,Men,Footwear,Sandal,Sandals,Grey,Fall,2011.0,Casual,Puma Men Scuba Grey Slipper,index
38535,38535.jpg,F:\CEI\Celebal_Excellence_Internship\fashion-visual-search\data\subset\images\38535.jpg,Men,Footwear,Shoes,Casual Shoes,White,Summer,2012.0,Casual,Puma Men White Benecio Shoes,index
45781,45781.jpg,F:\CEI\Celebal_Excellence_Internship\fashion-visual-search\data\subset\images\45781.jpg,Women,Apparel,Topwear,Tops,Black,Summer,2012.0,Casual,Remanika Women Black and White Top,index
50279,50279.jpg,F:\CEI\Celebal_Excellence_Internship\fashion-visual-search\data\subset\images\50279.jpg,Men,Footwear,Shoes,Casual Shoes,Navy Blue,Summer,2013.0,Casual,Arrow Men Navy Blue Shoes,index
45216,45216.jpg,F:\CEI\Celebal_Excellence_Internship\fashion-visual-search\data\subset\images\45216.jpg,Women,Accessories,Watches,Watches,White,Winter,2016.0,Casual,CASIO Enticer Women White Dial Analogue Watch,index
37414,37414.jpg,F:\CEI\Celebal_Excellence_Internship\fashion-visual-search\data\subset\images\37414.jpg,Women,Accessories,Bags,Handbags,Black,Summer,2012.0,Casual,Murcia Women Black Handbag,index
3823,3823.jpg,F:\CEI\Celebal_Excellence_Internship\fashion-visual-search\data\subset\images\3823.jpg,Unisex,Footwear,Sandal,Sandals,White,Summer,2011.0,Casual,Crocs Unisex Crocband White Sandal,index
25698,25698.jpg,F:\CEI\Celebal_Excellence_Internship\fashion-visual-search\data\subset\images\25698.jpg,Women,Apparel,Topwear,Tops,Brown,Summer,2012.0,Casual,Mumbai Slang Women Printed Brown Top,index
5500,5500.jpg,F:\CEI\Celebal_Excellence_Internship\fashion-visual-search\data\subset\images\5500.jpg,Men,Apparel,Topwear,Tshirts,White,Summer,2011.0,Casual,Mr.Men Men's Mr.Perfect White T-shirt,index
13122,13122.jpg,F:\CEI\Celebal_Excellence_Internship\fashion-visual-search\data\subset\images\13122.jpg,Men,Footwear,Sandal,Sandals,Brown,Fall,2011.0,Casual,Lee Cooper Men Brown Sandals,index
16164,16164.jpg,F:\CEI\Celebal_Excellence_Internship\fashion-visual-search\data\subset\images\16164.jpg,Men,Footwear,Sandal,Sandals,Brown,Summer,2012.0,Casual,Enroute Men Leather Brown Sandals,index
28747,28747.jpg,F:\CEI\Celebal_Excellence_Internship\fashion-visual-search\data\subset\images\28747.jpg,Women,Apparel,Topwear,Kurtas,Black,Summer,2012.0,Ethnic,Aurelia Women Printed Black Kurta,index
47419,47419.jpg,F:\CEI\Celebal_Excellence_Internship\fashion-visual-search\data\subset\images\47419.jpg,Women,Accessories,Bags,Handbags,Black,Fall,2012.0,Casual,Baggit Women Black Handbag,index
49773,49773.jpg,F:\CEI\Celebal_Excellence_Internship\fashion-visual-search\data\subset\images\49773.jpg,Women,Apparel,Topwear,Kurtas,Blue,Summer,2012.0,Ethnic,Alma Women  Light Blue Printed Kurta,index
34750,34750.jpg,F:\CEI\Celebal_Excellence_Internship\fashion-visual-search\data\subset\images\34750.jpg,Men,Footwear,Shoes,Casual Shoes,Black,Summer,2012.0,Casual,Puma Men Black Benecio Shoes,index
24924,24924.jpg,F:\CEI\Celebal_Excellence_Internship\fashion-visual-search\data\subset\images\24924.jpg,Women,Apparel,Topwear,Tops,Blue,Summer,2012.0,Casual,United Colors of Benetton Women Blue Top,index
53931,53931.jpg,F:\CEI\Celebal_Excellence_Internship\fashion-visual-search\data\subset\images\53931.jpg,Women,Accessories,Bags,Handbags,Grey,Summer,2012.0,Casual,Kiara Women Grey Handbag,index
3778,3778.jpg,F:\CEI\Celebal_Excellence_Internship\fashion-visual-search\data\subset\images\3778.jpg,Men,Apparel,Topwear,Tshirts,Green,Summer,2011.0,Casual,Status Quo Men's Green Polo T-shirt,index
34632,34632.jpg,F:\CEI\Celebal_Excellence_Internship\fashion-visual-search\data\subset\images\34632.jpg,Men,Footwear,Shoes,Sports Shoes,Grey,Summer,2012.0,Sports,Lotto Men Dolce Vita II Grey Sports Shoes,index
30270,30270.jpg,F:\CEI\Celebal_Excellence_Internship\fashion-visual-search\data\subset\images\30270.jpg,Men,Accessories,Eyewear,Sunglasses,Black,Summer,2017.0,Casual,Speedo Men Sheet Sunglasses,index
25607,25607.jpg,F:\CEI\Celebal_Excellence_Internship\fashion-visual-search\data\subset\images\25607.jpg,Men,Accessories,Watches,Watches,Steel,Winter,2016.0,Casual,Fastrack Men Steel Watch,index
59989,59989.jpg,F:\CEI\Celebal_Excellence_Internship\fashion-visual-search\data\subset\images\59989.jpg,Women,Apparel,Dress,Dresses,Black,Fall,2012.0,Party,Avirate Women Black Dress,index
39970,39970.jpg,F:\CEI\Celebal_Excellence_Internship\fashion-visual-search\data\subset\images\39970.jpg,Men,Footwear,Shoes,Casual Shoes,Red,Spring,2013.0,Casual,Gas Men Red Cutback Shoes,index
51638,51638.jpg,F:\CEI\Celebal_Excellence_Internship\fashion-visual-search\data\subset\images\51638.jpg,Unisex,Accessories,Watches,Watches,Gold,Winter,2016.0,Casual,Fossil Unisex Gold-Toned Dial Chronograph Watch FS4724,index
8798,8798.jpg,F:\CEI\Celebal_Excellence_Internship\fashion-visual-search\data\subset\images\8798.jpg,Men,Apparel,Topwear,Shirts,Red,Fall,2011.0,Casual,Scullers Men Red Check Shirt,index
8484,8484.jpg,F:\CEI\Celebal_Excellence_Internship\fashion-visual-search\data\subset\images\8484.jpg,Women,Apparel,Dress,Dresses,Purple,Fall,2011.0,Casual,Forever New Women Floral Purple Dress,index
19770,19770.jpg,F:\CEI\Celebal_Excellence_Internship\fashion-visual-search\data\subset\images\19770.jpg,Men,Footwear,Sandal,Sandals,Black,Spring,2012.0,Casual,ADIDAS Men Feather Black Sandals,index
28308,28308.jpg,F:\CEI\Celebal_Excellence_Internship\fashion-visual-search\data\subset\images\28308.jpg,Men,Accessories,Eyewear,Sunglasses,Purple,Winter,2016.0,Casual,Fastrack Men Sunglasses P119BR2,index
40181,40181.jpg,F:\CEI\Celebal_Excellence_Internship\fashion-visual-search\data\subset\images\40181.jpg,Men,Accessories,Eyewear,Sunglasses,Grey,Winter,2016.0,Casual,Fastrack Men Revo Coated Sporty Wrap Sunglasses,index
11943,11943.jpg,F:\CEI\Celebal_Excellence_Internship\fashion-visual-search\data\subset\images\11943.jpg,Men,Footwear,Sandal,Sandals,Brown,Winter,2012.0,Casual,Ganuchi Men Brown Sandals,index
32336,32336.jpg,F:\CEI\Celebal_Excellence_Internship\fashion-visual-search\data\subset\images\32336.jpg,Men,Accessories,Watches,Watches,White,Winter,2016.0,Casual,Q&Q Dynamiq Men White Dial Watch Q276J404Y,index
58493,58493.jpg,F:\CEI\Celebal_Excellence_Internship\fashion-visual-search\data\subset\images\58493.jpg,Women,Apparel,Dress,Dresses,Grey,Fall,2012.0,Casual,Tonga Women Grey Dress,index
30863,30863.jpg,F:\CEI\Celebal_Excellence_Internship\fashion-visual-search\data\subset\images\30863.jpg,Women,Apparel,Topwear,Kurtas,Blue,Summer,2012.0,Ethnic,Fabindia Women Blue Mangalgiri Kurta,index
8674,8674.jpg,F:\CEI\Celebal_Excellence_Internship\fashion-visual-search\data\subset\images\8674.jpg,Men,Accessories,Eyewear,Sunglasses,Brown,Winter,2016.0,Casual,Fastrack Titan Men Sunglasses FTML016NYGP2,index
18895,18895.jpg,F:\CEI\Celebal_Excellence_Internship\fashion-visual-search\data\subset\images\18895.jpg,Women,Apparel,Dress,Dresses,Grey,Fall,2011.0,Casual,Arrow Woman Lida Grey Dress,index
43002,43002.jpg,F:\CEI\Celebal_Excellence_Internship\fashion-visual-search\data\subset\images\43002.jpg,Men,Footwear,Shoes,Sports Shoes,Grey,Summer,2012.0,Sports,Nike Men Grey Lunarswift Sports Shoes,index
21320,21320.jpg,F:\CEI\Celebal_Excellence_Internship\fashion-visual-search\data\subset\images\21320.jpg,Men,Accessories,Eyewear,Sunglasses,Brown,Winter,2016.0,Casual,Louis Philippe Men Sunglasses LP045-C4,index
51729,51729.jpg,F:\CEI\Celebal_Excellence_Internship\fashion-visual-search\data\subset\images\51729.jpg,Women,Accessories,Eyewear,Sunglasses,Brown,Winter,2016.0,Casual,Allen Solly Women Sunglasses AH219-C3,index
28326,28326.jpg,F:\CEI\Celebal_Excellence_Internship\fashion-visual-search\data\subset\images\28326.jpg,Men,Footwear,Sandal,Sandals,Brown,Winter,2018.0,Casual,Red Tape Men Brown Sandals,index
39984,39984.jpg,F:\CEI\Celebal_Excellence_Internship\fashion-visual-search\data\subset\images\39984.jpg,Men,Footwear,Shoes,Casual Shoes,Grey,Winter,2014.0,Casual,Gas Men Grey & Blue Tee Casual Shoes,index
39220,39220.jpg,F:\CEI\Celebal_Excellence_Internship\fashion-visual-search\data\subset\images\39220.jpg,Women,Apparel,Dress,Dresses,Black,Summer,2012.0,Casual,Femella Women Black Dress,index
12772,12772.jpg,F:\CEI\Celebal_Excellence_Internship\fashion-visual-search\data\subset\images\12772.jpg,Women,Apparel,Topwear,Kurtas,Blue,Fall,2011.0,Ethnic,Mother Earth Women Classic Blue Kurtas,index
20859,20859.jpg,F:\CEI\Celebal_Excellence_Internship\fashion-visual-search\data\subset\images\20859.jpg,Women,Accessories,Eyewear,Sunglasses,Brown,Winter,2016.0,Casual,United Colors of Benetton Women Casual Brown Sunglasses,index
11557,11557.jpg,F:\CEI\Celebal_Excellence_Internship\fashion-visual-search\data\subset\images\11557.jpg,Women,Apparel,Topwear,Kurtas,White,Summer,2011.0,Ethnic,W Women Printed White Kurtas,index
12847,12847.jpg,F:\CEI\Celebal_Excellence_Internship\fashion-visual-search\data\subset\images\12847.jpg,Boys,Apparel,Topwear,Tshirts,Black,Fall,2011.0,Casual,Ant Kids Boys National Champion Black Tshirts,index
30791,30791.jpg,F:\CEI\Celebal_Excellence_Internship\fashion-visual-search\data\subset\images\30791.jpg,Men,Apparel,Topwear,Kurtas,Gold,Summer,2012.0,Ethnic,Fabindia Men Printed Gold Tussar Kurta,index
16101,16101.jpg,F:\CEI\Celebal_Excellence_Internship\fashion-visual-search\data\subset\images\16101.jpg,Women,Accessories,Eyewear,Sunglasses,Brown,Winter,2016.0,Casual,M tv Women My Fab Eyewear Brown Sunglasses,index
39452,39452.jpg,F:\CEI\Celebal_Excellence_Internship\fashion-visual-search\data\subset\images\39452.jpg,Women,Apparel,Topwear,Kurtas,Blue,Summer,2012.0,Ethnic,Diva Women Printed Blue Kurta,index
4657,4657.jpg,F:\CEI\Celebal_Excellence_Internship\fashion-visual-search\data\subset\images\4657.jpg,Women,Footwear,Shoes,Sports Shoes,White,Summer,2011.0,Sports,ADIDAS Women Sprint Speed Low White Blue Shoe,index
23765,23765.jpg,F:\CEI\Celebal_Excellence_Internship\fashion-visual-search\data\subset\images\23765.jpg,Men,Accessories,Eyewear,Sunglasses,White,Winter,2016.0,Casual,Oakley Men White Fast Jacket Sunglasses,index
3874,3874.jpg,F:\CEI\Celebal_Excellence_Internship\fashion-visual-search\data\subset\images\3874.jpg,Men,Apparel,Topwear,Tshirts,Blue,Summer,2011.0,Casual,Wrangler Men's Trademark Washed Blue T-shirt,index
4907,4907.jpg,F:\CEI\Celebal_Excellence_Internship\fashion-visual-search\data\subset\images\4907.jpg,Women,Apparel,Topwear,Tops,Green,Summer,2011.0,Casual,Palm Tree Girl's Linnea White Green Kidswear,index
54668,54668.jpg,F:\CEI\Celebal_Excellence_Internship\fashion-visual-search\data\subset\images\54668.jpg,Men,Accessories,Watches,Watches,Black,Winter,2016.0,Casual,Fastrack Men Black Dial Watch,index
32952,32952.jpg,F:\CEI\Celebal_Excellence_Internship\fashion-visual-search\data\subset\images\32952.jpg,Men,Footwear,Shoes,Casual Shoes,Black,Summer,2012.0,Casual,ADIDAS Neo Men Court Sequence Black Shoes,index
26928,26928.jpg,F:\CEI\Celebal_Excellence_Internship\fashion-visual-search\data\subset\images\26928.jpg,Women,Apparel,Dress,Dresses,Black,Summer,2012.0,Casual,Jealous 21 Women Black Dress,index
39995,39995.jpg,F:\CEI\Celebal_Excellence_Internship\fashion-visual-search\data\subset\images\39995.jpg,Men,Accessories,Eyewear,Sunglasses,Black,Winter,2016.0,Casual,Park Avenue Men Black Frame Sunglasses,index
22167,22167.jpg,F:\CEI\Celebal_Excellence_Internship\fashion-visual-search\data\subset\images\22167.jpg,Men,Footwear,Shoes,Casual Shoes,Brown,Fall,2012.0,Casual,Timberland Men Brown Casual Shoes,index
4917,4917.jpg,F:\CEI\Celebal_Excellence_Internship\fashion-visual-search\data\subset\images\4917.jpg,Women,Apparel,Topwear,Tops,Pink,Summer,2011.0,Casual,Gini and Jony Girl's Vollie Pink Kidswear,index
48175,48175.jpg,F:\CEI\Celebal_Excellence_Internship\fashion-visual-search\data\subset\images\48175.jpg,Women,Accessories,Bags,Handbags,Black,Winter,2016.0,Casual,Fossil Women Black Handbag,index
31122,31122.jpg,F:\CEI\Celebal_Excellence_Internship\fashion-visual-search\data\subset\images\31122.jpg,Girls,Apparel,Topwear,Tops,White,Summer,2012.0,Casual,Gini and Jony Girls Printed White Top,index
51657,51657.jpg,F:\CEI\Celebal_Excellence_Internship\fashion-visual-search\data\subset\images\51657.jpg,Men,Accessories,Watches,Watches,Blue,Winter,2016.0,Casual,Fossil Men Blue Chronograph Watch CH2694,index
6105,6105.jpg,F:\CEI\Celebal_Excellence_Internship\fashion-visual-search\data\subset\images\6105.jpg,Women,Apparel,Topwear,Tshirts,White,Summer,2011.0,Casual,UCB Women's Basic V Neck White T-shirt,index
21957,21957.jpg,F:\CEI\Celebal_Excellence_Internship\fashion-visual-search\data\subset\images\21957.jpg,Women,Accessories,Bags,Handbags,Black,Winter,2015.0,Casual,Murcia Women Casual Black Handbag,index
10376,10376.jpg,F:\CEI\Celebal_Excellence_Internship\fashion-visual-search\data\subset\images\10376.jpg,Men,Apparel,Topwear,Tshirts,Blue,Fall,2011.0,Casual,United Colors of Benetton Men Printed Blue Tshirts,index
43624,43624.jpg,F:\CEI\Celebal_Excellence_Internship\fashion-visual-search\data\subset\images\43624.jpg,Women,Apparel,Topwear,Tops,White,Summer,2012.0,Casual,Vero Moda Women White Top,index
18173,18173.jpg,F:\CEI\Celebal_Excellence_Internship\fashion-visual-search\data\subset\images\18173.jpg,Girls,Apparel,Topwear,Tops,Magenta,Fall,2011.0,Casual,Doodle Kids Girls Layer Magenta Top,index
18317,18317.jpg,F:\CEI\Celebal_Excellence_Internship\fashion-visual-search\data\subset\images\18317.jpg,Men,Apparel,Topwear,Shirts,Maroon,Summer,2011.0,Casual,Wills Lifestyle Men Check Maroon Shirt,index
12089,12089.jpg,F:\CEI\Celebal_Excellence_Internship\fashion-visual-search\data\subset\images\12089.jpg,Women,Apparel,Topwear,Kurtas,Brown,Fall,2011.0,Ethnic,W Women Brown Printed Kurta,index
54580,54580.jpg,F:\CEI\Celebal_Excellence_Internship\fashion-visual-search\data\subset\images\54580.jpg,Women,Apparel,Topwear,Kurtas,Red,Summer,2012.0,Ethnic,Sushilas Women Printed Red Kurta,index
11355,11355.jpg,F:\CEI\Celebal_Excellence_Internship\fashion-visual-search\data\subset\images\11355.jpg,Women,Apparel,Topwear,Tops,Black,Fall,2011.0,Casual,United Colors Of Benetton Women Light Winter Black Tops,index
28710,28710.jpg,F:\CEI\Celebal_Excellence_Internship\fashion-visual-search\data\subset\images\28710.jpg,Women,Apparel,Topwear,Kurtas,Multi,Summer,2012.0,Ethnic,W Women Printed Multi Coloured Kurta,index
13966,13966.jpg,F:\CEI\Celebal_Excellence_Internship\fashion-visual-search\data\subset\images\13966.jpg,Men,Apparel,Topwear,Tshirts,White,Fall,2011.0,Casual,Ed Hardy Men Solid White Tshirts,index
23297,23297.jpg,F:\CEI\Celebal_Excellence_Internship\fashion-visual-search\data\subset\images\23297.jpg,Men,Footwear,Sandal,Sandals,Red,Fall,2011.0,Casual,Lotto Men Zeus Red Sandal,index
15439,15439.jpg,F:\CEI\Celebal_Excellence_Internship\fashion-visual-search\data\subset\images\15439.jpg,Women,Accessories,Bags,Handbags,Black,Fall,2011.0,Casual,Hidekraft Women Leather Black Handbags,index
6870,6870.jpg,F:\CEI\Celebal_Excellence_Internship\fashion-visual-search\data\subset\images\6870.jpg,Women,Apparel,Dress,Dresses,Pink,Summer,2011.0,Casual,Forever New Women's Pink Dress,index
14741,14741.jpg,F:\CEI\Celebal_Excellence_Internship\fashion-visual-search\data\subset\images\14741.jpg,Men,Apparel,Topwear,Shirts,Lavender,Fall,2011.0,Formal,Arrow Men Solid Lavender Shirts,index
40943,40943.jpg,F:\CEI\Celebal_Excellence_Internship\fashion-visual-search\data\subset\images\40943.jpg,Girls,Apparel,Topwear,Tops,Pink,Summer,2012.0,Casual,Gini and Jony Girls Kitch Bright Pink Top,index
38210,38210.jpg,F:\CEI\Celebal_Excellence_Internship\fashion-visual-search\data\subset\images\38210.jpg,Men,Accessories,Eyewear,Sunglasses,Black,Winter,2016.0,Casual,Polaroid Men Sunglasses,index
46459,46459.jpg,F:\CEI\Celebal_Excellence_Internship\fashion-visual-search\data\subset\images\46459.jpg,Women,Accessories,Watches,Watches,White,Winter,2016.0,Casual,Timex Women White Dial Watch,index
26246,26246.jpg,F:\CEI\Celebal_Excellence_Internship\fashion-visual-search\data\subset\images\26246.jpg,Men,Apparel,Topwear,Tshirts,Green,Summer,2012.0,Casual,Proline Men Green Polo Tshirt,index
3788,3788.jpg,F:\CEI\Celebal_Excellence_Internship\fashion-visual-search\data\subset\images\3788.jpg,Men,Apparel,Topwear,Tshirts,White,Summer,2011.0,Casual,Basics Men White & Blue Striped Polo T-shirt,index
29128,29128.jpg,F:\CEI\Celebal_Excellence_Internship\fashion-visual-search\data\subset\images\29128.jpg,Women,Accessories,Eyewear,Sunglasses,Blue,Winter,2016.0,Casual,Vogue Women Blue Sunglasses,index
25260,25260.jpg,F:\CEI\Celebal_Excellence_Internship\fashion-visual-search\data\subset\images\25260.jpg,Women,Accessories,Bags,Handbags,Off White,Summer,2012.0,Casual,Lino Perros Women Classic Off White Handbag,index
45742,45742.jpg,F:\CEI\Celebal_Excellence_Internship\fashion-visual-search\data\subset\images\45742.jpg,Women,Apparel,Topwear,Kurtas,Mustard,Summer,2012.0,Ethnic,Folklore Women Yellow Kurta,index
12080,12080.jpg,F:\CEI\Celebal_Excellence_Internship\fashion-visual-search\data\subset\images\12080.jpg,Women,Apparel,Topwear,Kurtas,Yellow,Fall,2011.0,Ethnic,W Women Printed Yellow Kurtas,index
11626,11626.jpg,F:\CEI\Celebal_Excellence_Internship\fashion-visual-search\data\subset\images\11626.jpg,Women,Apparel,Topwear,Kurtas,Purple,Summer,2011.0,Ethnic,W Women Printed Purple Kurtas,index
33744,33744.jpg,F:\CEI\Celebal_Excellence_Internship\fashion-visual-search\data\subset\images\33744.jpg,Women,Apparel,Topwear,Tops,Black,Summer,2012.0,Casual,Vero Moda Prim Women Top,index
58517,58517.jpg,F:\CEI\Celebal_Excellence_Internship\fashion-visual-search\data\subset\images\58517.jpg,Women,Apparel,Topwear,Tops,Pink,Summer,2012.0,Casual,Tonga Women Pink Top,index
10210,10210.jpg,F:\CEI\Celebal_Excellence_Internship\fashion-visual-search\data\subset\images\10210.jpg,Women,Accessories,Bags,Handbags,Red,Winter,2015.0,Casual,Murcia Women Kkhh Red Handbags,index
34572,34572.jpg,F:\CEI\Celebal_Excellence_Internship\fashion-visual-search\data\subset\images\34572.jpg,Women,Apparel,Dress,Dresses,Black,Summer,2012.0,Casual,Tonga Women Printed Black Dress,index
12136,12136.jpg,F:\CEI\Celebal_Excellence_Internship\fashion-visual-search\data\subset\images\12136.jpg,Women,Apparel,Topwear,Kurtas,Black,Fall,2011.0,Ethnic,Aurelia Women Solid Black Kurtas,index
35562,35562.jpg,F:\CEI\Celebal_Excellence_Internship\fashion-visual-search\data\subset\images\35562.jpg,Girls,Footwear,Sandal,Sandals,White,Summer,2012.0,Casual,Enroute Teens White Sandals,index
42424,42424.jpg,F:\CEI\Celebal_Excellence_Internship\fashion-visual-search\data\subset\images\42424.jpg,Women,Apparel,Topwear,Kurtas,Blue,Summer,2012.0,Ethnic,Aurelia Women Blue Kurta,index
58509,58509.jpg,F:\CEI\Celebal_Excellence_Internship\fashion-visual-search\data\subset\images\58509.jpg,Women,Apparel,Dress,Dresses,Off White,Fall,2012.0,Casual,Tonga Off-White & Black Animal Print Dress,index
12866,12866.jpg,F:\CEI\Celebal_Excellence_Internship\fashion-visual-search\data\subset\images\12866.jpg,Men,Footwear,Sandal,Sandals,Black,Spring,2012.0,Casual,Lee Cooper Men Casual Black Slippers,index
20118,20118.jpg,F:\CEI\Celebal_Excellence_Internship\fashion-visual-search\data\subset\images\20118.jpg,Women,Apparel,Topwear,Kurtas,Orange,Fall,2011.0,Ethnic,Diva Women Printed Orange Kurta,index
38163,38163.jpg,F:\CEI\Celebal_Excellence_Internship\fashion-visual-search\data\subset\images\38163.jpg,Men,Accessories,Eyewear,Sunglasses,White,Winter,2016.0,Casual,Miami Blues Men Sunglasses,index
6885,6885.jpg,F:\CEI\Celebal_Excellence_Internship\fashion-visual-search\data\subset\images\6885.jpg,Women,Apparel,Dress,Dresses,White,Summer,2011.0,Casual,Forever New Women Dye Crochet White Dress,index
46277,46277.jpg,F:\CEI\Celebal_Excellence_Internship\fashion-visual-search\data\subset\images\46277.jpg,Women,Apparel,Dress,Dresses,Red,Summer,2012.0,Casual,109F Red & White A-Line Dress,index
26116,26116.jpg,F:\CEI\Celebal_Excellence_Internship\fashion-visual-search\data\subset\images\26116.jpg,Men,Apparel,Topwear,Shirts,Blue,Summer,2012.0,Formal,John Miller Men Striped Blue Shirt,index
57991,57991.jpg,F:\CEI\Celebal_Excellence_Internship\fashion-visual-search\data\subset\images\57991.jpg,Women,Apparel,Dress,Dresses,Blue,Fall,2012.0,Casual,Latin Quarters Women Blue Dress,index
45041,45041.jpg,F:\CEI\Celebal_Excellence_Internship\fashion-visual-search\data\subset\images\45041.jpg,Men,Accessories,Watches,Watches,White,Summer,2017.0,Casual,Maxima Men White Dial Attivo Watch,index
54386,54386.jpg,F:\CEI\Celebal_Excellence_Internship\fashion-visual-search\data\subset\images\54386.jpg,Women,Accessories,Bags,Handbags,Black,Summer,2012.0,Casual,Baggit Women Black & Grey Small Handbag,index
19307,19307.jpg,F:\CEI\Celebal_Excellence_Internship\fashion-visual-search\data\subset\images\19307.jpg,Men,Footwear,Shoes,Sports Shoes,Silver,Fall,2011.0,Sports,Nike Men Air Citius 2+ MSL White Sports Shoes,index
31911,31911.jpg,F:\CEI\Celebal_Excellence_Internship\fashion-visual-search\data\subset\images\31911.jpg,Women,Accessories,Bags,Handbags,Blue,Summer,2012.0,Casual,Fabindia Women Blue Sling Bag,index
39968,39968.jpg,F:\CEI\Celebal_Excellence_Internship\fashion-visual-search\data\subset\images\39968.jpg,Men,Footwear,Shoes,Casual Shoes,Brown,Spring,2013.0,Casual,Gas Men Brown Cutback Shoes,index
44568,44568.jpg,F:\CEI\Celebal_Excellence_Internship\fashion-visual-search\data\subset\images\44568.jpg,Men,Footwear,Sandal,Sandals,Brown,Summer,2012.0,Casual,Coolers Men Brown Sandals,index
20865,20865.jpg,F:\CEI\Celebal_Excellence_Internship\fashion-visual-search\data\subset\images\20865.jpg,Unisex,Footwear,Sandal,Sandals,Green,Winter,2012.0,Casual,Disney Kids-Unisex Lightning Green Sandals,index
39735,39735.jpg,F:\CEI\Celebal_Excellence_Internship\fashion-visual-search\data\subset\images\39735.jpg,Men,Footwear,Shoes,Casual Shoes,Navy Blue,Summer,2012.0,Casual,Arrow Men Navy Blue Shoes,index
48035,48035.jpg,F:\CEI\Celebal_Excellence_Internship\fashion-visual-search\data\subset\images\48035.jpg,Men,Accessories,Watches,Watches,Black,Winter,2016.0,Casual,Nautica Men Black Dial Chronograph Watch,index
3404,3404.jpg,F:\CEI\Celebal_Excellence_Internship\fashion-visual-search\data\subset\images\3404.jpg,Women,Accessories,Bags,Handbags,Red,Winter,2015.0,Casual,Murcia Women Red Hobo Handbag,index
31099,31099.jpg,F:\CEI\Celebal_Excellence_Internship\fashion-visual-search\data\subset\images\31099.jpg,Boys,Apparel,Topwear,Shirts,Blue,Summer,2012.0,Casual,Gini and Jony Boys Check Blue Shirt,index
9387,9387.jpg,F:\CEI\Celebal_Excellence_Internship\fashion-visual-search\data\subset\images\9387.jpg,Women,Footwear,Shoes,Casual Shoes,White,Fall,2011.0,Casual,Nike Women Wmns Nike Bac White Casual Shoes,index
36297,36297.jpg,F:\CEI\Celebal_Excellence_Internship\fashion-visual-search\data\subset\images\36297.jpg,Women,Apparel,Topwear,Kurtas,White,Summer,2012.0,Ethnic,W Women Blue Printed Kurta,index
33057,33057.jpg,F:\CEI\Celebal_Excellence_Internship\fashion-visual-search\data\subset\images\33057.jpg,Men,Apparel,Topwear,Shirts,Black,Summer,2012.0,Casual,U.S. Polo Assn. Denim Co. Men Black Shirt,index
21522,21522.jpg,F:\CEI\Celebal_Excellence_Internship\fashion-visual-search\data\subset\images\21522.jpg,Women,Accessories,Bags,Handbags,Black,Winter,2015.0,Casual,Kiara Women Classic Black Handbag,index
24510,24510.jpg,F:\CEI\Celebal_Excellence_Internship\fashion-visual-search\data\subset\images\24510.jpg,Women,Apparel,Topwear,Kurtas,Green,Fall,2011.0,Ethnic,Mother Earth Women Green Printed Kurta,index
47655,47655.jpg,F:\CEI\Celebal_Excellence_Internship\fashion-visual-search\data\subset\images\47655.jpg,Women,Apparel,Dress,Dresses,Grey,Summer,2012.0,Casual,Femella Women Grey Polka Dotted Dress,index
35555,35555.jpg,F:\CEI\Celebal_Excellence_Internship\fashion-visual-search\data\subset\images\35555.jpg,Girls,Footwear,Sandal,Sandals,Red,Summer,2012.0,Casual,Enroute Teens Red Sandals,index
54568,54568.jpg,F:\CEI\Celebal_Excellence_Internship\fashion-visual-search\data\subset\images\54568.jpg,Women,Apparel,Topwear,Kurtas,Green,Summer,2012.0,Ethnic,Sushilas Women Printed Green Kurta,index
10122,10122.jpg,F:\CEI\Celebal_Excellence_Internship\fashion-visual-search\data\subset\images\10122.jpg,Men,Footwear,Shoes,Sports Shoes,White,Fall,2011.0,Sports,Reebok Men Run Sheer White Sports Shoes,index
25659,25659.jpg,F:\CEI\Celebal_Excellence_Internship\fashion-visual-search\data\subset\images\25659.jpg,Women,Accessories,Watches,Watches,Silver,Winter,2016.0,Casual,Fastrack Women Silver Dial Watch,index
22699,22699.jpg,F:\CEI\Celebal_Excellence_Internship\fashion-visual-search\data\subset\images\22699.jpg,Men,Footwear,Shoes,Sports Shoes,Black,Summer,2011.0,Sports,Nike Men Ballista Black Sports Shoes,index
37298,37298.jpg,F:\CEI\Celebal_Excellence_Internship\fashion-visual-search\data\subset\images\37298.jpg,Men,Accessories,Watches,Watches,Blue,Winter,2016.0,Casual,CASIO Enticer Men Black Dial Analogue Watch A517,index
25622,25622.jpg,F:\CEI\Celebal_Excellence_Internship\fashion-visual-search\data\subset\images\25622.jpg,Men,Accessories,Watches,Watches,Black,Winter,2016.0,Casual,Fastrack Men Black Dial Analog Chronograph Watch,index
59978,59978.jpg,F:\CEI\Celebal_Excellence_Internship\fashion-visual-search\data\subset\images\59978.jpg,Women,Apparel,Dress,Dresses,Brown,Fall,2012.0,Casual,Avirate Brown & Grey Check Dress,index
42565,42565.jpg,F:\CEI\Celebal_Excellence_Internship\fashion-visual-search\data\subset\images\42565.jpg,Women,Apparel,Topwear,Tops,Green,Summer,2012.0,Casual,Mother Earth Women Green Top,index
2705,2705.jpg,F:\CEI\Celebal_Excellence_Internship\fashion-visual-search\data\subset\images\2705.jpg,Girls,Apparel,Dress,Dresses,Blue,Summer,2011.0,Casual,Disney Kids Girl's Blue Pooh Blouse Kidswear,index
23769,23769.jpg,F:\CEI\Celebal_Excellence_Internship\fashion-visual-search\data\subset\images\23769.jpg,Women,Accessories,Eyewear,Sunglasses,Brown,Winter,2016.0,Casual,Oakley Women Brown Unfaithful Sunglasses,index
36536,36536.jpg,F:\CEI\Celebal_Excellence_Internship\fashion-visual-search\data\subset\images\36536.jpg,Women,Accessories,Bags,Handbags,Blue,Summer,2012.0,Casual,United Colors of Benetton Women Blue Sling Bag,index
11816,11816.jpg,F:\CEI\Celebal_Excellence_Internship\fashion-visual-search\data\subset\images\11816.jpg,Men,Footwear,Shoes,Casual Shoes,White,Fall,2011.0,Casual,Playboy Men Casual White Casual Shoes,index
54990,54990.jpg,F:\CEI\Celebal_Excellence_Internship\fashion-visual-search\data\subset\images\54990.jpg,Women,Apparel,Dress,Dresses,Purple,Summer,2012.0,Casual,Femella Women Black & Purple Dress,index
37158,37158.jpg,F:\CEI\Celebal_Excellence_Internship\fashion-visual-search\data\subset\images\37158.jpg,Women,Apparel,Topwear,Tops,Blue,Summer,2012.0,Casual,United Colors of Benetton Women Blue Top,index
21296,21296.jpg,F:\CEI\Celebal_Excellence_Internship\fashion-visual-search\data\subset\images\21296.jpg,Women,Accessories,Eyewear,Sunglasses,Copper,Winter,2016.0,Casual,Celine Dion Women Copper Frame Sunglasses,index
35932,35932.jpg,F:\CEI\Celebal_Excellence_Internship\fashion-visual-search\data\subset\images\35932.jpg,Men,Footwear,Shoes,Sports Shoes,Black,Summer,2012.0,Sports,Salomon Men X-Tracks GTX Black Sports Shoes,index
28702,28702.jpg,F:\CEI\Celebal_Excellence_Internship\fashion-visual-search\data\subset\images\28702.jpg,Women,Apparel,Topwear,Kurtas,Grey,Summer,2012.0,Ethnic,W Women Printed Grey Kurta,index
46417,46417.jpg,F:\CEI\Celebal_Excellence_Internship\fashion-visual-search\data\subset\images\46417.jpg,Men,Accessories,Watches,Watches,Black,Winter,2016.0,Casual,Timex Men Black Dial Watch,index
18474,18474.jpg,F:\CEI\Celebal_Excellence_Internship\fashion-visual-search\data\subset\images\18474.jpg,Men,Footwear,Shoes,Casual Shoes,White,Summer,2011.0,Casual,Puma Men Calcetto White Casual Shoes,index
42858,42858.jpg,F:\CEI\Celebal_Excellence_Internship\fashion-visual-search\data\subset\images\42858.jpg,Women,Accessories,Bags,Handbags,Brown,Summer,2012.0,Casual,French Connection Women Brown Sling Bag,index
18734,18734.jpg,F:\CEI\Celebal_Excellence_Internship\fashion-visual-search\data\subset\images\18734.jpg,Women,Apparel,Topwear,Tops,Off White,Fall,2011.0,Casual,Arrow Woman Bow Off White Top,index
17963,17963.jpg,F:\CEI\Celebal_Excellence_Internship\fashion-visual-search\data\subset\images\17963.jpg,Women,Footwear,Shoes,Casual Shoes,Black,Fall,2012.0,Casual,Puma Women Trinity Black Casual Shoes,index
16804,16804.jpg,F:\CEI\Celebal_Excellence_Internship\fashion-visual-search\data\subset\images\16804.jpg,Girls,Apparel,Dress,Dresses,White,Fall,2011.0,Casual,ANT Kids Girls Printed White Dress,index
51641,51641.jpg,F:\CEI\Celebal_Excellence_Internship\fashion-visual-search\data\subset\images\51641.jpg,Men,Accessories,Watches,Watches,Black,Winter,2016.0,Casual,Fossil Men Black Dial Chronograph Watch FS4723,index
28337,28337.jpg,F:\CEI\Celebal_Excellence_Internship\fashion-visual-search\data\subset\images\28337.jpg,Men,Accessories,Eyewear,Sunglasses,Steel,Winter,2016.0,Casual,Idee Men Steel Sunglasses,index
26411,26411.jpg,F:\CEI\Celebal_Excellence_Internship\fashion-visual-search\data\subset\images\26411.jpg,Men,Apparel,Topwear,Shirts,Red,Summer,2012.0,Casual,Turtle Men Check Red Shirt,index
10082,10082.jpg,F:\CEI\Celebal_Excellence_Internship\fashion-visual-search\data\subset\images\10082.jpg,Women,Footwear,Shoes,Sports Shoes,Grey,Fall,2011.0,Sports,Reebok Women Aviator Grey Sports Shoes,index
37936,37936.jpg,F:\CEI\Celebal_Excellence_Internship\fashion-visual-search\data\subset\images\37936.jpg,Women,Apparel,Dress,Dresses,Orange,Summer,2012.0,Casual,Mineral Women Orange Dress,index
44250,44250.jpg,F:\CEI\Celebal_Excellence_Internship\fashion-visual-search\data\subset\images\44250.jpg,Women,Accessories,Bags,Handbags,Red,Summer,2012.0,Casual,Hidekraft Women Red Handbag,index
17460,17460.jpg,F:\CEI\Celebal_Excellence_Internship\fashion-visual-search\data\subset\images\17460.jpg,Men,Accessories,Watches,Watches,Black,Winter,2016.0,Casual,CASIO G-Shock Men Black Analogue-Digital Watch GA-110GB-1ADR G339,index
43333,43333.jpg,F:\CEI\Celebal_Excellence_Internship\fashion-visual-search\data\subset\images\43333.jpg,Women,Accessories,Bags,Handbags,Brown,Summer,2012.0,Casual,Murcia Women Brown Handbag,index
15369,15369.jpg,F:\CEI\Celebal_Excellence_Internship\fashion-visual-search\data\subset\images\15369.jpg,Men,Footwear,Sandal,Sandals,Black,Summer,2012.0,Casual,Red Tape Men Casual Black Sandals,index
58501,58501.jpg,F:\CEI\Celebal_Excellence_Internship\fashion-visual-search\data\subset\images\58501.jpg,Women,Apparel,Dress,Dresses,Beige,Fall,2012.0,Casual,Tonga Brown Animal Print Dress,index
19602,19602.jpg,F:\CEI\Celebal_Excellence_Internship\fashion-visual-search\data\subset\images\19602.jpg,Women,Apparel,Topwear,Tops,Grey,Fall,2011.0,Casual,United Colors of Benetton Women Printed Grey Top,index
2092,2092.jpg,F:\CEI\Celebal_Excellence_Internship\fashion-visual-search\data\subset\images\2092.jpg,Men,Apparel,Topwear,Tshirts,Blue,Fall,2010.0,Sports,ADIDAS Mens Polo Blue Polo T-shirt,index
30870,30870.jpg,F:\CEI\Celebal_Excellence_Internship\fashion-visual-search\data\subset\images\30870.jpg,Women,Apparel,Topwear,Kurtas,Orange,Summer,2012.0,Ethnic,Fabindia Women Printed Beige Kurta,index
6063,6063.jpg,F:\CEI\Celebal_Excellence_Internship\fashion-visual-search\data\subset\images\6063.jpg,Men,Apparel,Topwear,Tshirts,White,Summer,2011.0,Casual,UCB Men's Roundneck Take Good Look White T-shirt,index
29132,29132.jpg,F:\CEI\Celebal_Excellence_Internship\fashion-visual-search\data\subset\images\29132.jpg,Women,Accessories,Eyewear,Sunglasses,Black,Winter,2016.0,Casual,Vogue Women Black Sunglasses,index
20459,20459.jpg,F:\CEI\Celebal_Excellence_Internship\fashion-visual-search\data\subset\images\20459.jpg,Women,Accessories,Bags,Handbags,Purple,Winter,2016.0,Casual,Baggit Women Libra Jhuti Purple Handbag,index
33171,33171.jpg,F:\CEI\Celebal_Excellence_Internship\fashion-visual-search\data\subset\images\33171.jpg,Women,Apparel,Topwear,Tops,Purple,Summer,2012.0,Casual,Sepia Women Purple Top,index
16345,16345.jpg,F:\CEI\Celebal_Excellence_Internship\fashion-visual-search\data\subset\images\16345.jpg,Men,Apparel,Topwear,Shirts,Pink,Fall,2011.0,Formal,Peter England Men Stripes Pink Shirt,index
21175,21175.jpg,F:\CEI\Celebal_Excellence_Internship\fashion-visual-search\data\subset\images\21175.jpg,Men,Footwear,Shoes,Sports Shoes,White,Fall,2011.0,Sports,ADIDAS Men Lowell White Sports Shoe,index
5616,5616.jpg,F:\CEI\Celebal_Excellence_Internship\fashion-visual-search\data\subset\images\5616.jpg,Men,Footwear,Sandal,Sandals,Brown,Summer,2011.0,Casual,ADIDAS Men Comanche Brown Floater,index
37912,37912.jpg,F:\CEI\Celebal_Excellence_Internship\fashion-visual-search\data\subset\images\37912.jpg,Women,Apparel,Dress,Dresses,Orange,Summer,2012.0,Casual,Mineral Women Floral Orange Dress,index
54807,54807.jpg,F:\CEI\Celebal_Excellence_Internship\fashion-visual-search\data\subset\images\54807.jpg,Women,Accessories,Bags,Handbags,Blue,Winter,2012.0,Casual,Ivory Tag Women Blue and Brown Floral Print Handbag,index
57505,57505.jpg,F:\CEI\Celebal_Excellence_Internship\fashion-visual-search\data\subset\images\57505.jpg,Men,Footwear,Sandal,Sandals,Black,Summer,2012.0,Casual,Lee Cooper Men Black  Sandals,index
43548,43548.jpg,F:\CEI\Celebal_Excellence_Internship\fashion-visual-search\data\subset\images\43548.jpg,Men,Footwear,Sandal,Sandals,Khaki,Summer,2012.0,Casual,Woodland Men Khaki Sandals,index
6389,6389.jpg,F:\CEI\Celebal_Excellence_Internship\fashion-visual-search\data\subset\images\6389.jpg,Men,Footwear,Shoes,Sports Shoes,White,Summer,2011.0,Sports,Puma Men's Urban Cat Cetto White Shoe,index
48471,48471.jpg,F:\CEI\Celebal_Excellence_Internship\fashion-visual-search\data\subset\images\48471.jpg,Women,Apparel,Dress,Dresses,Purple,Summer,2012.0,Casual,French Connection Purple Dress,index
38228,38228.jpg,F:\CEI\Celebal_Excellence_Internship\fashion-visual-search\data\subset\images\38228.jpg,Unisex,Accessories,Eyewear,Sunglasses,Black,Winter,2016.0,Casual,Polaroid Unisex Sunglasses,index
24413,24413.jpg,F:\CEI\Celebal_Excellence_Internship\fashion-visual-search\data\subset\images\24413.jpg,Men,Footwear,Shoes,Sports Shoes,White,Fall,2013.0,Sports,ADIDAS Men Swerve Str White Sports Shoes,index
59238,59238.jpg,F:\CEI\Celebal_Excellence_Internship\fashion-visual-search\data\subset\images\59238.jpg,Men,Accessories,Watches,Watches,Black,Winter,2016.0,Casual,Titan Men Black Watch,index
43322,43322.jpg,F:\CEI\Celebal_Excellence_Internship\fashion-visual-search\data\subset\images\43322.jpg,Women,Apparel,Topwear,Tops,Navy Blue,Summer,2012.0,Casual,United Colors of Benetton Women Navy Blue Top,index
16246,16246.jpg,F:\CEI\Celebal_Excellence_Internship\fashion-visual-search\data\subset\images\16246.jpg,Unisex,Footwear,Sandal,Sandals,Black,Fall,2011.0,Casual,Crocs Kids cayman Kids-Unisex Black Sandal,index
33153,33153.jpg,F:\CEI\Celebal_Excellence_Internship\fashion-visual-search\data\subset\images\33153.jpg,Girls,Apparel,Topwear,Tops,White,Summer,2012.0,Casual,Gini and Jony Girls Printed White Top,index
4229,4229.jpg,F:\CEI\Celebal_Excellence_Internship\fashion-visual-search\data\subset\images\4229.jpg,Men,Apparel,Topwear,Tshirts,Maroon,Summer,2011.0,Casual,Probase Men's Awesome In Bed Maroon Tshirt,index
34062,34062.jpg,F:\CEI\Celebal_Excellence_Internship\fashion-visual-search\data\subset\images\34062.jpg,Girls,Apparel,Dress,Dresses,Pink,Summer,2012.0,Casual,Gini and Jony Girls Printed Pink Dress,index
58731,58731.jpg,F:\CEI\Celebal_Excellence_Internship\fashion-visual-search\data\subset\images\58731.jpg,Women,Apparel,Topwear,Tshirts,Pink,Summer,2012.0,Casual,Puma Women Pink T-shirt,index
40642,40642.jpg,F:\CEI\Celebal_Excellence_Internship\fashion-visual-search\data\subset\images\40642.jpg,Women,Apparel,Topwear,Kurtas,Pink,Summer,2012.0,Ethnic,Span Women Pink Kurta,index
17051,17051.jpg,F:\CEI\Celebal_Excellence_Internship\fashion-visual-search\data\subset\images\17051.jpg,Men,Footwear,Sandal,Sandals,Tan,Spring,2013.0,Casual,Gas Men Venice Slipper,index
47350,47350.jpg,F:\CEI\Celebal_Excellence_Internship\fashion-visual-search\data\subset\images\47350.jpg,Women,Accessories,Bags,Handbags,Green,Summer,2012.0,Casual,Baggit Women Green Bag,index
4984,4984.jpg,F:\CEI\Celebal_Excellence_Internship\fashion-visual-search\data\subset\images\4984.jpg,Women,Apparel,Dress,Dresses,White,Summer,2011.0,Casual,Palm Tree Girls Beyonce White & Blue Dress,index
2831,2831.jpg,F:\CEI\Celebal_Excellence_Internship\fashion-visual-search\data\subset\images\2831.jpg,Men,Footwear,Shoes,Casual Shoes,Blue,Summer,2012.0,Casual,Lee Cooper Men's Casual Blue Canvas Shoe,index
25525,25525.jpg,F:\CEI\Celebal_Excellence_Internship\fashion-visual-search\data\subset\images\25525.jpg,Women,Apparel,Topwear,Tops,Blue,Summer,2012.0,Casual,Wrangler Women Poppins Blue Top,index
12835,12835.jpg,F:\CEI\Celebal_Excellence_Internship\fashion-visual-search\data\subset\images\12835.jpg,Women,Apparel,Dress,Dresses,Orange,Fall,2011.0,Casual,Ant Kids Flower Orange Dresses,index
51722,51722.jpg,F:\CEI\Celebal_Excellence_Internship\fashion-visual-search\data\subset\images\51722.jpg,Men,Accessories,Eyewear,Sunglasses,Blue,Winter,2016.0,Casual,Allen Solly Men Blue Sunglasses AS232-C4,index
30748,30748.jpg,F:\CEI\Celebal_Excellence_Internship\fashion-visual-search\data\subset\images\30748.jpg,Men,Apparel,Topwear,Kurtas,White,Summer,2012.0,Ethnic,Fabindia Men Striped White Kurta,index
19587,19587.jpg,F:\CEI\Celebal_Excellence_Internship\fashion-visual-search\data\subset\images\19587.jpg,Women,Apparel,Topwear,Tops,White,Summer,2011.0,Casual,United Colors of Benetton Women White Printed Top,index
19055,19055.jpg,F:\CEI\Celebal_Excellence_Internship\fashion-visual-search\data\subset\images\19055.jpg,Women,Apparel,Topwear,Kurtas,Black,Fall,2011.0,Ethnic,Aurelia Women Solid Black Kurta,index
38451,38451.jpg,F:\CEI\Celebal_Excellence_Internship\fashion-visual-search\data\subset\images\38451.jpg,Women,Accessories,Bags,Handbags,Teal,Summer,2012.0,Casual,Baggit Women Teal Selection Jack Sling Bag,index
39281,39281.jpg,F:\CEI\Celebal_Excellence_Internship\fashion-visual-search\data\subset\images\39281.jpg,Men,Footwear,Sandal,Sandals,Black,Winter,2018.0,Casual,Red Chief Men Black Slippers,index
4507,4507.jpg,F:\CEI\Celebal_Excellence_Internship\fashion-visual-search\data\subset\images\4507.jpg,Men,Footwear,Shoes,Sports Shoes,White,Summer,2011.0,Sports,Lotto Men's Zurigo White Blue Shoe,index
11736,11736.jpg,F:\CEI\Celebal_Excellence_Internship\fashion-visual-search\data\subset\images\11736.jpg,Men,Apparel,Topwear,Tshirts,Maroon,Fall,2011.0,Casual,Lee Men Stripes Maroon T-shirt,index
39716,39716.jpg,F:\CEI\Celebal_Excellence_Internship\fashion-visual-search\data\subset\images\39716.jpg,Women,Apparel,Dress,Dresses,Blue,Summer,2012.0,Casual,Arrow Woman Women Blue Dress,index
6129,6129.jpg,F:\CEI\Celebal_Excellence_Internship\fashion-visual-search\data\subset\images\6129.jpg,Unisex,Footwear,Sandal,Sandals,Black,Summer,2011.0,Casual,Puma Unisex Scuba Black Sandals,index
58184,58184.jpg,F:\CEI\Celebal_Excellence_Internship\fashion-visual-search\data\subset\images\58184.jpg,Women,Accessories,Bags,Handbags,Beige,Summer,2012.0,Casual,Rocky S Women Beige Handbag,index
28402,28402.jpg,F:\CEI\Celebal_Excellence_Internship\fashion-visual-search\data\subset\images\28402.jpg,Women,Accessories,Eyewear,Sunglasses,Brown,Winter,2016.0,Casual,Idee Women Brown Sunglasses,index
28448,28448.jpg,F:\CEI\Celebal_Excellence_Internship\fashion-visual-search\data\subset\images\28448.jpg,Women,Accessories,Bags,Handbags,Brown,Summer,2012.0,Casual,Kiara Women Brown Handbag,index
59985,59985.jpg,F:\CEI\Celebal_Excellence_Internship\fashion-visual-search\data\subset\images\59985.jpg,Women,Apparel,Dress,Dresses,Green,Fall,2012.0,Casual,Avirate Women Green Dress,index
4932,4932.jpg,F:\CEI\Celebal_Excellence_Internship\fashion-visual-search\data\subset\images\4932.jpg,Women,Apparel,Dress,Dresses,Blue,Summer,2011.0,Casual,Gini and Jony Girl's Valerie Blue White Infant Kidswear,index
14312,14312.jpg,F:\CEI\Celebal_Excellence_Internship\fashion-visual-search\data\subset\images\14312.jpg,Men,Apparel,Topwear,Tshirts,Green,Fall,2011.0,Sports,ADIDAS Men Solid Green Jerseys,index
47179,47179.jpg,F:\CEI\Celebal_Excellence_Internship\fashion-visual-search\data\subset\images\47179.jpg,Men,Footwear,Sandal,Sandals,Black,Summer,2012.0,Casual,Ganuchi Men Black Sandals,index
49546,49546.jpg,F:\CEI\Celebal_Excellence_Internship\fashion-visual-search\data\subset\images\49546.jpg,Women,Accessories,Bags,Handbags,Maroon,Summer,2012.0,Casual,Rocia Women Maroon Handbag,index
55595,55595.jpg,F:\CEI\Celebal_Excellence_Internship\fashion-visual-search\data\subset\images\55595.jpg,Men,Apparel,Topwear,Shirts,White,Summer,2012.0,Casual,Peter England Men Brown Check Shirt,index
57467,57467.jpg,F:\CEI\Celebal_Excellence_Internship\fashion-visual-search\data\subset\images\57467.jpg,Unisex,Footwear,Shoes,Casual Shoes,Navy Blue,Fall,2012.0,Casual,Puma Unisex 917 Lo CVS Navy Blue Shoes,index
26439,26439.jpg,F:\CEI\Celebal_Excellence_Internship\fashion-visual-search\data\subset\images\26439.jpg,Women,Accessories,Bags,Handbags,Black,Winter,2015.0,Casual,Spice Art Women Beaded Bow Black Handbag,index
46972,46972.jpg,F:\CEI\Celebal_Excellence_Internship\fashion-visual-search\data\subset\images\46972.jpg,Women,Accessories,Bags,Handbags,Purple,Summer,2012.0,Casual,Bulchee Women Purple Handbag,index
8661,8661.jpg,F:\CEI\Celebal_Excellence_Internship\fashion-visual-search\data\subset\images\8661.jpg,Unisex,Accessories,Eyewear,Sunglasses,Brown,Winter,2016.0,Casual,Fastrack Unisex Hip Hop Brown Sunglasses,index
32971,32971.jpg,F:\CEI\Celebal_Excellence_Internship\fashion-visual-search\data\subset\images\32971.jpg,Men,Apparel,Topwear,Tshirts,Blue,Summer,2012.0,Casual,Angry Birds Men Printed Blue T-shirt,index
40402,40402.jpg,F:\CEI\Celebal_Excellence_Internship\fashion-visual-search\data\subset\images\40402.jpg,Women,Apparel,Dress,Dresses,Grey,Summer,2012.0,Casual,Tonga Women Grey & Red Dress,index
18735,18735.jpg,F:\CEI\Celebal_Excellence_Internship\fashion-visual-search\data\subset\images\18735.jpg,Women,Apparel,Dress,Dresses,Purple,Fall,2011.0,Casual,Arrow Woman Rima Purple Dress,index
6731,6731.jpg,F:\CEI\Celebal_Excellence_Internship\fashion-visual-search\data\subset\images\6731.jpg,Men,Footwear,Shoes,Sports Shoes,Black,Summer,2011.0,Sports,Puma Men's Bolt Faas 300 Black Blue Shoe,index
9989,9989.jpg,F:\CEI\Celebal_Excellence_Internship\fashion-visual-search\data\subset\images\9989.jpg,Men,Apparel,Topwear,Tshirts,Black,Fall,2011.0,Sports,Nike Men As Ss Cruiser Black T-Shirts,index
29829,29829.jpg,F:\CEI\Celebal_Excellence_Internship\fashion-visual-search\data\subset\images\29829.jpg,Men,Apparel,Topwear,Shirts,Purple,Summer,2012.0,Casual,Basics Men Purple Checked Shirt,index
54491,54491.jpg,F:\CEI\Celebal_Excellence_Internship\fashion-visual-search\data\subset\images\54491.jpg,Women,Accessories,Bags,Handbags,Green,Summer,2012.0,Casual,Lino Perros Women Green Handbag,index
47096,47096.jpg,F:\CEI\Celebal_Excellence_Internship\fashion-visual-search\data\subset\images\47096.jpg,Boys,Footwear,Sandal,Sandals,Red,Fall,2012.0,Casual,Marvel Boys Red Sandals,index
9634,9634.jpg,F:\CEI\Celebal_Excellence_Internship\fashion-visual-search\data\subset\images\9634.jpg,Men,Apparel,Topwear,Shirts,White,Fall,2011.0,Formal,Indigo Nation Men Price catch Black White Shirts,index
2672,2672.jpg,F:\CEI\Celebal_Excellence_Internship\fashion-visual-search\data\subset\images\2672.jpg,Women,Accessories,Bags,Handbags,Red,Winter,2015.0,Ethnic,Murcia Women Ethnic Hand Bag,index
8275,8275.jpg,F:\CEI\Celebal_Excellence_Internship\fashion-visual-search\data\subset\images\8275.jpg,Men,Apparel,Topwear,Tshirts,Blue,Fall,2011.0,Casual,Mr.Men Men's Coral Red T-shirt,index
33241,33241.jpg,F:\CEI\Celebal_Excellence_Internship\fashion-visual-search\data\subset\images\33241.jpg,Men,Apparel,Topwear,Shirts,Blue,Summer,2012.0,Formal,Arrow Men Blue Striped Shirt,index
3285,3285.jpg,F:\CEI\Celebal_Excellence_Internship\fashion-visual-search\data\subset\images\3285.jpg,Men,Apparel,Topwear,Tshirts,Yellow,Summer,2011.0,Casual,Guerrilla Men's Move It Move On Green T-shirt,index
8148,8148.jpg,F:\CEI\Celebal_Excellence_Internship\fashion-visual-search\data\subset\images\8148.jpg,Men,Apparel,Topwear,Shirts,Blue,Summer,2011.0,Casual,Highlander Men Blue Checked Haddon Slim Fit Shirt,index
38787,38787.jpg,F:\CEI\Celebal_Excellence_Internship\fashion-visual-search\data\subset\images\38787.jpg,Men,Footwear,Sandal,Sandals,Brown,Winter,2015.0,Casual,Woodland Men Brown Sandals,index
49666,49666.jpg,F:\CEI\Celebal_Excellence_Internship\fashion-visual-search\data\subset\images\49666.jpg,Men,Accessories,Eyewear,Sunglasses,Brown,Winter,2016.0,Casual,United Colors of Benetton Men Sunglass,index
6609,6609.jpg,F:\CEI\Celebal_Excellence_Internship\fashion-visual-search\data\subset\images\6609.jpg,Men,Apparel,Topwear,Tops,White,Summer,2011.0,Casual,Spykar Men's Stripes White Top,index
13168,13168.jpg,F:\CEI\Celebal_Excellence_Internship\fashion-visual-search\data\subset\images\13168.jpg,Women,Footwear,Shoes,Sports Shoes,Grey,Fall,2011.0,Sports,Skechers Women Smart Grey Sports Shoes,index
15293,15293.jpg,F:\CEI\Celebal_Excellence_Internship\fashion-visual-search\data\subset\images\15293.jpg,Unisex,Accessories,Bags,Handbags,Blue,Fall,2011.0,Casual,ADIDAS Originals Unisex ST Airline Blue Bags,index
33660,33660.jpg,F:\CEI\Celebal_Excellence_Internship\fashion-visual-search\data\subset\images\33660.jpg,Men,Footwear,Sandal,Sandals,Black,Summer,2012.0,Casual,Lotto Men Sting II Black Sandals,index
11800,11800.jpg,F:\CEI\Celebal_Excellence_Internship\fashion-visual-search\data\subset\images\11800.jpg,Women,Apparel,Topwear,Kurtas,Black,Fall,2011.0,Ethnic,Vishudh Women Black Pigment Print Kurta,index
9333,9333.jpg,F:\CEI\Celebal_Excellence_Internship\fashion-visual-search\data\subset\images\9333.jpg,Women,Apparel,Topwear,Tops,White,Fall,2011.0,Casual,Puma Women Edition White Tops,index
46335,46335.jpg,F:\CEI\Celebal_Excellence_Internship\fashion-visual-search\data\subset\images\46335.jpg,Women,Footwear,Shoes,Sports Shoes,Black,Summer,2012.0,Sports,Reebok Women Black Zignano Race Sports Shoes,index
40011,40011.jpg,F:\CEI\Celebal_Excellence_Internship\fashion-visual-search\data\subset\images\40011.jpg,Men,Accessories,Eyewear,Sunglasses,Brown,Winter,2016.0,Casual,Park Avenue Men Brown Frame Sunglasses,index
18419,18419.jpg,F:\CEI\Celebal_Excellence_Internship\fashion-visual-search\data\subset\images\18419.jpg,Men,Footwear,Shoes,Sports Shoes,Black,Fall,2011.0,Sports,Skechers Men Shape-Ups Black Shoe,index
36787,36787.jpg,F:\CEI\Celebal_Excellence_Internship\fashion-visual-search\data\subset\images\36787.jpg,Women,Accessories,Watches,Watches,Pink,Winter,2016.0,Casual,Maxima Women Pink Scuba Watch,index
24254,24254.jpg,F:\CEI\Celebal_Excellence_Internship\fashion-visual-search\data\subset\images\24254.jpg,Men,Footwear,Shoes,Casual Shoes,White,Summer,2012.0,Casual,Numero Uno Men White Casual Shoes,index
1814,1814.jpg,F:\CEI\Celebal_Excellence_Internship\fashion-visual-search\data\subset\images\1814.jpg,Men,Apparel,Topwear,Tshirts,Brown,Fall,2010.0,Sports,Solognac Men Chocolate Brown  T-shirt,index
28599,28599.jpg,F:\CEI\Celebal_Excellence_Internship\fashion-visual-search\data\subset\images\28599.jpg,Men,Footwear,Shoes,Sports Shoes,Red,Summer,2012.0,Sports,Fila Men Calcio Red Sports Shoes,index
29939,29939.jpg,F:\CEI\Celebal_Excellence_Internship\fashion-visual-search\data\subset\images\29939.jpg,Men,Accessories,Watches,Watches,White,Winter,2016.0,Casual,Police Men White Dial Watch PL12963JS-01,index
7365,7365.jpg,F:\CEI\Celebal_Excellence_Internship\fashion-visual-search\data\subset\images\7365.jpg,Men,Footwear,Shoes,Casual Shoes,Black,Winter,2018.0,Casual,Red Tape Men's Black Casual Shoe,index
20399,20399.jpg,F:\CEI\Celebal_Excellence_Internship\fashion-visual-search\data\subset\images\20399.jpg,Women,Accessories,Bags,Handbags,Brown,Winter,2015.0,Casual,Baggit Women Possible Taj Brown Handbag,index
51517,51517.jpg,F:\CEI\Celebal_Excellence_Internship\fashion-visual-search\data\subset\images\51517.jpg,Women,Accessories,Watches,Watches,Black,Winter,2016.0,Casual,Fastrack Women Black Dial Watch N2298sm03,index
58494,58494.jpg,F:\CEI\Celebal_Excellence_Internship\fashion-visual-search\data\subset\images\58494.jpg,Women,Apparel,Dress,Dresses,Purple,Fall,2012.0,Casual,Tonga Women Purple Dress,index
48223,48223.jpg,F:\CEI\Celebal_Excellence_Internship\fashion-visual-search\data\subset\images\48223.jpg,Women,Accessories,Eyewear,Sunglasses,Brown,Winter,2016.0,Casual,United Colors of Benetton Women Brown Sunglasses,index
46385,46385.jpg,F:\CEI\Celebal_Excellence_Internship\fashion-visual-search\data\subset\images\46385.jpg,Men,Apparel,Topwear,Tshirts,Green,Summer,2012.0,Casual,ADIDAS Men Green Printed T-shirt,index
9157,9157.jpg,F:\CEI\Celebal_Excellence_Internship\fashion-visual-search\data\subset\images\9157.jpg,Women,Apparel,Topwear,Shirts,Pink,Fall,2011.0,Casual,Jealous 21 Women Checks Pink Shirt,index
5570,5570.jpg,F:\CEI\Celebal_Excellence_Internship\fashion-visual-search\data\subset\images\5570.jpg,Girls,Apparel,Dress,Dresses,Grey,Summer,2011.0,Casual,Ant Kids Girl's Sleeveless With Flower Print Kidswear,index
50194,50194.jpg,F:\CEI\Celebal_Excellence_Internship\fashion-visual-search\data\subset\images\50194.jpg,Boys,Apparel,Topwear,Tshirts,Black,Summer,2012.0,Casual,Gini and Jony Boys Black T-shirt,index
23638,23638.jpg,F:\CEI\Celebal_Excellence_Internship\fashion-visual-search\data\subset\images\23638.jpg,Men,Apparel,Topwear,Tshirts,Green,Summer,2012.0,Casual,DC Comics Men Green T-shirt,index
5566,5566.jpg,F:\CEI\Celebal_Excellence_Internship\fashion-visual-search\data\subset\images\5566.jpg,Women,Apparel,Dress,Dresses,Maroon,Summer,2011.0,Casual,Ant Kids Girl's Maroon With Flower Kidswear,index
23186,23186.jpg,F:\CEI\Celebal_Excellence_Internship\fashion-visual-search\data\subset\images\23186.jpg,Men,Apparel,Topwear,Shirts,Black,Fall,2011.0,Formal,Black Coffee Men Grey and Black Shirt,index
19064,19064.jpg,F:\CEI\Celebal_Excellence_Internship\fashion-visual-search\data\subset\images\19064.jpg,Women,Apparel,Topwear,Kurtas,Off White,Fall,2011.0,Ethnic,W Women Floral Print Green Kurta,index
4361,4361.jpg,F:\CEI\Celebal_Excellence_Internship\fashion-visual-search\data\subset\images\4361.jpg,Men,Apparel,Topwear,Tshirts,Blue,Summer,2011.0,Casual,Free Authority Men's Melting Times Blue T-shirt,index
31944,31944.jpg,F:\CEI\Celebal_Excellence_Internship\fashion-visual-search\data\subset\images\31944.jpg,Women,Footwear,Shoes,Sports Shoes,White,Summer,2012.0,Sports,Nike Women Court Shuttle IV White Sports Shoes,index
14481,14481.jpg,F:\CEI\Celebal_Excellence_Internship\fashion-visual-search\data\subset\images\14481.jpg,Men,Footwear,Shoes,Casual Shoes,Beige,Fall,2011.0,Casual,Flying Machine Men Beige Casual Shoes,index
25612,25612.jpg,F:\CEI\Celebal_Excellence_Internship\fashion-visual-search\data\subset\images\25612.jpg,Women,Accessories,Watches,Watches,Black,Winter,2016.0,Casual,Fastrack Women Black Watch,index
18226,18226.jpg,F:\CEI\Celebal_Excellence_Internship\fashion-visual-search\data\subset\images\18226.jpg,Men,Apparel,Topwear,Tshirts,Grey,Fall,2011.0,Casual,Manchester United Men Printed Grey Tshirt,index
6445,6445.jpg,F:\CEI\Celebal_Excellence_Internship\fashion-visual-search\data\subset\images\6445.jpg,Men,Footwear,Shoes,Casual Shoes,Black,Summer,2011.0,Casual,Lotto Men's Calcetto Black Red Shoe,index
46546,46546.jpg,F:\CEI\Celebal_Excellence_Internship\fashion-visual-search\data\subset\images\46546.jpg,Men,Accessories,Watches,Watches,Black,Winter,2016.0,Casual,Timex Men Black Dial Watch T2N522,index
18847,18847.jpg,F:\CEI\Celebal_Excellence_Internship\fashion-visual-search\data\subset\images\18847.jpg,Men,Apparel,Topwear,Tshirts,White,Fall,2011.0,Casual,Puma Men College  Athletic White  Tshirt,index
28363,28363.jpg,F:\CEI\Celebal_Excellence_Internship\fashion-visual-search\data\subset\images\28363.jpg,Men,Accessories,Eyewear,Sunglasses,Copper,Winter,2016.0,Casual,Idee Men Copper Sunglasses,index
11621,11621.jpg,F:\CEI\Celebal_Excellence_Internship\fashion-visual-search\data\subset\images\11621.jpg,Women,Apparel,Topwear,Kurtas,White,Summer,2011.0,Ethnic,W Women Solid White Kurtas,index
3228,3228.jpg,F:\CEI\Celebal_Excellence_Internship\fashion-visual-search\data\subset\images\3228.jpg,Women,Footwear,Shoes,Casual Shoes,Black,Fall,2010.0,Casual,Puma Women Sabadella Sequin Black Shoe,index
46094,46094.jpg,F:\CEI\Celebal_Excellence_Internship\fashion-visual-search\data\subset\images\46094.jpg,Men,Footwear,Sandal,Sandals,Grey,Summer,2012.0,Casual,ADIDAS Men Grey Climacool Cayoosh Sandals,index
26180,26180.jpg,F:\CEI\Celebal_Excellence_Internship\fashion-visual-search\data\subset\images\26180.jpg,Women,Footwear,Sandal,Sandals,Gold,Spring,2013.0,Casual,Rocia Women Gold Casual Sandals,index
59366,59366.jpg,F:\CEI\Celebal_Excellence_Internship\fashion-visual-search\data\subset\images\59366.jpg,Women,Apparel,Topwear,Kurtas,Red,Summer,2012.0,Ethnic,Vishudh Women Red & White Kurta,index
48196,48196.jpg,F:\CEI\Celebal_Excellence_Internship\fashion-visual-search\data\subset\images\48196.jpg,Men,Accessories,Eyewear,Sunglasses,Black,Winter,2016.0,Casual,United Colors of Benetton Men Black Sunglasses,index
32224,32224.jpg,F:\CEI\Celebal_Excellence_Internship\fashion-visual-search\data\subset\images\32224.jpg,Women,Apparel,Topwear,Kurtas,Blue,Summer,2012.0,Ethnic,Fabindia Women Striped Blue Kurta,index
23280,23280.jpg,F:\CEI\Celebal_Excellence_Internship\fashion-visual-search\data\subset\images\23280.jpg,Men,Accessories,Watches,Watches,Steel,Winter,2016.0,Casual,Maxima Ssteele Men Watch,index
51554,51554.jpg,F:\CEI\Celebal_Excellence_Internship\fashion-visual-search\data\subset\images\51554.jpg,Men,Accessories,Watches,Watches,Black,Winter,2016.0,Casual,Fastrack Men Black Dial Watch,index
7584,7584.jpg,F:\CEI\Celebal_Excellence_Internship\fashion-visual-search\data\subset\images\7584.jpg,Men,Footwear,Shoes,Sports Shoes,Blue,Summer,2011.0,Sports,Nike Men's Lunargli Chlor Blue Black Unargli Shoe,index
25907,25907.jpg,F:\CEI\Celebal_Excellence_Internship\fashion-visual-search\data\subset\images\25907.jpg,Women,Apparel,Dress,Dresses,Purple,Summer,2012.0,Casual,Femella Women Purple Dress,index
44814,44814.jpg,F:\CEI\Celebal_Excellence_Internship\fashion-visual-search\data\subset\images\44814.jpg,Women,Apparel,Topwear,Tops,Maroon,Summer,2012.0,Casual,Spykar Women Maroon Top,index
24739,24739.jpg,F:\CEI\Celebal_Excellence_Internship\fashion-visual-search\data\subset\images\24739.jpg,Women,Accessories,Bags,Handbags,Brown,Winter,2015.0,Casual,Murcia Women Laser Cut Brown Handbag,index
17424,17424.jpg,F:\CEI\Celebal_Excellence_Internship\fashion-visual-search\data\subset\images\17424.jpg,Men,Accessories,Watches,Watches,White,Winter,2016.0,Casual,CASIO Edifice Men Silver-Toned Analogue Watch ED141,index
40308,40308.jpg,F:\CEI\Celebal_Excellence_Internship\fashion-visual-search\data\subset\images\40308.jpg,Unisex,Footwear,Sandal,Sandals,Green,Winter,2013.0,Casual,Warner Bros Kids Green sandals,index
13443,13443.jpg,F:\CEI\Celebal_Excellence_Internship\fashion-visual-search\data\subset\images\13443.jpg,Women,Apparel,Topwear,Tops,White,Summer,2011.0,Casual,United Colors of Benetton Women Solid White Tops,index
52155,52155.jpg,F:\CEI\Celebal_Excellence_Internship\fashion-visual-search\data\subset\images\52155.jpg,Women,Apparel,Dress,Dresses,Purple,Summer,2012.0,Casual,Femella Women Purple Color Block Dress,index
45963,45963.jpg,F:\CEI\Celebal_Excellence_Internship\fashion-visual-search\data\subset\images\45963.jpg,Women,Apparel,Topwear,Tops,Pink,Summer,2012.0,Casual,Tokyo Talkies Women Light Pink Printed Top,index
21933,21933.jpg,F:\CEI\Celebal_Excellence_Internship\fashion-visual-search\data\subset\images\21933.jpg,Women,Accessories,Bags,Handbags,Yellow,Winter,2015.0,Casual,Murcia Women Casual Yellow Handbag,index
43658,43658.jpg,F:\CEI\Celebal_Excellence_Internship\fashion-visual-search\data\subset\images\43658.jpg,Women,Apparel,Dress,Dresses,Black,Summer,2012.0,Casual,ONLY Women Black Dress,index
58492,58492.jpg,F:\CEI\Celebal_Excellence_Internship\fashion-visual-search\data\subset\images\58492.jpg,Women,Apparel,Dress,Dresses,Olive,Fall,2012.0,Casual,Tonga Women Olive Dress,index
31774,31774.jpg,F:\CEI\Celebal_Excellence_Internship\fashion-visual-search\data\subset\images\31774.jpg,Women,Apparel,Topwear,Kurtas,Maroon,Summer,2012.0,Ethnic,Global Desi Women Printed Maroon Kurta,index
5348,5348.jpg,F:\CEI\Celebal_Excellence_Internship\fashion-visual-search\data\subset\images\5348.jpg,Men,Footwear,Shoes,Sports Shoes,Maroon,Fall,2011.0,Sports,Quechua Forclaz  800 Trek Man,index
28584,28584.jpg,F:\CEI\Celebal_Excellence_Internship\fashion-visual-search\data\subset\images\28584.jpg,Men,Accessories,Watches,Watches,White,Winter,2016.0,Casual,ADIDAS Originals Men White Dial Watch ADH2660,index
24637,24637.jpg,F:\CEI\Celebal_Excellence_Internship\fashion-visual-search\data\subset\images\24637.jpg,Women,Footwear,Shoes,Sports Shoes,White,Fall,2011.0,Sports,Nike Women Dual Fusion White Sports Shoes,index
9332,9332.jpg,F:\CEI\Celebal_Excellence_Internship\fashion-visual-search\data\subset\images\9332.jpg,Women,Apparel,Topwear,Tops,White,Fall,2011.0,Casual,Puma Women Ess Striped White Tops,index
45035,45035.jpg,F:\CEI\Celebal_Excellence_Internship\fashion-visual-search\data\subset\images\45035.jpg,Men,Accessories,Watches,Watches,Grey,Winter,2016.0,Casual,Maxima Men Grey Dial Watch,index
45296,45296.jpg,F:\CEI\Celebal_Excellence_Internship\fashion-visual-search\data\subset\images\45296.jpg,Women,Accessories,Watches,Watches,White,Winter,2016.0,Casual,Casio Sheen Women White Analogue Watches (SX044) SHE-3801GL-7ADR,index
41036,41036.jpg,F:\CEI\Celebal_Excellence_Internship\fashion-visual-search\data\subset\images\41036.jpg,Men,Accessories,Watches,Watches,Black,Winter,2016.0,Casual,Nautica Men Black Dial Chronograph Watch,index
32508,32508.jpg,F:\CEI\Celebal_Excellence_Internship\fashion-visual-search\data\subset\images\32508.jpg,Men,Footwear,Sandal,Sandals,Brown,Winter,2015.0,Casual,Franco Leone Men Brown Sandals,index
9565,9565.jpg,F:\CEI\Celebal_Excellence_Internship\fashion-visual-search\data\subset\images\9565.jpg,Men,Apparel,Topwear,Shirts,Blue,Fall,2011.0,Formal,John Miller Men Striped Blue Shirt,index
22248,22248.jpg,F:\CEI\Celebal_Excellence_Internship\fashion-visual-search\data\subset\images\22248.jpg,Men,Footwear,Sandal,Sandals,Green,Fall,2012.0,Casual,ID Men Green Casual Sandals,index
34847,34847.jpg,F:\CEI\Celebal_Excellence_Internship\fashion-visual-search\data\subset\images\34847.jpg,Men,Footwear,Shoes,Sports Shoes,White,Summer,2012.0,Sports,ADIDAS Men Response Team White Sports Shoes,index
36001,36001.jpg,F:\CEI\Celebal_Excellence_Internship\fashion-visual-search\data\subset\images\36001.jpg,Boys,Apparel,Topwear,Tshirts,Orange,Summer,2012.0,Casual,Ben 10 Boys Crew Orange T-shirt,index
14877,14877.jpg,F:\CEI\Celebal_Excellence_Internship\fashion-visual-search\data\subset\images\14877.jpg,Women,Accessories,Bags,Handbags,Black,Summer,2011.0,Casual,United Colors of Benetton Women Solid Black Handbags,index
28871,28871.jpg,F:\CEI\Celebal_Excellence_Internship\fashion-visual-search\data\subset\images\28871.jpg,Women,Apparel,Topwear,Kurtas,Turquoise Blue,Summer,2012.0,Ethnic,BIBA Women Printed Turquoise Blue Kurta,index
5287,5287.jpg,F:\CEI\Celebal_Excellence_Internship\fashion-visual-search\data\subset\images\5287.jpg,Men,Footwear,Shoes,Casual Shoes,Brown,Summer,2011.0,Casual,Lee Cooper Men's Brown Semi Formal Shoe,index
11934,11934.jpg,F:\CEI\Celebal_Excellence_Internship\fashion-visual-search\data\subset\images\11934.jpg,Men,Footwear,Sandal,Sandals,Black,Summer,2012.0,Casual,Ganuchi Men Casual Black Sandals,index
49962,49962.jpg,F:\CEI\Celebal_Excellence_Internship\fashion-visual-search\data\subset\images\49962.jpg,Men,Apparel,Topwear,Tshirts,White,Summer,2016.0,Casual,Hanes Men White Pack of 3 T-shirts,index
29157,29157.jpg,F:\CEI\Celebal_Excellence_Internship\fashion-visual-search\data\subset\images\29157.jpg,Boys,Apparel,Topwear,Tshirts,Pink,Summer,2012.0,Casual,United Colors of Benetton Boys Hopeland Pink T-shirt,index
31130,31130.jpg,F:\CEI\Celebal_Excellence_Internship\fashion-visual-search\data\subset\images\31130.jpg,Girls,Apparel,Dress,Dresses,Pink,Summer,2012.0,Casual,Gini and Jony Girls Printed Pink Dress,index
54017,54017.jpg,F:\CEI\Celebal_Excellence_Internship\fashion-visual-search\data\subset\images\54017.jpg,Women,Accessories,Bags,Handbags,Grey,Summer,2012.0,Casual,Kiara Women Grey Handbag,index
19059,19059.jpg,F:\CEI\Celebal_Excellence_Internship\fashion-visual-search\data\subset\images\19059.jpg,Women,Apparel,Topwear,Kurtas,Black,Fall,2011.0,Ethnic,Aurelia Women Solid Black Kurta,index
37409,37409.jpg,F:\CEI\Celebal_Excellence_Internship\fashion-visual-search\data\subset\images\37409.jpg,Women,Accessories,Bags,Handbags,Black,Summer,2012.0,Casual,Murcia Women Black Handbag,index
9519,9519.jpg,F:\CEI\Celebal_Excellence_Internship\fashion-visual-search\data\subset\images\9519.jpg,Men,Apparel,Topwear,Shirts,Maroon,Fall,2011.0,Formal,John Miller Men white pink black check Maroon Shirts,index
51706,51706.jpg,F:\CEI\Celebal_Excellence_Internship\fashion-visual-search\data\subset\images\51706.jpg,Men,Accessories,Eyewear,Sunglasses,Black,Winter,2016.0,Casual,Van Heusen Men Black Sunglasses,index
4192,4192.jpg,F:\CEI\Celebal_Excellence_Internship\fashion-visual-search\data\subset\images\4192.jpg,Boys,Apparel,Topwear,Tshirts,Green,Summer,2011.0,Casual,Disney Kids Boy's Green Naughty Donald Kidswear,index
47410,47410.jpg,F:\CEI\Celebal_Excellence_Internship\fashion-visual-search\data\subset\images\47410.jpg,Women,Accessories,Bags,Handbags,Blue,Summer,2012.0,Casual,Baggit Women Grey Bag,index
22983,22983.jpg,F:\CEI\Celebal_Excellence_Internship\fashion-visual-search\data\subset\images\22983.jpg,Men,Footwear,Shoes,Sports Shoes,Black,Fall,2011.0,Sports,FILA Men Black Temptation Sports Shoes,index
2634,2634.jpg,F:\CEI\Celebal_Excellence_Internship\fashion-visual-search\data\subset\images\2634.jpg,Men,Footwear,Sandal,Sandals,Beige,Fall,2010.0,Casual,Carlton London Men Beige Strapped Sandal,index
27219,27219.jpg,F:\CEI\Celebal_Excellence_Internship\fashion-visual-search\data\subset\images\27219.jpg,Women,Apparel,Dress,Dresses,Lavender,Summer,2012.0,Casual,Doodle Kids Girl Printed Lavender Dress,index
24695,24695.jpg,F:\CEI\Celebal_Excellence_Internship\fashion-visual-search\data\subset\images\24695.jpg,Men,Footwear,Sandal,Sandals,Black,Summer,2011.0,Casual,Lotto Men Hermes Black Sandals,index
47115,47115.jpg,F:\CEI\Celebal_Excellence_Internship\fashion-visual-search\data\subset\images\47115.jpg,Boys,Footwear,Sandal,Sandals,Blue,Fall,2012.0,Casual,Marvel Boys Blue Slippers,index
47138,47138.jpg,F:\CEI\Celebal_Excellence_Internship\fashion-visual-search\data\subset\images\47138.jpg,Women,Accessories,Bags,Handbags,White,Summer,2015.0,Casual,Be For Bag Women Combo pack Tote Bags,index
19465,19465.jpg,F:\CEI\Celebal_Excellence_Internship\fashion-visual-search\data\subset\images\19465.jpg,Men,Apparel,Topwear,Shirts,Navy Blue,Fall,2011.0,Casual,Quiksilver Men Navy Blue Check Shirt,index
58503,58503.jpg,F:\CEI\Celebal_Excellence_Internship\fashion-visual-search\data\subset\images\58503.jpg,Women,Apparel,Dress,Dresses,White,Summer,2012.0,Casual,Tonga Women Purple Dress,index
43371,43371.jpg,F:\CEI\Celebal_Excellence_Internship\fashion-visual-search\data\subset\images\43371.jpg,Men,Footwear,Shoes,Sports Shoes,White,Summer,2012.0,Sports,Reebok Men White Acciomax III Sports Shoes,index
30269,30269.jpg,F:\CEI\Celebal_Excellence_Internship\fashion-visual-search\data\subset\images\30269.jpg,Men,Accessories,Eyewear,Sunglasses,Brown,Summer,2017.0,Casual,Speedo Men Sheet Sunglasses,index
24158,24158.jpg,F:\CEI\Celebal_Excellence_Internship\fashion-visual-search\data\subset\images\24158.jpg,Women,Apparel,Topwear,Kurtas,Magenta,Fall,2011.0,Ethnic,Aurelia Women Magenta Kurta,index
44529,44529.jpg,F:\CEI\Celebal_Excellence_Internship\fashion-visual-search\data\subset\images\44529.jpg,Men,Footwear,Sandal,Sandals,Black,Winter,2010.0,Casual,Coolers Men Black Sandals,index
4108,4108.jpg,F:\CEI\Celebal_Excellence_Internship\fashion-visual-search\data\subset\images\4108.jpg,Men,Footwear,Sandal,Sandals,Navy Blue,Summer,2012.0,Casual,Fila Men Aruba Navy Grey Sandal,index
50355,50355.jpg,F:\CEI\Celebal_Excellence_Internship\fashion-visual-search\data\subset\images\50355.jpg,Women,Apparel,Topwear,Kurtas,Brown,Summer,2012.0,Ethnic,Aurelia Women Brown Kurta,index
23900,23900.jpg,F:\CEI\Celebal_Excellence_Internship\fashion-visual-search\data\subset\images\23900.jpg,Unisex,Footwear,Sandal,Sandals,Black,Summer,2012.0,Casual,Fila Unisex Wiser Black Sandals,index
2704,2704.jpg,F:\CEI\Celebal_Excellence_Internship\fashion-visual-search\data\subset\images\2704.jpg,Girls,Apparel,Dress,Dresses,White,Summer,2011.0,Casual,Disney Kids Girl's White Pooh Kidswear,index
50406,50406.jpg,F:\CEI\Celebal_Excellence_Internship\fashion-visual-search\data\subset\images\50406.jpg,Women,Accessories,Watches,Watches,Black,Winter,2016.0,Casual,Miss Sixty Black Dial Watch,index
37328,37328.jpg,F:\CEI\Celebal_Excellence_Internship\fashion-visual-search\data\subset\images\37328.jpg,Women,Accessories,Watches,Watches,Silver,Winter,2016.0,Casual,Casio Sheen Women Silver-Toned Dial Chronograph Watch SX040,index
46841,46841.jpg,F:\CEI\Celebal_Excellence_Internship\fashion-visual-search\data\subset\images\46841.jpg,Girls,Footwear,Shoes,Casual Shoes,Pink,Winter,2012.0,Casual,Barbie Girls Pink Shoes,index
40412,40412.jpg,F:\CEI\Celebal_Excellence_Internship\fashion-visual-search\data\subset\images\40412.jpg,Women,Apparel,Dress,Dresses,Pink,Summer,2012.0,Casual,Tonga Women Plum Dress,index
49375,49375.jpg,F:\CEI\Celebal_Excellence_Internship\fashion-visual-search\data\subset\images\49375.jpg,Men,Footwear,Shoes,Casual Shoes,Black,Summer,2012.0,Casual,Vans Men Black Era Pro Shoes,index
6410,6410.jpg,F:\CEI\Celebal_Excellence_Internship\fashion-visual-search\data\subset\images\6410.jpg,Women,Footwear,Shoes,Casual Shoes,White,Summer,2011.0,Casual,Lotto Women Leisure White Blue Shoe,index
3658,3658.jpg,F:\CEI\Celebal_Excellence_Internship\fashion-visual-search\data\subset\images\3658.jpg,Men,Footwear,Shoes,Casual Shoes,Black,Summer,2011.0,Casual,Fila Men's Tribute Black Shoe,index
22952,22952.jpg,F:\CEI\Celebal_Excellence_Internship\fashion-visual-search\data\subset\images\22952.jpg,Men,Footwear,Shoes,Sports Shoes,Grey,Summer,2012.0,Sports,Reebok Men Grey Real Flex Sports Shoes,index
56321,56321.jpg,F:\CEI\Celebal_Excellence_Internship\fashion-visual-search\data\subset\images\56321.jpg,Women,Accessories,Watches,Watches,White,Winter,2016.0,Casual,Fastrack Women White Dial Watch,index
47026,47026.jpg,F:\CEI\Celebal_Excellence_Internship\fashion-visual-search\data\subset\images\47026.jpg,Women,Apparel,Topwear,Kurtas,Black,Summer,2012.0,Ethnic,Shree Women Black & White Kurta,index
39015,39015.jpg,F:\CEI\Celebal_Excellence_Internship\fashion-visual-search\data\subset\images\39015.jpg,Women,Accessories,Watches,Watches,Black,Winter,2016.0,Casual,CASIO ENTICER Women Black Dial Analogue Watch A623 ,index
3207,3207.jpg,F:\CEI\Celebal_Excellence_Internship\fashion-visual-search\data\subset\images\3207.jpg,Women,Apparel,Topwear,Tshirts,Black,Summer,2011.0,Casual,Tantra Women's Tiger Black T-shirt,index
27262,27262.jpg,F:\CEI\Celebal_Excellence_Internship\fashion-visual-search\data\subset\images\27262.jpg,Women,Apparel,Topwear,Tops,Olive,Summer,2012.0,Casual,Arrow Woman Striped Olive Top,index
28712,28712.jpg,F:\CEI\Celebal_Excellence_Internship\fashion-visual-search\data\subset\images\28712.jpg,Women,Apparel,Topwear,Kurtas,Blue,Summer,2012.0,Ethnic,W Women Printed Blue Kurta,index
47378,47378.jpg,F:\CEI\Celebal_Excellence_Internship\fashion-visual-search\data\subset\images\47378.jpg,Women,Accessories,Bags,Handbags,Navy Blue,Summer,2012.0,Casual,Baggit Women Navy Blue Handbag,index
2847,2847.jpg,F:\CEI\Celebal_Excellence_Internship\fashion-visual-search\data\subset\images\2847.jpg,Men,Apparel,Topwear,Tshirts,Purple,Summer,2011.0,Casual,Mr.Men Men's Is There More Love Purple T-shirt,index
43304,43304.jpg,F:\CEI\Celebal_Excellence_Internship\fashion-visual-search\data\subset\images\43304.jpg,Women,Apparel,Topwear,Shirts,White,Summer,2012.0,Casual,United Colors of Benetton Women White Shirt,index
12376,12376.jpg,F:\CEI\Celebal_Excellence_Internship\fashion-visual-search\data\subset\images\12376.jpg,Men,Apparel,Topwear,Shirts,White,Fall,2011.0,Casual,Reid & Taylor Men Check White Shirts,index
26040,26040.jpg,F:\CEI\Celebal_Excellence_Internship\fashion-visual-search\data\subset\images\26040.jpg,Men,Apparel,Topwear,Shirts,Blue,Summer,2012.0,Formal,John Miller Men Blue Shirt,index
31586,31586.jpg,F:\CEI\Celebal_Excellence_Internship\fashion-visual-search\data\subset\images\31586.jpg,Men,Apparel,Topwear,Tshirts,Yellow,Summer,2012.0,Casual,Mark Taylor Men Printed Yellow T-shirt,index
33246,33246.jpg,F:\CEI\Celebal_Excellence_Internship\fashion-visual-search\data\subset\images\33246.jpg,Men,Apparel,Topwear,Shirts,Lavender,Spring,2013.0,Formal,Arrow Men Lavender Unstainable Slim Fit Shirt,index
6022,6022.jpg,F:\CEI\Celebal_Excellence_Internship\fashion-visual-search\data\subset\images\6022.jpg,Men,Apparel,Topwear,Tshirts,Black,Summer,2011.0,Casual,UCB Men's Johny Collar With Two Tone Black T-shirt,index
37308,37308.jpg,F:\CEI\Celebal_Excellence_Internship\fashion-visual-search\data\subset\images\37308.jpg,Men,Accessories,Watches,Watches,Black,Winter,2016.0,Casual,CASIO Edifice Men Silver-Toned Analogue & Digital Watch ED240,index
59872,59872.jpg,F:\CEI\Celebal_Excellence_Internship\fashion-visual-search\data\subset\images\59872.jpg,Women,Apparel,Topwear,Tops,Grey,Fall,2012.0,Casual,Femella Women Grey Top,index
8082,8082.jpg,F:\CEI\Celebal_Excellence_Internship\fashion-visual-search\data\subset\images\8082.jpg,Men,Footwear,Shoes,Sports Shoes,Black,Fall,2011.0,Sports,ADIDAS Men Predito Trx HG Black Sports Shoes,index
8479,8479.jpg,F:\CEI\Celebal_Excellence_Internship\fashion-visual-search\data\subset\images\8479.jpg,Women,Apparel,Dress,Dresses,Cream,Fall,2011.0,Casual,Forever New Women Blossom Silk Cream Dress,index
40671,40671.jpg,F:\CEI\Celebal_Excellence_Internship\fashion-visual-search\data\subset\images\40671.jpg,Women,Apparel,Topwear,Shirts,Pink,Summer,2012.0,Casual,Lee Women Pink & Navy Blue Check Shirt,index
27743,27743.jpg,F:\CEI\Celebal_Excellence_Internship\fashion-visual-search\data\subset\images\27743.jpg,Women,Accessories,Bags,Handbags,Black,Winter,2015.0,Casual,Murcia Women Black Sling bag,index
42989,42989.jpg,F:\CEI\Celebal_Excellence_Internship\fashion-visual-search\data\subset\images\42989.jpg,Women,Footwear,Shoes,Sports Shoes,Black,Summer,2012.0,Sports,Nike Women Black Fivekay Sports Shoes,index
28411,28411.jpg,F:\CEI\Celebal_Excellence_Internship\fashion-visual-search\data\subset\images\28411.jpg,Men,Accessories,Eyewear,Sunglasses,Copper,Winter,2016.0,Casual,Idee Men Copper Sunglasses,index
50751,50751.jpg,F:\CEI\Celebal_Excellence_Internship\fashion-visual-search\data\subset\images\50751.jpg,Men,Footwear,Shoes,Casual Shoes,Mushroom Brown,Winter,2018.0,Casual,Red Chief Men Mushroom Brown Shoes,index
2267,2267.jpg,F:\CEI\Celebal_Excellence_Internship\fashion-visual-search\data\subset\images\2267.jpg,Women,Apparel,Topwear,Tshirts,Pink,Fall,2010.0,Sports,Nike Pink Women T-shirt,index
2861,2861.jpg,F:\CEI\Celebal_Excellence_Internship\fashion-visual-search\data\subset\images\2861.jpg,Men,Apparel,Topwear,Tshirts,Green,Summer,2011.0,Casual,Inkfruit Men's I am Hooked Green T-shirt,index
51730,51730.jpg,F:\CEI\Celebal_Excellence_Internship\fashion-visual-search\data\subset\images\51730.jpg,Women,Accessories,Eyewear,Sunglasses,Purple,Winter,2016.0,Casual,Allen Solly Women Purple Sunglass,index
14727,14727.jpg,F:\CEI\Celebal_Excellence_Internship\fashion-visual-search\data\subset\images\14727.jpg,Men,Apparel,Topwear,Tshirts,Blue,Fall,2011.0,Casual,Ed Hardy Men Tiger Print Blue Tshirts,index
25425,25425.jpg,F:\CEI\Celebal_Excellence_Internship\fashion-visual-search\data\subset\images\25425.jpg,Women,Accessories,Bags,Handbags,Blue,Summer,2012.0,Casual,Puma Women Shopper Sea Blue Handbag,index
24299,24299.jpg,F:\CEI\Celebal_Excellence_Internship\fashion-visual-search\data\subset\images\24299.jpg,Unisex,Footwear,Shoes,Casual Shoes,Grey,Summer,2013.0,Casual,Converse Unisex Grey CT Oxford Ox Casual Shoes,index
46974,46974.jpg,F:\CEI\Celebal_Excellence_Internship\fashion-visual-search\data\subset\images\46974.jpg,Women,Accessories,Bags,Handbags,Brown,Summer,2012.0,Casual,Bulchee Women Brown Handbag,index
47423,47423.jpg,F:\CEI\Celebal_Excellence_Internship\fashion-visual-search\data\subset\images\47423.jpg,Women,Accessories,Bags,Handbags,Pink,Summer,2012.0,Casual,Baggit Women Pink Bag,index
9097,9097.jpg,F:\CEI\Celebal_Excellence_Internship\fashion-visual-search\data\subset\images\9097.jpg,Unisex,Footwear,Shoes,Casual Shoes,Green,Fall,2011.0,Casual,Converse Unisex Ct AsAll Star 08 Hi Green Casual Shoes,index
47112,47112.jpg,F:\CEI\Celebal_Excellence_Internship\fashion-visual-search\data\subset\images\47112.jpg,Boys,Footwear,Sandal,Sandals,Red,Spring,2013.0,Casual,Marvel Boys Red Spiderman Clogs,index
53686,53686.jpg,F:\CEI\Celebal_Excellence_Internship\fashion-visual-search\data\subset\images\53686.jpg,Women,Accessories,Bags,Handbags,Purple,Summer,2012.0,Casual,Kiara Women Purple & Yellow Handbag,index
48218,48218.jpg,F:\CEI\Celebal_Excellence_Internship\fashion-visual-search\data\subset\images\48218.jpg,Women,Accessories,Eyewear,Sunglasses,Black,Winter,2016.0,Casual,United Colors of Benetton Women Black Sunglasses,index
16836,16836.jpg,F:\CEI\Celebal_Excellence_Internship\fashion-visual-search\data\subset\images\16836.jpg,Men,Accessories,Eyewear,Sunglasses,Blue,Winter,2016.0,Casual,Idee Men Funky Eyewear Blue Sunglasses,index
41571,41571.jpg,F:\CEI\Celebal_Excellence_Internship\fashion-visual-search\data\subset\images\41571.jpg,Women,Apparel,Dress,Dresses,Red,Summer,2012.0,Casual,AND Women Red Dress,index
4934,4934.jpg,F:\CEI\Celebal_Excellence_Internship\fashion-visual-search\data\subset\images\4934.jpg,Women,Apparel,Dress,Dresses,Peach,Summer,2011.0,Casual,Gini and Jony Girl's Valerie Peach White Infant Kidswear,index
6370,6370.jpg,F:\CEI\Celebal_Excellence_Internship\fashion-visual-search\data\subset\images\6370.jpg,Men,Footwear,Shoes,Casual Shoes,Red,Summer,2011.0,Casual,Numero Uno Men's Red Black Shoe,index
57037,57037.jpg,F:\CEI\Celebal_Excellence_Internship\fashion-visual-search\data\subset\images\57037.jpg,Women,Apparel,Dress,Dresses,Blue,Summer,2012.0,Casual,Elle Women Blue Dress,index
15094,15094.jpg,F:\CEI\Celebal_Excellence_Internship\fashion-visual-search\data\subset\images\15094.jpg,Women,Apparel,Topwear,Kurtas,Orange,Fall,2011.0,Ethnic,Mother Earth Women Printed Orange Kurtas,index
28386,28386.jpg,F:\CEI\Celebal_Excellence_Internship\fashion-visual-search\data\subset\images\28386.jpg,Men,Accessories,Eyewear,Sunglasses,Black,Winter,2016.0,Casual,Idee Men Black Sunglasses,index
9584,9584.jpg,F:\CEI\Celebal_Excellence_Internship\fashion-visual-search\data\subset\images\9584.jpg,Unisex,Accessories,Bags,Handbags,Black,Fall,2011.0,Casual,Puma Unisex Ferrari LS Portable Black Bags,index
48371,48371.jpg,F:\CEI\Celebal_Excellence_Internship\fashion-visual-search\data\subset\images\48371.jpg,Men,Apparel,Topwear,Shirts,Black,Summer,2012.0,Casual,French Connection Men Black Check Shirt,index
25204,25204.jpg,F:\CEI\Celebal_Excellence_Internship\fashion-visual-search\data\subset\images\25204.jpg,Women,Accessories,Bags,Handbags,Brown,Winter,2015.0,Casual,Lino Perros Women Leatherette Light Brown Handbag,index
54655,54655.jpg,F:\CEI\Celebal_Excellence_Internship\fashion-visual-search\data\subset\images\54655.jpg,Men,Accessories,Watches,Watches,Black,Winter,2016.0,Casual,Fastrack Men Black Dial Watch,index
28282,28282.jpg,F:\CEI\Celebal_Excellence_Internship\fashion-visual-search\data\subset\images\28282.jpg,Women,Accessories,Eyewear,Sunglasses,Purple,Winter,2016.0,Casual,Fastrack Women Purple Sunglasses,index
4638,4638.jpg,F:\CEI\Celebal_Excellence_Internship\fashion-visual-search\data\subset\images\4638.jpg,Women,Footwear,Shoes,Sports Shoes,White,Summer,2011.0,Sports,ADIDAS Women Phantom Low Pink Grey White Shoe,index
4715,4715.jpg,F:\CEI\Celebal_Excellence_Internship\fashion-visual-search\data\subset\images\4715.jpg,Unisex,Accessories,Watches,Watches,Black,Winter,2016.0,Sports,ADIDAS Unisex New York Griffiti Digital Black Watch,index
12045,12045.jpg,F:\CEI\Celebal_Excellence_Internship\fashion-visual-search\data\subset\images\12045.jpg,Men,Apparel,Topwear,Shirts,Black,Fall,2011.0,Casual,Spykar Men Solid Black Shirts,index
39697,39697.jpg,F:\CEI\Celebal_Excellence_Internship\fashion-visual-search\data\subset\images\39697.jpg,Men,Apparel,Topwear,Shirts,Navy Blue,Summer,2012.0,Casual,Spykar Men Ranger Navy Blue Shirt,index
7844,7844.jpg,F:\CEI\Celebal_Excellence_Internship\fashion-visual-search\data\subset\images\7844.jpg,Women,Footwear,Shoes,Sports Shoes,Black,Fall,2011.0,Sports,Puma Women Cabana Racer SL JR Black Blue Green Shoe,index
15888,15888.jpg,F:\CEI\Celebal_Excellence_Internship\fashion-visual-search\data\subset\images\15888.jpg,Girls,Footwear,Sandal,Sandals,Green,Fall,2012.0,Casual,Warner Bros Kids Girls TW Big Facelog Green Sandals,index
7019,7019.jpg,F:\CEI\Celebal_Excellence_Internship\fashion-visual-search\data\subset\images\7019.jpg,Women,Apparel,Topwear,Tops,White,Summer,2011.0,Casual,s.Oliver Women's White Blouse Top,index
21347,21347.jpg,F:\CEI\Celebal_Excellence_Internship\fashion-visual-search\data\subset\images\21347.jpg,Men,Accessories,Eyewear,Sunglasses,Black,Winter,2016.0,Casual,Pal Zileri Men Casual Black Frame Sunglasses,index
43547,43547.jpg,F:\CEI\Celebal_Excellence_Internship\fashion-visual-search\data\subset\images\43547.jpg,Men,Footwear,Sandal,Sandals,Brown,Summer,2012.0,Casual,Woodland Men Brown Sandals,index
35880,35880.jpg,F:\CEI\Celebal_Excellence_Internship\fashion-visual-search\data\subset\images\35880.jpg,Boys,Apparel,Topwear,Tshirts,White,Summer,2012.0,Casual,Jungle Book Boys Royal White T-shirt,index
48477,48477.jpg,F:\CEI\Celebal_Excellence_Internship\fashion-visual-search\data\subset\images\48477.jpg,Women,Apparel,Dress,Dresses,Cream,Winter,2011.0,Casual,French Connection Women Cream Dress,index
10790,10790.jpg,F:\CEI\Celebal_Excellence_Internship\fashion-visual-search\data\subset\images\10790.jpg,Men,Apparel,Topwear,Shirts,Blue,Fall,2011.0,Casual,Wrangler Men Manitoba Piping Blue Shirts,index
1762,1762.jpg,F:\CEI\Celebal_Excellence_Internship\fashion-visual-search\data\subset\images\1762.jpg,Women,Apparel,Topwear,Tshirts,Blue,Fall,2010.0,Sports,Lotto Women Cathy Blue T-shirt,index
17168,17168.jpg,F:\CEI\Celebal_Excellence_Internship\fashion-visual-search\data\subset\images\17168.jpg,Men,Apparel,Topwear,Shirts,Mustard,Fall,2011.0,Casual,U.S. Polo Assn. Men Checks Mustard Shirt,index
31305,31305.jpg,F:\CEI\Celebal_Excellence_Internship\fashion-visual-search\data\subset\images\31305.jpg,Women,Apparel,Topwear,Kurtas,Lavender,Summer,2012.0,Ethnic,W Women Lavender Printed Kurta,index
5007,5007.jpg,F:\CEI\Celebal_Excellence_Internship\fashion-visual-search\data\subset\images\5007.jpg,Women,Apparel,Dress,Dresses,Purple,Summer,2011.0,Casual,Gini and Jony Girl's Sandra Purple Kidswear,index
24503,24503.jpg,F:\CEI\Celebal_Excellence_Internship\fashion-visual-search\data\subset\images\24503.jpg,Women,Apparel,Topwear,Kurtas,Red,Fall,2011.0,Ethnic,Mother Earth Women Red Printed Kurta,index
13500,13500.jpg,F:\CEI\Celebal_Excellence_Internship\fashion-visual-search\data\subset\images\13500.jpg,Men,Apparel,Topwear,Tshirts,Grey,Fall,2011.0,Casual,Chimp Men VVVIP Grey T-shirts,index
46271,46271.jpg,F:\CEI\Celebal_Excellence_Internship\fashion-visual-search\data\subset\images\46271.jpg,Women,Apparel,Dress,Dresses,Blue,Summer,2012.0,Casual,109F Blue A-Line Dress,index
25827,25827.jpg,F:\CEI\Celebal_Excellence_Internship\fashion-visual-search\data\subset\images\25827.jpg,Women,Apparel,Topwear,Kurtas,Silver,Summer,2012.0,Ethnic,Diva Women Printed Beige Kurta,index
17262,17262.jpg,F:\CEI\Celebal_Excellence_Internship\fashion-visual-search\data\subset\images\17262.jpg,Men,Apparel,Topwear,Tshirts,Grey,Fall,2011.0,Casual,U.S. Polo Assn. Men Stripes Dk.Grey Polo Tshirt,index
28657,28657.jpg,F:\CEI\Celebal_Excellence_Internship\fashion-visual-search\data\subset\images\28657.jpg,Men,Footwear,Shoes,Casual Shoes,Black,Summer,2012.0,Casual,Nike Men Air Ralston Mid Lite Black Casual Shoes,index
33504,33504.jpg,F:\CEI\Celebal_Excellence_Internship\fashion-visual-search\data\subset\images\33504.jpg,Women,Apparel,Dress,Dresses,Pink,Summer,2012.0,Casual,Doodle Kids Girl Printed Pink Dress,index
4919,4919.jpg,F:\CEI\Celebal_Excellence_Internship\fashion-visual-search\data\subset\images\4919.jpg,Women,Apparel,Topwear,Tops,Pink,Summer,2011.0,Casual,Gini and Jony Girl's Veeya Pink Kidswear,index
36749,36749.jpg,F:\CEI\Celebal_Excellence_Internship\fashion-visual-search\data\subset\images\36749.jpg,Girls,Apparel,Dress,Dresses,White,Summer,2012.0,Casual,Little Miss Girls Trying White Dress,index
39285,39285.jpg,F:\CEI\Celebal_Excellence_Internship\fashion-visual-search\data\subset\images\39285.jpg,Men,Footwear,Sandal,Sandals,Black,Summer,2018.0,Casual,Red Chief Men Black Sandals,index
38181,38181.jpg,F:\CEI\Celebal_Excellence_Internship\fashion-visual-search\data\subset\images\38181.jpg,Women,Accessories,Eyewear,Sunglasses,Brown,Winter,2016.0,Casual,Miami Blues Women Sunglasses,index
46017,46017.jpg,F:\CEI\Celebal_Excellence_Internship\fashion-visual-search\data\subset\images\46017.jpg,Women,Apparel,Topwear,Kurtas,Orange,Summer,2012.0,Ethnic,Fabindia Women Orange Printed Kurta,index
26794,26794.jpg,F:\CEI\Celebal_Excellence_Internship\fashion-visual-search\data\subset\images\26794.jpg,Men,Apparel,Topwear,Shirts,Grey,Summer,2013.0,Formal,Arrow Men Grey Shirt,index
10229,10229.jpg,F:\CEI\Celebal_Excellence_Internship\fashion-visual-search\data\subset\images\10229.jpg,Women,Accessories,Bags,Handbags,Black,Winter,2015.0,Casual,Murcia Women Hths Black Handbags,index
25971,25971.jpg,F:\CEI\Celebal_Excellence_Internship\fashion-visual-search\data\subset\images\25971.jpg,Women,Apparel,Dress,Dresses,Black,Summer,2012.0,Casual,Femella Women Black Dress,index
9783,9783.jpg,F:\CEI\Celebal_Excellence_Internship\fashion-visual-search\data\subset\images\9783.jpg,Men,Apparel,Topwear,Tshirts,White,Fall,2011.0,Casual,ADIDAS Men Bnce Hop White Tshirts,index
47289,47289.jpg,F:\CEI\Celebal_Excellence_Internship\fashion-visual-search\data\subset\images\47289.jpg,Women,Accessories,Bags,Handbags,Red,Summer,2012.0,Casual,Baggit Women Red Bag,index
54940,54940.jpg,F:\CEI\Celebal_Excellence_Internship\fashion-visual-search\data\subset\images\54940.jpg,Women,Apparel,Topwear,Tshirts,Burgundy,Summer,2012.0,Casual,Do u speak green Women Burgundy T-shirt,index
32191,32191.jpg,F:\CEI\Celebal_Excellence_Internship\fashion-visual-search\data\subset\images\32191.jpg,Men,Footwear,Shoes,Sports Shoes,Blue,Summer,2012.0,Sports,ADIDAS Men Phantom Blue Sports Shoes,index
47377,47377.jpg,F:\CEI\Celebal_Excellence_Internship\fashion-visual-search\data\subset\images\47377.jpg,Women,Accessories,Bags,Handbags,Maroon,Summer,2012.0,Casual,Baggit Women Maroon Bag,index
49844,49844.jpg,F:\CEI\Celebal_Excellence_Internship\fashion-visual-search\data\subset\images\49844.jpg,Men,Accessories,Watches,Watches,Black,Winter,2016.0,Casual,Q&Q Men Gents ANALOG Black Watches,index
9974,9974.jpg,F:\CEI\Celebal_Excellence_Internship\fashion-visual-search\data\subset\images\9974.jpg,Men,Apparel,Topwear,Tshirts,Black,Fall,2011.0,Sports,Nike Men Black Polo Tshirts,index
23215,23215.jpg,F:\CEI\Celebal_Excellence_Internship\fashion-visual-search\data\subset\images\23215.jpg,Women,Apparel,Topwear,Kurtas,Black,Fall,2011.0,Ethnic,Aneri Women Nivedita Black Kurta,index
58504,58504.jpg,F:\CEI\Celebal_Excellence_Internship\fashion-visual-search\data\subset\images\58504.jpg,Women,Apparel,Dress,Dresses,Black,Fall,2012.0,Casual,Tonga Women Black Dress,index
28279,28279.jpg,F:\CEI\Celebal_Excellence_Internship\fashion-visual-search\data\subset\images\28279.jpg,Women,Accessories,Eyewear,Sunglasses,Brown,Winter,2016.0,Casual,Fastrack Women Brown Sunglasses,index
44521,44521.jpg,F:\CEI\Celebal_Excellence_Internship\fashion-visual-search\data\subset\images\44521.jpg,Men,Footwear,Sandal,Sandals,Black,Summer,2012.0,Casual,Coolers Men Black Sandals,index
45724,45724.jpg,F:\CEI\Celebal_Excellence_Internship\fashion-visual-search\data\subset\images\45724.jpg,Women,Apparel,Topwear,Kurtas,Maroon,Summer,2012.0,Ethnic,Folklore Women Maroon Kurta,index
2365,2365.jpg,F:\CEI\Celebal_Excellence_Internship\fashion-visual-search\data\subset\images\2365.jpg,Women,Accessories,Bags,Handbags,Pink,Spring,2011.0,Sports,ADIDAS Pink Women Bag,index
5506,5506.jpg,F:\CEI\Celebal_Excellence_Internship\fashion-visual-search\data\subset\images\5506.jpg,Women,Apparel,Topwear,Tshirts,Yellow,Summer,2011.0,Casual,Nike Women's Yellow Casual T-shirt,index
23740,23740.jpg,F:\CEI\Celebal_Excellence_Internship\fashion-visual-search\data\subset\images\23740.jpg,Women,Accessories,Eyewear,Sunglasses,Purple,Winter,2016.0,Casual,Ray-Ban Women Cats Sunglasses,index
9598,9598.jpg,F:\CEI\Celebal_Excellence_Internship\fashion-visual-search\data\subset\images\9598.jpg,Men,Apparel,Topwear,Shirts,Purple,Fall,2011.0,Casual,Scullers Men Scul Purple Shirts,index
5854,5854.jpg,F:\CEI\Celebal_Excellence_Internship\fashion-visual-search\data\subset\images\5854.jpg,Women,Accessories,Bags,Handbags,Pink,Summer,2011.0,Casual,ADIDAS Women Pink Handbag,index
10223,10223.jpg,F:\CEI\Celebal_Excellence_Internship\fashion-visual-search\data\subset\images\10223.jpg,Women,Accessories,Bags,Handbags,Green,Winter,2015.0,Casual,Murcia Women Zoe Green Handbags,index
16851,16851.jpg,F:\CEI\Celebal_Excellence_Internship\fashion-visual-search\data\subset\images\16851.jpg,Women,Accessories,Eyewear,Sunglasses,Black,Winter,2016.0,Casual,Idee Women Funky Eyewear Black Sunglasses,index
33243,33243.jpg,F:\CEI\Celebal_Excellence_Internship\fashion-visual-search\data\subset\images\33243.jpg,Men,Apparel,Topwear,Shirts,White,Summer,2012.0,Formal,Arrow Men Navy Blue Check Shirt,index
13735,13735.jpg,F:\CEI\Celebal_Excellence_Internship\fashion-visual-search\data\subset\images\13735.jpg,Men,Apparel,Topwear,Shirts,Green,Fall,2011.0,Formal,Belmonte Men Stripes Green Shirts,index
1546,1546.jpg,F:\CEI\Celebal_Excellence_Internship\fashion-visual-search\data\subset\images\1546.jpg,Men,Footwear,Shoes,Casual Shoes,White,Fall,2010.0,Casual,Puma Men's Furore White Shoe,index
35664,35664.jpg,F:\CEI\Celebal_Excellence_Internship\fashion-visual-search\data\subset\images\35664.jpg,Men,Footwear,Sandal,Sandals,Black,Summer,2013.0,Casual,U.S. Polo Assn. Men Black Sandals,index
51695,51695.jpg,F:\CEI\Celebal_Excellence_Internship\fashion-visual-search\data\subset\images\51695.jpg,Women,Accessories,Eyewear,Sunglasses,Purple,Winter,2016.0,Casual,Van Heusen Women Oversized Sunglasses VH215-C3,index
47032,47032.jpg,F:\CEI\Celebal_Excellence_Internship\fashion-visual-search\data\subset\images\47032.jpg,Women,Apparel,Topwear,Kurtas,Red,Fall,2012.0,Ethnic,Shree Women Red & Black Kurta,index
53774,53774.jpg,F:\CEI\Celebal_Excellence_Internship\fashion-visual-search\data\subset\images\53774.jpg,Men,Apparel,Topwear,Tshirts,White,Summer,2012.0,Casual,Puma Men White T-shirt,index
2154,2154.jpg,F:\CEI\Celebal_Excellence_Internship\fashion-visual-search\data\subset\images\2154.jpg,Men,Apparel,Topwear,Tshirts,White,Spring,2011.0,Casual,Basics Men Red & Grey Polo T-shirt,index
5577,5577.jpg,F:\CEI\Celebal_Excellence_Internship\fashion-visual-search\data\subset\images\5577.jpg,Men,Footwear,Shoes,Sports Shoes,Grey,Summer,2011.0,Sports,Nike Men's Field Trainer Textile Grey Black White Shoe,index
47391,47391.jpg,F:\CEI\Celebal_Excellence_Internship\fashion-visual-search\data\subset\images\47391.jpg,Women,Accessories,Bags,Handbags,Beige,Fall,2012.0,Casual,Baggit Women Beige Handbag,index
37141,37141.jpg,F:\CEI\Celebal_Excellence_Internship\fashion-visual-search\data\subset\images\37141.jpg,Men,Apparel,Topwear,Shirts,Grey,Summer,2012.0,Casual,Wills Lifestyle Men Stripes Grey Shirt,index
11179,11179.jpg,F:\CEI\Celebal_Excellence_Internship\fashion-visual-search\data\subset\images\11179.jpg,Men,Accessories,Watches,Watches,Brown,Winter,2016.0,Casual,Carrera Men Leather strap dial and golden frame Brown Watches,index
49662,49662.jpg,F:\CEI\Celebal_Excellence_Internship\fashion-visual-search\data\subset\images\49662.jpg,Women,Accessories,Eyewear,Sunglasses,Black,Winter,2016.0,Casual,United Colors of Benetton Women Sunglass,index
28661,28661.jpg,F:\CEI\Celebal_Excellence_Internship\fashion-visual-search\data\subset\images\28661.jpg,Men,Footwear,Shoes,Sports Shoes,Black,Summer,2012.0,Casual,Nike Men Air Max Full Court 2 Black Shoes,index
16859,16859.jpg,F:\CEI\Celebal_Excellence_Internship\fashion-visual-search\data\subset\images\16859.jpg,Unisex,Accessories,Eyewear,Sunglasses,Brown,Winter,2016.0,Casual,Idee Unisex Funky Eyewear Brown Sunglasses,index
26426,26426.jpg,F:\CEI\Celebal_Excellence_Internship\fashion-visual-search\data\subset\images\26426.jpg,Women,Accessories,Bags,Handbags,Bronze,Summer,2012.0,Casual,Spice Art Women Leatherette Bronze Handbag,index
44612,44612.jpg,F:\CEI\Celebal_Excellence_Internship\fashion-visual-search\data\subset\images\44612.jpg,Men,Footwear,Shoes,Sports Shoes,Blue,Spring,2013.0,Sports,Salomon Men Blue RX Prime Sports Shoes,index
8672,8672.jpg,F:\CEI\Celebal_Excellence_Internship\fashion-visual-search\data\subset\images\8672.jpg,Men,Accessories,Eyewear,Sunglasses,Black,Winter,2016.0,Casual,Fastrack Men Fastrack Black sunglass with golden rim Black Sunglasses,index
29951,29951.jpg,F:\CEI\Celebal_Excellence_Internship\fashion-visual-search\data\subset\images\29951.jpg,Men,Accessories,Watches,Watches,Black,Winter,2016.0,Casual,Police Men Black Dial Chronograph Watch PL13092JSB-02A,index
16476,16476.jpg,F:\CEI\Celebal_Excellence_Internship\fashion-visual-search\data\subset\images\16476.jpg,Men,Apparel,Topwear,Shirts,Purple,Fall,2011.0,Casual,Locomotive Men Check Purple Shirt,index
18299,18299.jpg,F:\CEI\Celebal_Excellence_Internship\fashion-visual-search\data\subset\images\18299.jpg,Women,Apparel,Topwear,Kurtas,Black,Fall,2011.0,Ethnic,Aneri Women Zeenat Black Kurta,index
35916,35916.jpg,F:\CEI\Celebal_Excellence_Internship\fashion-visual-search\data\subset\images\35916.jpg,Women,Accessories,Bags,Handbags,Purple,Fall,2012.0,Casual,Peperone Women Purple Handbag,index
51430,51430.jpg,F:\CEI\Celebal_Excellence_Internship\fashion-visual-search\data\subset\images\51430.jpg,Men,Apparel,Topwear,Shirts,White,Summer,2012.0,Casual,Myntra Men Navy Blue & Orange Check Shirt,index
15651,15651.jpg,F:\CEI\Celebal_Excellence_Internship\fashion-visual-search\data\subset\images\15651.jpg,Unisex,Accessories,Bags,Handbags,Black,Fall,2011.0,Casual,Belkin Unisex Apple Move Toploader 15,index
6059,6059.jpg,F:\CEI\Celebal_Excellence_Internship\fashion-visual-search\data\subset\images\6059.jpg,Men,Apparel,Topwear,Shirts,Green,Summer,2011.0,Casual,UCB Men Linen Small Checks Green Shirt,index
21312,21312.jpg,F:\CEI\Celebal_Excellence_Internship\fashion-visual-search\data\subset\images\21312.jpg,Women,Accessories,Eyewear,Sunglasses,Brown,Winter,2016.0,Casual,Celine Dion Women Brown Frame Sunglasses,index
2233,2233.jpg,F:\CEI\Celebal_Excellence_Internship\fashion-visual-search\data\subset\images\2233.jpg,Men,Footwear,Sandal,Sandals,Black,Fall,2010.0,Casual,Puma Men Carbon Sandal,index
24558,24558.jpg,F:\CEI\Celebal_Excellence_Internship\fashion-visual-search\data\subset\images\24558.jpg,Women,Apparel,Topwear,Kurtas,Blue,Fall,2011.0,Ethnic,Vishudh Women Blue Printed Kurta,index
30581,30581.jpg,F:\CEI\Celebal_Excellence_Internship\fashion-visual-search\data\subset\images\30581.jpg,Unisex,Accessories,Eyewear,Sunglasses,Black,Winter,2016.0,Casual,Ray Ban Unisex Black Sunglass,index
39152,39152.jpg,F:\CEI\Celebal_Excellence_Internship\fashion-visual-search\data\subset\images\39152.jpg,Women,Apparel,Topwear,Kurtas,Turquoise Blue,Summer,2012.0,Ethnic,Aneri Women Turquiose Blue Printed Kurta,index
29140,29140.jpg,F:\CEI\Celebal_Excellence_Internship\fashion-visual-search\data\subset\images\29140.jpg,Women,Accessories,Eyewear,Sunglasses,Purple,Winter,2016.0,Casual,Vogue Women Purple Sunglasses,index
12850,12850.jpg,F:\CEI\Celebal_Excellence_Internship\fashion-visual-search\data\subset\images\12850.jpg,Women,Apparel,Topwear,Tops,Green,Fall,2011.0,Casual,Ant Kids Girl Cheerful Green Tops,index
59227,59227.jpg,F:\CEI\Celebal_Excellence_Internship\fashion-visual-search\data\subset\images\59227.jpg,Women,Accessories,Watches,Watches,Black,Winter,2016.0,Casual,Titan Women Black Watch,index
51457,51457.jpg,F:\CEI\Celebal_Excellence_Internship\fashion-visual-search\data\subset\images\51457.jpg,Women,Apparel,Dress,Dresses,Black,Summer,2012.0,Casual,Tonga Women Black Dress,index
17191,17191.jpg,F:\CEI\Celebal_Excellence_Internship\fashion-visual-search\data\subset\images\17191.jpg,Men,Apparel,Topwear,Shirts,Blue,Winter,2016.0,Casual,U.S. Polo Assn. Men Checks  Blue Shirt,index
48235,48235.jpg,F:\CEI\Celebal_Excellence_Internship\fashion-visual-search\data\subset\images\48235.jpg,Women,Accessories,Eyewear,Sunglasses,Black,Winter,2016.0,Casual,United Colors of Benetton Women Black Sunglasses,index
3442,3442.jpg,F:\CEI\Celebal_Excellence_Internship\fashion-visual-search\data\subset\images\3442.jpg,Unisex,Apparel,Topwear,Tshirts,Blue,Summer,2011.0,Sports,Delhi Daredevils Kids Match Jersey,index
15000,15000.jpg,F:\CEI\Celebal_Excellence_Internship\fashion-visual-search\data\subset\images\15000.jpg,Men,Apparel,Topwear,Tshirts,White,Fall,2011.0,Sports,ADIDAS Men Solid White Tshirts,index
18481,18481.jpg,F:\CEI\Celebal_Excellence_Internship\fashion-visual-search\data\subset\images\18481.jpg,Men,Footwear,Shoes,Casual Shoes,Blue,Fall,2011.0,Casual,Puma Men Future Cat Blue Casual Shoes,index
26935,26935.jpg,F:\CEI\Celebal_Excellence_Internship\fashion-visual-search\data\subset\images\26935.jpg,Women,Apparel,Dress,Dresses,Black,Summer,2012.0,Casual,Jealous 21 Women Black Dress,index
9539,9539.jpg,F:\CEI\Celebal_Excellence_Internship\fashion-visual-search\data\subset\images\9539.jpg,Men,Apparel,Topwear,Tshirts,Blue,Summer,2011.0,Sports,Nike Men Asss Crusier Graphic Blue T-Shirts,index
45859,45859.jpg,F:\CEI\Celebal_Excellence_Internship\fashion-visual-search\data\subset\images\45859.jpg,Women,Apparel,Topwear,Kurtas,Multi,Summer,2012.0,Ethnic,Vishudh Women Multi Coloured Kurta,index
51424,51424.jpg,F:\CEI\Celebal_Excellence_Internship\fashion-visual-search\data\subset\images\51424.jpg,Men,Apparel,Topwear,Shirts,White,Summer,2012.0,Formal,Myntra Men White Shirt,index
21543,21543.jpg,F:\CEI\Celebal_Excellence_Internship\fashion-visual-search\data\subset\images\21543.jpg,Women,Accessories,Bags,Handbags,Black,Winter,2015.0,Casual,Kiara Women Small Pocket Black Handbag,index
12241,12241.jpg,F:\CEI\Celebal_Excellence_Internship\fashion-visual-search\data\subset\images\12241.jpg,Men,Apparel,Topwear,Shirts,White,Fall,2011.0,Formal,Genesis Men Stripes White Shirts,index
13758,13758.jpg,F:\CEI\Celebal_Excellence_Internship\fashion-visual-search\data\subset\images\13758.jpg,Men,Apparel,Topwear,Shirts,Green,Fall,2011.0,Formal,Belmonte Men Check Green Shirts,index
3263,3263.jpg,F:\CEI\Celebal_Excellence_Internship\fashion-visual-search\data\subset\images\3263.jpg,Men,Apparel,Topwear,Tshirts,Yellow,Summer,2011.0,Casual,Guerrilla Men's Need Money Yellow T-shirt,index
42837,42837.jpg,F:\CEI\Celebal_Excellence_Internship\fashion-visual-search\data\subset\images\42837.jpg,Women,Accessories,Bags,Handbags,Black,Summer,2012.0,Casual,French Connection Women Black Kite Handbag,index
43000,43000.jpg,F:\CEI\Celebal_Excellence_Internship\fashion-visual-search\data\subset\images\43000.jpg,Men,Footwear,Shoes,Sports Shoes,White,Summer,2012.0,Sports,Nike Men White Air Dictate Sports Shoes,index
58533,58533.jpg,F:\CEI\Celebal_Excellence_Internship\fashion-visual-search\data\subset\images\58533.jpg,Unisex,Accessories,Eyewear,Sunglasses,Black,Winter,2016.0,Casual,Miami Blues Unisex Sunglasses,index
47434,47434.jpg,F:\CEI\Celebal_Excellence_Internship\fashion-visual-search\data\subset\images\47434.jpg,Women,Accessories,Bags,Handbags,Purple,Summer,2012.0,Casual,Baggit Women Purple Handbag,index
11620,11620.jpg,F:\CEI\Celebal_Excellence_Internship\fashion-visual-search\data\subset\images\11620.jpg,Women,Apparel,Topwear,Kurtas,Green,Summer,2011.0,Ethnic,W Women Solid Lime Green Kurtas,index
43292,43292.jpg,F:\CEI\Celebal_Excellence_Internship\fashion-visual-search\data\subset\images\43292.jpg,Women,Accessories,Bags,Handbags,Pink,Summer,2015.0,Casual,Murcia Women Pink Kate Handbag,index
31127,31127.jpg,F:\CEI\Celebal_Excellence_Internship\fashion-visual-search\data\subset\images\31127.jpg,Girls,Apparel,Dress,Dresses,Black,Summer,2012.0,Casual,Gini and Jony Girls Black Dress,index
48090,48090.jpg,F:\CEI\Celebal_Excellence_Internship\fashion-visual-search\data\subset\images\48090.jpg,Women,Apparel,Topwear,Tops,Olive,Summer,2012.0,Casual,French Connection Women Olive Top,index
2388,2388.jpg,F:\CEI\Celebal_Excellence_Internship\fashion-visual-search\data\subset\images\2388.jpg,Men,Footwear,Shoes,Casual Shoes,Brown,Winter,2018.0,Casual,Red Tape Men Brown Casual Shoe,index
31050,31050.jpg,F:\CEI\Celebal_Excellence_Internship\fashion-visual-search\data\subset\images\31050.jpg,Men,Apparel,Topwear,Shirts,Navy Blue,Summer,2012.0,Casual,Arrow Sport Men Check Navy Blue Shirt,index
5243,5243.jpg,F:\CEI\Celebal_Excellence_Internship\fashion-visual-search\data\subset\images\5243.jpg,Men,Footwear,Shoes,Sports Shoes,Black,Summer,2011.0,Sports,Reebok Men's Zigdhoni Black Shoe,index
33488,33488.jpg,F:\CEI\Celebal_Excellence_Internship\fashion-visual-search\data\subset\images\33488.jpg,Men,Apparel,Topwear,Shirts,Purple,Summer,2012.0,Casual,Doodle Kids Boy Check Purple Shirt,index
40306,40306.jpg,F:\CEI\Celebal_Excellence_Internship\fashion-visual-search\data\subset\images\40306.jpg,Unisex,Footwear,Sandal,Sandals,White,Winter,2013.0,Casual,Warner Bros Unisex White Kids sandals,index
30647,30647.jpg,F:\CEI\Celebal_Excellence_Internship\fashion-visual-search\data\subset\images\30647.jpg,Men,Apparel,Topwear,Tshirts,Black,Summer,2012.0,Casual,Nike Men U Logo Black T-shirt,index
20393,20393.jpg,F:\CEI\Celebal_Excellence_Internship\fashion-visual-search\data\subset\images\20393.jpg,Women,Accessories,Bags,Handbags,Brown,Winter,2015.0,Casual,Baggit Women Grand Hoor Brown Handbag,index
58490,58490.jpg,F:\CEI\Celebal_Excellence_Internship\fashion-visual-search\data\subset\images\58490.jpg,Women,Apparel,Dress,Dresses,White,Fall,2012.0,Casual,Tonga Women White Dress,index
24709,24709.jpg,F:\CEI\Celebal_Excellence_Internship\fashion-visual-search\data\subset\images\24709.jpg,Men,Footwear,Sandal,Sandals,Olive,Summer,2012.0,Casual,Puma Men Gypsy II Olive Sandals,index
38166,38166.jpg,F:\CEI\Celebal_Excellence_Internship\fashion-visual-search\data\subset\images\38166.jpg,Women,Accessories,Eyewear,Sunglasses,White,Winter,2016.0,Casual,Miami Blues Women Sunglasses,index
21316,21316.jpg,F:\CEI\Celebal_Excellence_Internship\fashion-visual-search\data\subset\images\21316.jpg,Women,Accessories,Eyewear,Sunglasses,Brown,Winter,2016.0,Casual,Celine Dion Women Brown Frame Sunglasses,index
26643,26643.jpg,F:\CEI\Celebal_Excellence_Internship\fashion-visual-search\data\subset\images\26643.jpg,Men,Footwear,Shoes,Casual Shoes,Red,Summer,2012.0,Casual,Puma Men Driving Power Light Red Casual Shoes,index
34314,34314.jpg,F:\CEI\Celebal_Excellence_Internship\fashion-visual-search\data\subset\images\34314.jpg,Men,Apparel,Topwear,Tshirts,Orange,Summer,2012.0,Casual,Myntra Men Orange Urban T-shirt,index
53394,53394.jpg,F:\CEI\Celebal_Excellence_Internship\fashion-visual-search\data\subset\images\53394.jpg,Women,Apparel,Topwear,Kurtas,Blue,Fall,2012.0,Ethnic,Alma Women Blue and Sea Green Printed Kurta,index
41859,41859.jpg,F:\CEI\Celebal_Excellence_Internship\fashion-visual-search\data\subset\images\41859.jpg,Men,Footwear,Sandal,Sandals,Black,Summer,2016.0,Casual,Estd. 1977 Men Black Sandals,index
51269,51269.jpg,F:\CEI\Celebal_Excellence_Internship\fashion-visual-search\data\subset\images\51269.jpg,Girls,Accessories,Watches,Watches,Pink,Winter,2016.0,Casual,Hop Scotch Girls Pink Digital Watch,index
7328,7328.jpg,F:\CEI\Celebal_Excellence_Internship\fashion-visual-search\data\subset\images\7328.jpg,Men,Footwear,Sandal,Sandals,Black,Summer,2013.0,Casual,Red Tape Men Black Sandals,index
17323,17323.jpg,F:\CEI\Celebal_Excellence_Internship\fashion-visual-search\data\subset\images\17323.jpg,Men,Accessories,Eyewear,Sunglasses,Brown,Winter,2016.0,Casual,Pepe Jeans Men Casual Sunglasses,index
28287,28287.jpg,F:\CEI\Celebal_Excellence_Internship\fashion-visual-search\data\subset\images\28287.jpg,Men,Accessories,Eyewear,Sunglasses,Black,Winter,2016.0,Casual,Fastrack Men Black Sunglasses,index
4558,4558.jpg,F:\CEI\Celebal_Excellence_Internship\fashion-visual-search\data\subset\images\4558.jpg,Men,Footwear,Shoes,Sports Shoes,White,Summer,2011.0,Sports,Nike Men's Dunk High Orange Shoe,index
16948,16948.jpg,F:\CEI\Celebal_Excellence_Internship\fashion-visual-search\data\subset\images\16948.jpg,Men,Accessories,Eyewear,Sunglasses,Brown,Winter,2016.0,Casual,Image Men Classic Eyewear Brown Sunglasses,index
42591,42591.jpg,F:\CEI\Celebal_Excellence_Internship\fashion-visual-search\data\subset\images\42591.jpg,Women,Apparel,Dress,Dresses,Navy Blue,Summer,2012.0,Casual,United Colors of Benetton Women Navy Blue Dress,index
18897,18897.jpg,F:\CEI\Celebal_Excellence_Internship\fashion-visual-search\data\subset\images\18897.jpg,Women,Apparel,Dress,Dresses,Green,Fall,2011.0,Casual,Arrow Woman Solid Green Dress,index
40551,40551.jpg,F:\CEI\Celebal_Excellence_Internship\fashion-visual-search\data\subset\images\40551.jpg,Women,Accessories,Watches,Watches,Silver,Winter,2016.0,Casual,Titan Women Silver Dial Watch,index
58172,58172.jpg,F:\CEI\Celebal_Excellence_Internship\fashion-visual-search\data\subset\images\58172.jpg,Women,Accessories,Bags,Handbags,Grey,Fall,2012.0,Casual,Rocky S Women Stone Grey Handbag,index
8737,8737.jpg,F:\CEI\Celebal_Excellence_Internship\fashion-visual-search\data\subset\images\8737.jpg,Men,Apparel,Topwear,Shirts,White,Fall,2011.0,Casual,Indigo Nation Men Checks Shirt Purple Shirts,index
12254,12254.jpg,F:\CEI\Celebal_Excellence_Internship\fashion-visual-search\data\subset\images\12254.jpg,Men,Apparel,Topwear,Shirts,Red,Fall,2011.0,Formal,Genesis Men Check Red Shirts,index
48216,48216.jpg,F:\CEI\Celebal_Excellence_Internship\fashion-visual-search\data\subset\images\48216.jpg,Men,Accessories,Eyewear,Sunglasses,Brown,Winter,2016.0,Casual,United Colors of Benetton Men Brown Sunglasses,index
12003,12003.jpg,F:\CEI\Celebal_Excellence_Internship\fashion-visual-search\data\subset\images\12003.jpg,Men,Apparel,Topwear,Shirts,Grey,Fall,2011.0,Formal,Mark Taylor Men Grey Striped Shirt,index
5660,5660.jpg,F:\CEI\Celebal_Excellence_Internship\fashion-visual-search\data\subset\images\5660.jpg,Men,Apparel,Topwear,Tshirts,Navy Blue,Summer,2011.0,Casual,Tantra Men Absolut Bangalore Navy Blue T-shirt,index
11940,11940.jpg,F:\CEI\Celebal_Excellence_Internship\fashion-visual-search\data\subset\images\11940.jpg,Men,Footwear,Sandal,Sandals,Black,Summer,2011.0,Casual,Ganuchi Men Casual Black Sandals,index
35542,35542.jpg,F:\CEI\Celebal_Excellence_Internship\fashion-visual-search\data\subset\images\35542.jpg,Girls,Footwear,Sandal,Sandals,Pink,Summer,2012.0,Casual,Enroute Kids Girls Pink Sandals,index
49551,49551.jpg,F:\CEI\Celebal_Excellence_Internship\fashion-visual-search\data\subset\images\49551.jpg,Women,Accessories,Bags,Handbags,Beige,Summer,2012.0,Casual,Rocia Women Beige Handbag,index
43919,43919.jpg,F:\CEI\Celebal_Excellence_Internship\fashion-visual-search\data\subset\images\43919.jpg,Women,Apparel,Dress,Dresses,Navy Blue,Summer,2012.0,Casual,Femella Women Navy Blue Printed Dress,index
19681,19681.jpg,F:\CEI\Celebal_Excellence_Internship\fashion-visual-search\data\subset\images\19681.jpg,Women,Apparel,Topwear,Tops,Olive,Summer,2011.0,Casual,United Colors of Benetton Women Solid Olive Top,index
26369,26369.jpg,F:\CEI\Celebal_Excellence_Internship\fashion-visual-search\data\subset\images\26369.jpg,Women,Apparel,Topwear,Shirts,Blue,Summer,2012.0,Casual,Arrow Woman Blue Shirt,index
11944,11944.jpg,F:\CEI\Celebal_Excellence_Internship\fashion-visual-search\data\subset\images\11944.jpg,Men,Footwear,Sandal,Sandals,Blue,Summer,2012.0,Casual,Ganuchi Men Casual Blue Sandals,index
16862,16862.jpg,F:\CEI\Celebal_Excellence_Internship\fashion-visual-search\data\subset\images\16862.jpg,Women,Accessories,Eyewear,Sunglasses,Grey,Winter,2016.0,Casual,Idee Women Funky Eyewear Blue Sunglasses,index
1827,1827.jpg,F:\CEI\Celebal_Excellence_Internship\fashion-visual-search\data\subset\images\1827.jpg,Men,Footwear,Shoes,Sports Shoes,White,Fall,2010.0,Sports,Nike Men's Downshifter White/Blue Shoe,index
2054,2054.jpg,F:\CEI\Celebal_Excellence_Internship\fashion-visual-search\data\subset\images\2054.jpg,Men,Apparel,Topwear,Tshirts,Maroon,Winter,2010.0,Casual,Lee Men's Stone T-shirt,index
24367,24367.jpg,F:\CEI\Celebal_Excellence_Internship\fashion-visual-search\data\subset\images\24367.jpg,Women,Apparel,Topwear,Kurtas,Green,Fall,2011.0,Ethnic,Folklore Women Green  Kurta,index
22826,22826.jpg,F:\CEI\Celebal_Excellence_Internship\fashion-visual-search\data\subset\images\22826.jpg,Men,Footwear,Shoes,Casual Shoes,Brown,Summer,2012.0,Casual,Woodland Men Brown Casual Shoes,index
45970,45970.jpg,F:\CEI\Celebal_Excellence_Internship\fashion-visual-search\data\subset\images\45970.jpg,Women,Apparel,Topwear,Tops,Grey Melange,Summer,2012.0,Casual,Tokyo Talkies Women Grey Melange Printed Top,index
9018,9018.jpg,F:\CEI\Celebal_Excellence_Internship\fashion-visual-search\data\subset\images\9018.jpg,Men,Footwear,Sandal,Sandals,Black,Winter,2011.0,Casual,Buckaroo Men Mar Black Sandals,index
2967,2967.jpg,F:\CEI\Celebal_Excellence_Internship\fashion-visual-search\data\subset\images\2967.jpg,Men,Footwear,Shoes,Sports Shoes,Black,Fall,2010.0,Sports,Puma Men's Mid Pixel Black & Silver Canvas Shoe,index
33955,33955.jpg,F:\CEI\Celebal_Excellence_Internship\fashion-visual-search\data\subset\images\33955.jpg,Men,Apparel,Topwear,Tshirts,White,Summer,2012.0,Casual,ADIDAS Men Polo White T-shirt,index
3387,3387.jpg,F:\CEI\Celebal_Excellence_Internship\fashion-visual-search\data\subset\images\3387.jpg,Women,Accessories,Bags,Handbags,Black,Winter,2015.0,Casual,Murcia Women With Stitch Black Bag,index
16108,16108.jpg,F:\CEI\Celebal_Excellence_Internship\fashion-visual-search\data\subset\images\16108.jpg,Men,Accessories,Eyewear,Sunglasses,Brown,Winter,2016.0,Casual,M tv Men My Fab Eyewear Brown Sunglasses,index
3727,3727.jpg,F:\CEI\Celebal_Excellence_Internship\fashion-visual-search\data\subset\images\3727.jpg,Men,Apparel,Topwear,Tshirts,Orange,Summer,2011.0,Casual,Lee Men's Orange Kansas City T-shirt,index
59974,59974.jpg,F:\CEI\Celebal_Excellence_Internship\fashion-visual-search\data\subset\images\59974.jpg,Women,Apparel,Dress,Dresses,Black,Fall,2012.0,Casual,Avirate Black & White Dress,index
34574,34574.jpg,F:\CEI\Celebal_Excellence_Internship\fashion-visual-search\data\subset\images\34574.jpg,Women,Apparel,Topwear,Tops,Black,Summer,2012.0,Casual,Tonga Women Printed Black Top,index
8677,8677.jpg,F:\CEI\Celebal_Excellence_Internship\fashion-visual-search\data\subset\images\8677.jpg,Unisex,Accessories,Eyewear,Sunglasses,Green,Winter,2016.0,Casual,Fastrack Unisex Green Sunglasses,index
40407,40407.jpg,F:\CEI\Celebal_Excellence_Internship\fashion-visual-search\data\subset\images\40407.jpg,Women,Apparel,Topwear,Tops,Black,Summer,2012.0,Casual,Tonga Women Black Top,index
44703,44703.jpg,F:\CEI\Celebal_Excellence_Internship\fashion-visual-search\data\subset\images\44703.jpg,Women,Apparel,Topwear,Tops,Cream,Summer,2012.0,Casual,Wills Lifestyle Women Cream Top,index
40569,40569.jpg,F:\CEI\Celebal_Excellence_Internship\fashion-visual-search\data\subset\images\40569.jpg,Women,Apparel,Topwear,Kurtas,White,Summer,2012.0,Ethnic,W Women White Kurta,index
49776,49776.jpg,F:\CEI\Celebal_Excellence_Internship\fashion-visual-search\data\subset\images\49776.jpg,Women,Apparel,Topwear,Kurtas,Blue,Summer,2012.0,Ethnic,Alma Women Blue Printed Kurta,index
7156,7156.jpg,F:\CEI\Celebal_Excellence_Internship\fashion-visual-search\data\subset\images\7156.jpg,Men,Apparel,Topwear,Shirts,Black,Fall,2011.0,Casual,Scullers Men Black Check Shirt,index
28285,28285.jpg,F:\CEI\Celebal_Excellence_Internship\fashion-visual-search\data\subset\images\28285.jpg,Men,Accessories,Eyewear,Sunglasses,Black,Winter,2016.0,Casual,Fastrack Men Black Sunglasses,index
3110,3110.jpg,F:\CEI\Celebal_Excellence_Internship\fashion-visual-search\data\subset\images\3110.jpg,Men,Apparel,Topwear,Tshirts,Black,Summer,2011.0,Casual,Probase Men's Western Highway Black T-shirt,index
45263,45263.jpg,F:\CEI\Celebal_Excellence_Internship\fashion-visual-search\data\subset\images\45263.jpg,Men,Accessories,Watches,Watches,Black,Winter,2016.0,Casual,CASIO G-SHOCK Men Black Dial Chronograph Watch G241,index
13472,13472.jpg,F:\CEI\Celebal_Excellence_Internship\fashion-visual-search\data\subset\images\13472.jpg,Women,Apparel,Dress,Dresses,White,Summer,2011.0,Casual,United Colors of Benetton Women Solid White Dress,index
7306,7306.jpg,F:\CEI\Celebal_Excellence_Internship\fashion-visual-search\data\subset\images\7306.jpg,Women,Apparel,Dress,Dresses,White,Summer,2011.0,Casual,UCB Women's Sleeveless Off White Dress,index
40134,40134.jpg,F:\CEI\Celebal_Excellence_Internship\fashion-visual-search\data\subset\images\40134.jpg,Boys,Apparel,Topwear,Shirts,Black,Summer,2012.0,Casual,Gini and Jony Boys Check Black Shirt,index
38641,38641.jpg,F:\CEI\Celebal_Excellence_Internship\fashion-visual-search\data\subset\images\38641.jpg,Men,Apparel,Topwear,Tshirts,Red,Summer,2012.0,Casual,Nike Men Red Bangalore Polo T-shirt,index
8636,8636.jpg,F:\CEI\Celebal_Excellence_Internship\fashion-visual-search\data\subset\images\8636.jpg,Unisex,Accessories,Eyewear,Sunglasses,Black,Winter,2016.0,Casual,Fastrack Unisex FTML002GLGP1 Black Sunglass,index
44688,44688.jpg,F:\CEI\Celebal_Excellence_Internship\fashion-visual-search\data\subset\images\44688.jpg,Women,Apparel,Dress,Dresses,Off White,Summer,2012.0,Casual,Wills Lifestyle Women Off White Dress,index
48418,48418.jpg,F:\CEI\Celebal_Excellence_Internship\fashion-visual-search\data\subset\images\48418.jpg,Men,Apparel,Topwear,Tshirts,Charcoal,Summer,2012.0,Casual,French Connection Men Charcoal Printed T-shirt,index
38331,38331.jpg,F:\CEI\Celebal_Excellence_Internship\fashion-visual-search\data\subset\images\38331.jpg,Girls,Apparel,Topwear,Tops,White,Summer,2012.0,Casual,Hannah Montana Girls White Top,index
3577,3577.jpg,F:\CEI\Celebal_Excellence_Internship\fashion-visual-search\data\subset\images\3577.jpg,Men,Footwear,Sandal,Sandals,Black,Summer,2011.0,Casual,ADIDAS Men Black Alumin Sandal,index
8071,8071.jpg,F:\CEI\Celebal_Excellence_Internship\fashion-visual-search\data\subset\images\8071.jpg,Women,Footwear,Shoes,Sports Shoes,Grey,Fall,2011.0,Sports,New Balance Women Silver Sports Shoes,index
28172,28172.jpg,F:\CEI\Celebal_Excellence_Internship\fashion-visual-search\data\subset\images\28172.jpg,Men,Accessories,Eyewear,Sunglasses,Steel,Winter,2016.0,Casual,Ray-Ban Men Aviator Steel Sunglasses,index
30233,30233.jpg,F:\CEI\Celebal_Excellence_Internship\fashion-visual-search\data\subset\images\30233.jpg,Men,Footwear,Shoes,Casual Shoes,White,Summer,2012.0,Casual,Numero Uno Men White Shoes,index
31818,31818.jpg,F:\CEI\Celebal_Excellence_Internship\fashion-visual-search\data\subset\images\31818.jpg,Men,Accessories,Watches,Watches,Steel,Winter,2016.0,Casual,Titan Men Chronograph Ivory Colour Dial Watch,index
25492,25492.jpg,F:\CEI\Celebal_Excellence_Internship\fashion-visual-search\data\subset\images\25492.jpg,Men,Footwear,Sandal,Sandals,Black,Summer,2012.0,Casual,Nike Men Air Embark Black Sandals,index
49901,49901.jpg,F:\CEI\Celebal_Excellence_Internship\fashion-visual-search\data\subset\images\49901.jpg,Unisex,Accessories,Watches,Watches,Blue,Winter,2016.0,Casual,Q&Q Kids Unisex Blue Analog Watch,index
47361,47361.jpg,F:\CEI\Celebal_Excellence_Internship\fashion-visual-search\data\subset\images\47361.jpg,Women,Accessories,Bags,Handbags,Black,Summer,2012.0,Casual,Baggit Women Black Voodoo Gang Handbag,index
7970,7970.jpg,F:\CEI\Celebal_Excellence_Internship\fashion-visual-search\data\subset\images\7970.jpg,Unisex,Footwear,Sandal,Sandals,Brown,Fall,2012.0,Casual,Fila Unisex Aqua Gripparre Brown Sandals,index
19941,19941.jpg,F:\CEI\Celebal_Excellence_Internship\fashion-visual-search\data\subset\images\19941.jpg,Men,Footwear,Shoes,Sports Shoes,Black,Fall,2011.0,Sports,Nike Men Court Majestic Black Sports Shoes,index
28965,28965.jpg,F:\CEI\Celebal_Excellence_Internship\fashion-visual-search\data\subset\images\28965.jpg,Women,Apparel,Topwear,Kurtas,White,Summer,2012.0,Ethnic,BIBA Women Ethnic White Kurta,index
39996,39996.jpg,F:\CEI\Celebal_Excellence_Internship\fashion-visual-search\data\subset\images\39996.jpg,Men,Accessories,Eyewear,Sunglasses,Steel,Winter,2016.0,Casual,Park Avenue Men Steel Frame Sunglasses,index
49907,49907.jpg,F:\CEI\Celebal_Excellence_Internship\fashion-visual-search\data\subset\images\49907.jpg,Girls,Accessories,Watches,Watches,Yellow,Winter,2016.0,Casual,Q&Q Kids Girls White Dial Analog Watch,index
34061,34061.jpg,F:\CEI\Celebal_Excellence_Internship\fashion-visual-search\data\subset\images\34061.jpg,Girls,Apparel,Dress,Dresses,Magenta,Summer,2012.0,Casual,Gini and Jony Girls Printed White & Pink Dress,index
8869,8869.jpg,F:\CEI\Celebal_Excellence_Internship\fashion-visual-search\data\subset\images\8869.jpg,Men,Apparel,Topwear,Shirts,Blue,Fall,2011.0,Casual,Mark Taylor Men Solid Blue Shirts,index
24275,24275.jpg,F:\CEI\Celebal_Excellence_Internship\fashion-visual-search\data\subset\images\24275.jpg,Men,Apparel,Topwear,Tshirts,White,Summer,2012.0,Casual,Quiksilver Men Basic White T-shirt,index
13538,13538.jpg,F:\CEI\Celebal_Excellence_Internship\fashion-visual-search\data\subset\images\13538.jpg,Men,Footwear,Shoes,Casual Shoes,Black,Winter,2012.0,Casual,Carlton London Men Casual Black Casual Shoes,index
28586,28586.jpg,F:\CEI\Celebal_Excellence_Internship\fashion-visual-search\data\subset\images\28586.jpg,Men,Accessories,Watches,Watches,Black,Winter,2016.0,Casual,ADIDAS Men Black Dial Watch,index
33967,33967.jpg,F:\CEI\Celebal_Excellence_Internship\fashion-visual-search\data\subset\images\33967.jpg,Women,Apparel,Topwear,Shirts,Black,Summer,2012.0,Casual,Femella Women Black Top,index
53427,53427.jpg,F:\CEI\Celebal_Excellence_Internship\fashion-visual-search\data\subset\images\53427.jpg,Women,Apparel,Topwear,Kurtas,White,Fall,2012.0,Ethnic,Alma Women White Printed Kurta,index
22778,22778.jpg,F:\CEI\Celebal_Excellence_Internship\fashion-visual-search\data\subset\images\22778.jpg,Women,Apparel,Topwear,Kurtas,Yellow,Summer,2011.0,Ethnic,BIBA Women Printed Yellow Kurta,index
46539,46539.jpg,F:\CEI\Celebal_Excellence_Internship\fashion-visual-search\data\subset\images\46539.jpg,Men,Accessories,Watches,Watches,Black,Winter,2016.0,Smart Casual,Timex Men Black Dial Watch,index
50756,50756.jpg,F:\CEI\Celebal_Excellence_Internship\fashion-visual-search\data\subset\images\50756.jpg,Men,Footwear,Sandal,Sandals,Brown,Winter,2018.0,Casual,Red Chief Men Brown Sandals,index
57500,57500.jpg,F:\CEI\Celebal_Excellence_Internship\fashion-visual-search\data\subset\images\57500.jpg,Men,Footwear,Sandal,Sandals,Brown,Summer,2012.0,Casual,Lee Cooper Men Brown Sandals,index
29420,29420.jpg,F:\CEI\Celebal_Excellence_Internship\fashion-visual-search\data\subset\images\29420.jpg,Men,Accessories,Watches,Watches,White,Winter,2016.0,Casual,Giordano Men White Dial Watch,index
46090,46090.jpg,F:\CEI\Celebal_Excellence_Internship\fashion-visual-search\data\subset\images\46090.jpg,Men,Footwear,Shoes,Sports Shoes,Black,Summer,2012.0,Sports,ADIDAS Men Black Adipure Sports Shoes,index
23807,23807.jpg,F:\CEI\Celebal_Excellence_Internship\fashion-visual-search\data\subset\images\23807.jpg,Men,Footwear,Shoes,Casual Shoes,Maroon,Fall,2011.0,Casual,Puma Men Maroon Graphic Casual Shoes,index
37243,37243.jpg,F:\CEI\Celebal_Excellence_Internship\fashion-visual-search\data\subset\images\37243.jpg,Men,Footwear,Shoes,Casual Shoes,Brown,Summer,2012.0,Casual,United Colors of Benetton Men Brown Shoes,index
26385,26385.jpg,F:\CEI\Celebal_Excellence_Internship\fashion-visual-search\data\subset\images\26385.jpg,Men,Apparel,Topwear,Tshirts,White,Summer,2012.0,Casual,Turtle Men Printed White T-shirt,index
11679,11679.jpg,F:\CEI\Celebal_Excellence_Internship\fashion-visual-search\data\subset\images\11679.jpg,Men,Apparel,Topwear,Shirts,Grey,Fall,2011.0,Casual,Lee Men Check Grey Shirts,index
42668,42668.jpg,F:\CEI\Celebal_Excellence_Internship\fashion-visual-search\data\subset\images\42668.jpg,Women,Apparel,Topwear,Kurtas,Green,Summer,2012.0,Ethnic,Alma Women Green Kurta,index
16856,16856.jpg,F:\CEI\Celebal_Excellence_Internship\fashion-visual-search\data\subset\images\16856.jpg,Women,Accessories,Eyewear,Sunglasses,Black,Winter,2016.0,Casual,Idee Women Funky Eyewear Black Sunglasses,index
3416,3416.jpg,F:\CEI\Celebal_Excellence_Internship\fashion-visual-search\data\subset\images\3416.jpg,Men,Apparel,Topwear,Tshirts,Blue,Summer,2011.0,Casual,Myntra Mens Broken Guitar T-shirt,index
49484,49484.jpg,F:\CEI\Celebal_Excellence_Internship\fashion-visual-search\data\subset\images\49484.jpg,Men,Footwear,Shoes,Casual Shoes,Navy Blue,Summer,2012.0,Casual,Vans Men Navy Blue Shoes,index
23725,23725.jpg,F:\CEI\Celebal_Excellence_Internship\fashion-visual-search\data\subset\images\23725.jpg,Men,Accessories,Eyewear,Sunglasses,Steel,Winter,2016.0,Casual,Ray-Ban Men High Street Steel Sunglasses,index
29761,29761.jpg,F:\CEI\Celebal_Excellence_Internship\fashion-visual-search\data\subset\images\29761.jpg,Men,Accessories,Watches,Watches,White,Winter,2016.0,Casual,Fossil Men White Dial Chronograph Watch CH2730,index
23941,23941.jpg,F:\CEI\Celebal_Excellence_Internship\fashion-visual-search\data\subset\images\23941.jpg,Men,Footwear,Shoes,Sports Shoes,White,Fall,2011.0,Sports,Lotto Men White Porteo Sports Shoes,index
3790,3790.jpg,F:\CEI\Celebal_Excellence_Internship\fashion-visual-search\data\subset\images\3790.jpg,Men,Footwear,Shoes,Casual Shoes,Black,Summer,2014.0,Casual,Converse Men's AS Canvas HI Black Shoe,index
21284,21284.jpg,F:\CEI\Celebal_Excellence_Internship\fashion-visual-search\data\subset\images\21284.jpg,Unisex,Accessories,Eyewear,Sunglasses,Brown,Winter,2016.0,Casual,Allen Solly Unisex Aviator Sunglasses AS201-C2,index
13487,13487.jpg,F:\CEI\Celebal_Excellence_Internship\fashion-visual-search\data\subset\images\13487.jpg,Men,Apparel,Topwear,Shirts,Blue,Fall,2011.0,Casual,Spykar Men Stripes Blue Shirts,index
41041,41041.jpg,F:\CEI\Celebal_Excellence_Internship\fashion-visual-search\data\subset\images\41041.jpg,Men,Accessories,Watches,Watches,Black,Winter,2016.0,Casual,Nautica Men Black Dial Chronograph Watch,index
54696,54696.jpg,F:\CEI\Celebal_Excellence_Internship\fashion-visual-search\data\subset\images\54696.jpg,Women,Apparel,Topwear,Kurtas,White,Summer,2012.0,Ethnic,Shree Women Navy Blue and White Printed Kurta,index
22487,22487.jpg,F:\CEI\Celebal_Excellence_Internship\fashion-visual-search\data\subset\images\22487.jpg,Men,Footwear,Sandal,Sandals,Black,Fall,2011.0,Casual,ADIDAS Men Onix Casual Sandals,index
12707,12707.jpg,F:\CEI\Celebal_Excellence_Internship\fashion-visual-search\data\subset\images\12707.jpg,Men,Footwear,Shoes,Sports Shoes,White,Fall,2011.0,Sports,Nike Men Overplay White Sports Shoes,index
56713,56713.jpg,F:\CEI\Celebal_Excellence_Internship\fashion-visual-search\data\subset\images\56713.jpg,Women,Apparel,Topwear,Kurtas,Red,Summer,2012.0,Ethnic,Folklore Women Red Kurta,index
51458,51458.jpg,F:\CEI\Celebal_Excellence_Internship\fashion-visual-search\data\subset\images\51458.jpg,Women,Apparel,Topwear,Tops,Black,Summer,2012.0,Casual,Tonga Women Black Top,index
20005,20005.jpg,F:\CEI\Celebal_Excellence_Internship\fashion-visual-search\data\subset\images\20005.jpg,Women,Apparel,Topwear,Tops,Blue,Fall,2011.0,Casual,United Colors of Benetton Women Blue Printed Top,index
42131,42131.jpg,F:\CEI\Celebal_Excellence_Internship\fashion-visual-search\data\subset\images\42131.jpg,Men,Footwear,Shoes,Sports Shoes,Black,Summer,2012.0,Sports,Nike Men Black Air Max Sports Shoes,index
11539,11539.jpg,F:\CEI\Celebal_Excellence_Internship\fashion-visual-search\data\subset\images\11539.jpg,Women,Apparel,Topwear,Kurtas,White,Summer,2011.0,Ethnic,W Women Printed White Kurtas,index
41840,41840.jpg,F:\CEI\Celebal_Excellence_Internship\fashion-visual-search\data\subset\images\41840.jpg,Women,Footwear,Shoes,Sports Shoes,White,Summer,2012.0,Sports,Skechers Women White Sports Shoes,index
36038,36038.jpg,F:\CEI\Celebal_Excellence_Internship\fashion-visual-search\data\subset\images\36038.jpg,Unisex,Accessories,Bags,Handbags,Blue,Summer,2012.0,Casual,OTLS Unisex Blue Bag,index
24373,24373.jpg,F:\CEI\Celebal_Excellence_Internship\fashion-visual-search\data\subset\images\24373.jpg,Women,Apparel,Topwear,Kurtas,Maroon,Fall,2011.0,Ethnic,Folklore Women Maroon  Kurta,index
28688,28688.jpg,F:\CEI\Celebal_Excellence_Internship\fashion-visual-search\data\subset\images\28688.jpg,Women,Apparel,Topwear,Kurtas,Pink,Summer,2012.0,Ethnic,W Women Printed Pink Kurta,index
23862,23862.jpg,F:\CEI\Celebal_Excellence_Internship\fashion-visual-search\data\subset\images\23862.jpg,Men,Footwear,Shoes,Sports Shoes,Green,Fall,2011.0,Sports,ADIDAS Men Green Spider 2 M Sports Shoes,index
31792,31792.jpg,F:\CEI\Celebal_Excellence_Internship\fashion-visual-search\data\subset\images\31792.jpg,Women,Apparel,Topwear,Tops,Orange,Summer,2012.0,Casual,Lee Women Apple Coral Top,index
9014,9014.jpg,F:\CEI\Celebal_Excellence_Internship\fashion-visual-search\data\subset\images\9014.jpg,Men,Footwear,Shoes,Sports Shoes,White,Summer,2011.0,Sports,Decathlon Men Artengo White Shoe,index
38836,38836.jpg,F:\CEI\Celebal_Excellence_Internship\fashion-visual-search\data\subset\images\38836.jpg,Women,Apparel,Dress,Dresses,Blue,Summer,2012.0,Casual,Latin Quarters Women Blue Dress,index
35777,35777.jpg,F:\CEI\Celebal_Excellence_Internship\fashion-visual-search\data\subset\images\35777.jpg,Men,Footwear,Shoes,Sports Shoes,Black,Summer,2012.0,Sports,Force 10 Men Black & Green Sports Shoes,index
25691,25691.jpg,F:\CEI\Celebal_Excellence_Internship\fashion-visual-search\data\subset\images\25691.jpg,Women,Apparel,Topwear,Tops,Navy Blue,Summer,2012.0,Casual,Mumbai Slang Women Printed Navy Blue Top,index
40941,40941.jpg,F:\CEI\Celebal_Excellence_Internship\fashion-visual-search\data\subset\images\40941.jpg,Girls,Apparel,Topwear,Tops,Pink,Summer,2012.0,Casual,Gini and Jony Girls Pretty Pink Top,index
32279,32279.jpg,F:\CEI\Celebal_Excellence_Internship\fashion-visual-search\data\subset\images\32279.jpg,Women,Apparel,Topwear,Kurtas,Purple,Summer,2012.0,Ethnic,Fabindia Women Printed Purple Kurta,index
8680,8680.jpg,F:\CEI\Celebal_Excellence_Internship\fashion-visual-search\data\subset\images\8680.jpg,Women,Accessories,Eyewear,Sunglasses,Brown,Winter,2016.0,Casual,Fastrack Women Campus Brown Sunglasses,index
2484,2484.jpg,F:\CEI\Celebal_Excellence_Internship\fashion-visual-search\data\subset\images\2484.jpg,Women,Apparel,Topwear,Tshirts,White,Fall,2010.0,Sports,Puma Women Spagetti White Top,index
14496,14496.jpg,F:\CEI\Celebal_Excellence_Internship\fashion-visual-search\data\subset\images\14496.jpg,Men,Footwear,Shoes,Casual Shoes,Grey,Fall,2011.0,Casual,Flying Machine Men Casual Grey Casual Shoes,index
25452,25452.jpg,F:\CEI\Celebal_Excellence_Internship\fashion-visual-search\data\subset\images\25452.jpg,Men,Footwear,Shoes,Casual Shoes,White,Summer,2012.0,Casual,Nike Men Prowl White Casual Shoes,index
59979,59979.jpg,F:\CEI\Celebal_Excellence_Internship\fashion-visual-search\data\subset\images\59979.jpg,Women,Apparel,Dress,Dresses,Multi,Fall,2012.0,Casual,Avirate Multicoloured Dress,index
47341,47341.jpg,F:\CEI\Celebal_Excellence_Internship\fashion-visual-search\data\subset\images\47341.jpg,Women,Free Items,Free Gifts,Handbags,Black,Summer,2010.0,Casual,Baggit Black Sling Bag,index
30166,30166.jpg,F:\CEI\Celebal_Excellence_Internship\fashion-visual-search\data\subset\images\30166.jpg,Men,Accessories,Watches,Watches,Blue,Winter,2016.0,Casual,Esprit Men Blue Dial Watch,index
30807,30807.jpg,F:\CEI\Celebal_Excellence_Internship\fashion-visual-search\data\subset\images\30807.jpg,Men,Apparel,Topwear,Shirts,Grey,Summer,2012.0,Ethnic,Fabindia Men Printed Grey Tussar Shirt,index
40990,40990.jpg,F:\CEI\Celebal_Excellence_Internship\fashion-visual-search\data\subset\images\40990.jpg,Girls,Apparel,Topwear,Tops,White,Summer,2012.0,Casual,Palm Tree Girls Milan White Top,index
34871,34871.jpg,F:\CEI\Celebal_Excellence_Internship\fashion-visual-search\data\subset\images\34871.jpg,Women,Accessories,Bags,Handbags,Multi,Summer,2012.0,Casual,Envirosax Women Multi Coloured  Bag,index
3120,3120.jpg,F:\CEI\Celebal_Excellence_Internship\fashion-visual-search\data\subset\images\3120.jpg,Men,Apparel,Topwear,Tshirts,Blue,Summer,2011.0,Casual,Probase Men's Freestyler Turquoise T-shirt,index
44741,44741.jpg,F:\CEI\Celebal_Excellence_Internship\fashion-visual-search\data\subset\images\44741.jpg,Men,Footwear,Shoes,Casual Shoes,White,Summer,2012.0,Casual,Globalite Men White Terra Shoes,index
20700,20700.jpg,F:\CEI\Celebal_Excellence_Internship\fashion-visual-search\data\subset\images\20700.jpg,Men,Footwear,Shoes,Casual Shoes,Brown,Winter,2011.0,Casual,Buckaroo Men  Fiesta Brown Casual Shoes,index
12870,12870.jpg,F:\CEI\Celebal_Excellence_Internship\fashion-visual-search\data\subset\images\12870.jpg,Men,Footwear,Shoes,Casual Shoes,Black,Spring,2012.0,Casual,Lee Cooper MenCasual Black Shoes,index
23855,23855.jpg,F:\CEI\Celebal_Excellence_Internship\fashion-visual-search\data\subset\images\23855.jpg,Men,Footwear,Shoes,Casual Shoes,Yellow,Summer,2011.0,Casual,ADIDAS Men Yellow Color Blast Casual Shoes,index
22030,22030.jpg,F:\CEI\Celebal_Excellence_Internship\fashion-visual-search\data\subset\images\22030.jpg,Women,Apparel,Topwear,Kurtas,Red,Fall,2011.0,Ethnic,Vishudh Women Printed Red Kurta,index
57122,57122.jpg,F:\CEI\Celebal_Excellence_Internship\fashion-visual-search\data\subset\images\57122.jpg,Women,Apparel,Topwear,Tops,White,Summer,2012.0,Casual,Elle Women White Tops,index
13924,13924.jpg,F:\CEI\Celebal_Excellence_Internship\fashion-visual-search\data\subset\images\13924.jpg,Women,Footwear,Shoes,Sports Shoes,Black,Fall,2011.0,Sports,Nike Women Dart 9 MSL Black Sports Shoes,index
7741,7741.jpg,F:\CEI\Celebal_Excellence_Internship\fashion-visual-search\data\subset\images\7741.jpg,Men,Footwear,Shoes,Sports Shoes,Black,Fall,2011.0,Sports,Fila Men's Dna Lite Black Blue Shoe,index
19853,19853.jpg,F:\CEI\Celebal_Excellence_Internship\fashion-visual-search\data\subset\images\19853.jpg,Men,Apparel,Topwear,Shirts,Blue,Fall,2011.0,Casual,U.S. Polo Assn. Men Striped Blue Shirt,index
58496,58496.jpg,F:\CEI\Celebal_Excellence_Internship\fashion-visual-search\data\subset\images\58496.jpg,Women,Apparel,Topwear,Tops,Lavender,Summer,2012.0,Casual,Tonga Women Lavender Top,index
36655,36655.jpg,F:\CEI\Celebal_Excellence_Internship\fashion-visual-search\data\subset\images\36655.jpg,Women,Accessories,Bags,Handbags,Black,Summer,2012.0,Casual,Paridhan Women Black Sling Bag,index
45777,45777.jpg,F:\CEI\Celebal_Excellence_Internship\fashion-visual-search\data\subset\images\45777.jpg,Women,Apparel,Dress,Dresses,Red,Summer,2012.0,Casual,Remanika Women Red Dress,index
45872,45872.jpg,F:\CEI\Celebal_Excellence_Internship\fashion-visual-search\data\subset\images\45872.jpg,Men,Accessories,Watches,Watches,Grey,Winter,2016.0,Casual,Maxima Men Dark Grey Dial Watch,index
8700,8700.jpg,F:\CEI\Celebal_Excellence_Internship\fashion-visual-search\data\subset\images\8700.jpg,Women,Accessories,Eyewear,Sunglasses,Brown,Summer,2017.0,Casual,Fastrack Women Basics Sunglasses P179BR2F,index
38845,38845.jpg,F:\CEI\Celebal_Excellence_Internship\fashion-visual-search\data\subset\images\38845.jpg,Women,Apparel,Dress,Dresses,Blue,Summer,2012.0,Casual,Latin Quarters Women Blue Printed Dress,index
1951,1951.jpg,F:\CEI\Celebal_Excellence_Internship\fashion-visual-search\data\subset\images\1951.jpg,Women,Footwear,Shoes,Sports Shoes,Purple,Fall,2011.0,Sports,Puma Women Eco Funky Shoes,index
26629,26629.jpg,F:\CEI\Celebal_Excellence_Internship\fashion-visual-search\data\subset\images\26629.jpg,Unisex,Footwear,Shoes,Casual Shoes,Black,Summer,2012.0,Casual,Puma Kids Unisex Future Cat M2 Black Casual Shoes,index
55785,55785.jpg,F:\CEI\Celebal_Excellence_Internship\fashion-visual-search\data\subset\images\55785.jpg,Men,Footwear,Shoes,Casual Shoes,Navy Blue,Spring,2014.0,Casual,Converse Men Navy Casual Shoes,index
9455,9455.jpg,F:\CEI\Celebal_Excellence_Internship\fashion-visual-search\data\subset\images\9455.jpg,Men,Apparel,Topwear,Shirts,Red,Fall,2011.0,Formal,John Miller Men Red Striped Shirt,index
19260,19260.jpg,F:\CEI\Celebal_Excellence_Internship\fashion-visual-search\data\subset\images\19260.jpg,Men,Accessories,Watches,Watches,Copper,Winter,2016.0,Casual,Guess Men Power Broker Copper Watch,index
23051,23051.jpg,F:\CEI\Celebal_Excellence_Internship\fashion-visual-search\data\subset\images\23051.jpg,Women,Apparel,Dress,Dresses,Navy Blue,Fall,2011.0,Casual,Arrow Woman Navy Blue Printed Dress,index
58498,58498.jpg,F:\CEI\Celebal_Excellence_Internship\fashion-visual-search\data\subset\images\58498.jpg,Women,Apparel,Topwear,Tops,White,Summer,2012.0,Casual,Tonga Women Printed White Top,index
42245,42245.jpg,F:\CEI\Celebal_Excellence_Internship\fashion-visual-search\data\subset\images\42245.jpg,Women,Apparel,Topwear,Tops,Pink,Summer,2012.0,Casual,Sepia Women Pink Top,index
41762,41762.jpg,F:\CEI\Celebal_Excellence_Internship\fashion-visual-search\data\subset\images\41762.jpg,Women,Apparel,Topwear,Tops,Multi,Summer,2012.0,Casual,Remanika Women Multi Coloured Top,index
44525,44525.jpg,F:\CEI\Celebal_Excellence_Internship\fashion-visual-search\data\subset\images\44525.jpg,Men,Footwear,Sandal,Sandals,Black,Summer,2012.0,Casual,Coolers Men Black Sandals,index
13845,13845.jpg,F:\CEI\Celebal_Excellence_Internship\fashion-visual-search\data\subset\images\13845.jpg,Men,Apparel,Topwear,Shirts,White,Fall,2011.0,Casual,John Miller Men Stripes White Shirts,index
28550,28550.jpg,F:\CEI\Celebal_Excellence_Internship\fashion-visual-search\data\subset\images\28550.jpg,Men,Apparel,Topwear,Tshirts,Black,Summer,2012.0,Casual,Nike Men Club Pique Polo Black T-shirt,index
30845,30845.jpg,F:\CEI\Celebal_Excellence_Internship\fashion-visual-search\data\subset\images\30845.jpg,Women,Apparel,Topwear,Kurtas,Red,Summer,2012.0,Ethnic,Fabindia Women Rust Printed Kurta,index
38186,38186.jpg,F:\CEI\Celebal_Excellence_Internship\fashion-visual-search\data\subset\images\38186.jpg,Women,Accessories,Eyewear,Sunglasses,Silver,Winter,2016.0,Casual,Miami Blues Women Sunglasses,index
4371,4371.jpg,F:\CEI\Celebal_Excellence_Internship\fashion-visual-search\data\subset\images\4371.jpg,Men,Apparel,Topwear,Tshirts,Grey,Summer,2011.0,Casual,Mickey Men's Pluto Order Comic Charcoal T-shirt,index
2805,2805.jpg,F:\CEI\Celebal_Excellence_Internship\fashion-visual-search\data\subset\images\2805.jpg,Men,Footwear,Sandal,Sandals,Black,Fall,2009.0,Casual,iD Men Casual Leather/Felt Charcoal Sandal,index
58506,58506.jpg,F:\CEI\Celebal_Excellence_Internship\fashion-visual-search\data\subset\images\58506.jpg,Women,Apparel,Dress,Dresses,Blue,Fall,2012.0,Casual,Tonga Women Printed Blue Dress,index
30210,30210.jpg,F:\CEI\Celebal_Excellence_Internship\fashion-visual-search\data\subset\images\30210.jpg,Men,Apparel,Topwear,Shirts,Purple,Summer,2012.0,Formal,John Miller Men Purple Shirt,index
24911,24911.jpg,F:\CEI\Celebal_Excellence_Internship\fashion-visual-search\data\subset\images\24911.jpg,Boys,Apparel,Topwear,Tshirts,Grey,Summer,2012.0,Casual,United Colors of Benetton Kids Boys Grey Printed T-shirt,index
25296,25296.jpg,F:\CEI\Celebal_Excellence_Internship\fashion-visual-search\data\subset\images\25296.jpg,Women,Accessories,Bags,Handbags,Olive,Summer,2012.0,Casual,Lino Perros Women Sporty Olive Handbag,index
42091,42091.jpg,F:\CEI\Celebal_Excellence_Internship\fashion-visual-search\data\subset\images\42091.jpg,Women,Footwear,Shoes,Sports Shoes,Black,Summer,2012.0,Sports,ADIDAS Women Black Adi LS Move Shoes,index
30665,30665.jpg,F:\CEI\Celebal_Excellence_Internship\fashion-visual-search\data\subset\images\30665.jpg,Men,Accessories,Eyewear,Sunglasses,Black,Winter,2016.0,Casual,Park Avenue Men Black Sunglasses,index
36420,36420.jpg,F:\CEI\Celebal_Excellence_Internship\fashion-visual-search\data\subset\images\36420.jpg,Men,Footwear,Sandal,Sandals,Grey,Summer,2012.0,Casual,Spinn Men Aura Grey Sandals,index
11755,11755.jpg,F:\CEI\Celebal_Excellence_Internship\fashion-visual-search\data\subset\images\11755.jpg,Women,Apparel,Topwear,Tops,White,Summer,2011.0,Casual,Lee Women Solid White Shirts,index
33045,33045.jpg,F:\CEI\Celebal_Excellence_Internship\fashion-visual-search\data\subset\images\33045.jpg,Women,Apparel,Topwear,Kurtas,Multi,Summer,2012.0,Ethnic,Mother Earth Women Printed Multi Coloured Kurta,index
22051,22051.jpg,F:\CEI\Celebal_Excellence_Internship\fashion-visual-search\data\subset\images\22051.jpg,Women,Apparel,Topwear,Kurtas,Blue,Fall,2011.0,Ethnic,Vishudh Women Printed Blue Kurta,index
29137,29137.jpg,F:\CEI\Celebal_Excellence_Internship\fashion-visual-search\data\subset\images\29137.jpg,Women,Accessories,Eyewear,Sunglasses,Pink,Winter,2016.0,Casual,Vogue Women Pink Sunglasses,index
59996,59996.jpg,F:\CEI\Celebal_Excellence_Internship\fashion-visual-search\data\subset\images\59996.jpg,Women,Apparel,Dress,Dresses,Purple,Summer,2014.0,Casual,Avirate Black & Purple Dress,index
18568,18568.jpg,F:\CEI\Celebal_Excellence_Internship\fashion-visual-search\data\subset\images\18568.jpg,Men,Footwear,Shoes,Casual Shoes,White,Fall,2011.0,Casual,Puma Men Benecio Canvas White Casual Shoes,index
5583,5583.jpg,F:\CEI\Celebal_Excellence_Internship\fashion-visual-search\data\subset\images\5583.jpg,Men,Footwear,Shoes,Sports Shoes,Brown,Summer,2011.0,Sports,ADIDAS Men Adistreet Lux Brown Shoe,index
42175,42175.jpg,F:\CEI\Celebal_Excellence_Internship\fashion-visual-search\data\subset\images\42175.jpg,Men,Apparel,Topwear,Tshirts,White,Summer,2017.0,Casual,Status Quo Men White T-shirt,index
36500,36500.jpg,F:\CEI\Celebal_Excellence_Internship\fashion-visual-search\data\subset\images\36500.jpg,Women,Apparel,Topwear,Kurtas,Brown,Summer,2012.0,Ethnic,Folklore Women Brown Kurta,index
8181,8181.jpg,F:\CEI\Celebal_Excellence_Internship\fashion-visual-search\data\subset\images\8181.jpg,Men,Apparel,Topwear,Shirts,Purple,Summer,2011.0,Casual,Locomotive Men Check Ladislav Purple Shirts,index
32577,32577.jpg,F:\CEI\Celebal_Excellence_Internship\fashion-visual-search\data\subset\images\32577.jpg,Women,Apparel,Dress,Dresses,Grey,Summer,2012.0,Casual,ONLY Women Toronto Grey Printed Dress,index
9659,9659.jpg,F:\CEI\Celebal_Excellence_Internship\fashion-visual-search\data\subset\images\9659.jpg,Men,Apparel,Topwear,Shirts,Blue,Fall,2011.0,Casual,Indigo Nation Men Reversible Bling Blue Shirts,index
17820,17820.jpg,F:\CEI\Celebal_Excellence_Internship\fashion-visual-search\data\subset\images\17820.jpg,Men,Footwear,Sandal,Sandals,Brown,Fall,2011.0,Casual,Lee Cooper Men  Brown Sandal,index
52161,52161.jpg,F:\CEI\Celebal_Excellence_Internship\fashion-visual-search\data\subset\images\52161.jpg,Women,Apparel,Dress,Dresses,Black,Summer,2012.0,Casual,Femella Women Black Pleated Dress,index
51741,51741.jpg,F:\CEI\Celebal_Excellence_Internship\fashion-visual-search\data\subset\images\51741.jpg,Men,Footwear,Shoes,Sports Shoes,Grey,Summer,2012.0,Sports,Force 10 Men Grey Sports Shoes,index
31956,31956.jpg,F:\CEI\Celebal_Excellence_Internship\fashion-visual-search\data\subset\images\31956.jpg,Men,Footwear,Shoes,Sports Shoes,Black,Summer,2012.0,Sports,Nike Men Air Ring Leader Low Black Sports Shoes,index
41458,41458.jpg,F:\CEI\Celebal_Excellence_Internship\fashion-visual-search\data\subset\images\41458.jpg,Men,Footwear,Sandal,Sandals,Grey,Summer,2013.0,Casual,Lee Cooper Men Grey Sandals,index
3399,3399.jpg,F:\CEI\Celebal_Excellence_Internship\fashion-visual-search\data\subset\images\3399.jpg,Women,Accessories,Bags,Handbags,Yellow,Winter,2015.0,Casual,Murcia Women Yellow Handbag,index
40395,40395.jpg,F:\CEI\Celebal_Excellence_Internship\fashion-visual-search\data\subset\images\40395.jpg,Women,Apparel,Topwear,Tops,White,Summer,2012.0,Casual,Tonga Women White & Grey Striped Top,index
32232,32232.jpg,F:\CEI\Celebal_Excellence_Internship\fashion-visual-search\data\subset\images\32232.jpg,Women,Apparel,Topwear,Kurtas,Blue,Summer,2012.0,Ethnic,Fabindia Women Printed Blue Kurta,index
38462,38462.jpg,F:\CEI\Celebal_Excellence_Internship\fashion-visual-search\data\subset\images\38462.jpg,Women,Accessories,Bags,Handbags,Blue,Fall,2012.0,Casual,Baggit Women Blue Tinki Tower Sling Bag,index
8304,8304.jpg,F:\CEI\Celebal_Excellence_Internship\fashion-visual-search\data\subset\images\8304.jpg,Women,Footwear,Shoes,Sports Shoes,Black,Summer,2012.0,Sports,Skechers Women Shape Ups Toner Black Shoe,index
43341,43341.jpg,F:\CEI\Celebal_Excellence_Internship\fashion-visual-search\data\subset\images\43341.jpg,Men,Footwear,Shoes,Sports Shoes,Grey,Summer,2008.0,Sports,Reebok Men Realflex Optimal Grey Sports Shoe,index
39026,39026.jpg,F:\CEI\Celebal_Excellence_Internship\fashion-visual-search\data\subset\images\39026.jpg,Women,Accessories,Watches,Watches,Pink,Winter,2016.0,Casual,CASIO ENTICER Women Pink Dial Watch A639,index
23736,23736.jpg,F:\CEI\Celebal_Excellence_Internship\fashion-visual-search\data\subset\images\23736.jpg,Women,Accessories,Eyewear,Sunglasses,Red,Winter,2016.0,Casual,Ray-Ban Women Jackie Sunglasses,index
38313,38313.jpg,F:\CEI\Celebal_Excellence_Internship\fashion-visual-search\data\subset\images\38313.jpg,Men,Accessories,Eyewear,Sunglasses,Metallic,Winter,2016.0,Casual,Idee Men Metallic Frame Sunglasses,index
23842,23842.jpg,F:\CEI\Celebal_Excellence_Internship\fashion-visual-search\data\subset\images\23842.jpg,Men,Footwear,Shoes,Sports Shoes,White,Fall,2011.0,Sports,ADIDAS Men White Resp Cushion Sports Shoes,index
27748,27748.jpg,F:\CEI\Celebal_Excellence_Internship\fashion-visual-search\data\subset\images\27748.jpg,Women,Accessories,Bags,Handbags,Brown,Winter,2015.0,Casual,Murcia Women Brown Sling Bag,index
40314,40314.jpg,F:\CEI\Celebal_Excellence_Internship\fashion-visual-search\data\subset\images\40314.jpg,Unisex,Footwear,Sandal,Sandals,White,Winter,2013.0,Casual,Warner Bros Kids Unisex White sandals,index
38844,38844.jpg,F:\CEI\Celebal_Excellence_Internship\fashion-visual-search\data\subset\images\38844.jpg,Women,Apparel,Dress,Dresses,Black,Summer,2012.0,Casual,Latin Quarters Women Black & White Printed Dress,index
15881,15881.jpg,F:\CEI\Celebal_Excellence_Internship\fashion-visual-search\data\subset\images\15881.jpg,Unisex,Footwear,Shoes,Casual Shoes,Grey,Winter,2013.0,Casual,Warner Bros Kids Unisex TJ Stud Sandal Grey Casual Shoes,index
4643,4643.jpg,F:\CEI\Celebal_Excellence_Internship\fashion-visual-search\data\subset\images\4643.jpg,Women,Footwear,Shoes,Sports Shoes,White,Summer,2011.0,Sports,ADIDAS Women Adi Quest Low White Pink Shoe,index
19077,19077.jpg,F:\CEI\Celebal_Excellence_Internship\fashion-visual-search\data\subset\images\19077.jpg,Women,Apparel,Topwear,Kurtas,Red,Fall,2011.0,Ethnic,W Women Round Bottom Red Kurta,index
39960,39960.jpg,F:\CEI\Celebal_Excellence_Internship\fashion-visual-search\data\subset\images\39960.jpg,Men,Footwear,Sandal,Sandals,Brown,Spring,2013.0,Casual,GAS Men Brown Madly Sandals,index
30667,30667.jpg,F:\CEI\Celebal_Excellence_Internship\fashion-visual-search\data\subset\images\30667.jpg,Men,Accessories,Eyewear,Sunglasses,Copper,Winter,2016.0,Casual,Park Avenue Men Copper Sunglasses,index
10393,10393.jpg,F:\CEI\Celebal_Excellence_Internship\fashion-visual-search\data\subset\images\10393.jpg,Women,Accessories,Watches,Watches,Black,Winter,2016.0,Casual,Puma Women Spark 351 Black Watches,index
35848,35848.jpg,F:\CEI\Celebal_Excellence_Internship\fashion-visual-search\data\subset\images\35848.jpg,Women,Footwear,Shoes,Casual Shoes,Blue,Summer,2012.0,Casual,Kelme Women Passion Blue Shoes,index
51699,51699.jpg,F:\CEI\Celebal_Excellence_Internship\fashion-visual-search\data\subset\images\51699.jpg,Unisex,Accessories,Eyewear,Sunglasses,Silver,Winter,2016.0,Casual,Van Heusen Unisex Blue Aviator Sunglasses VH217-C2,index
8695,8695.jpg,F:\CEI\Celebal_Excellence_Internship\fashion-visual-search\data\subset\images\8695.jpg,Women,Accessories,Eyewear,Sunglasses,Brown,Winter,2016.0,Casual,Fastrack Women Gradient Sunglasses P168BR3F,index
40552,40552.jpg,F:\CEI\Celebal_Excellence_Internship\fashion-visual-search\data\subset\images\40552.jpg,Women,Accessories,Watches,Watches,Silver,Winter,2016.0,Casual,Titan Women Silver Dial Watch,index
9665,9665.jpg,F:\CEI\Celebal_Excellence_Internship\fashion-visual-search\data\subset\images\9665.jpg,Men,Apparel,Topwear,Shirts,Purple,Fall,2011.0,Casual,Indigo Nation Men Bling PC Purple Shirts,index
11651,11651.jpg,F:\CEI\Celebal_Excellence_Internship\fashion-visual-search\data\subset\images\11651.jpg,Men,Accessories,Watches,Watches,Black,Winter,2016.0,Casual,Puma Men Race Luminous Chrono Black Dial Watch,index
43503,43503.jpg,F:\CEI\Celebal_Excellence_Internship\fashion-visual-search\data\subset\images\43503.jpg,Men,Apparel,Topwear,Tshirts,Green,Summer,2012.0,Casual,French Connection Men Green T-shirt,index
10381,10381.jpg,F:\CEI\Celebal_Excellence_Internship\fashion-visual-search\data\subset\images\10381.jpg,Men,Apparel,Topwear,Shirts,Blue,Fall,2011.0,Formal,United Colors of Benetton Men Solid Blue Shirts,index
26327,26327.jpg,F:\CEI\Celebal_Excellence_Internship\fashion-visual-search\data\subset\images\26327.jpg,Men,Footwear,Shoes,Sports Shoes,White,Summer,2012.0,Sports,ADIDAS Men Runner White & Blue Sports Shoes,index
31172,31172.jpg,F:\CEI\Celebal_Excellence_Internship\fashion-visual-search\data\subset\images\31172.jpg,Girls,Apparel,Topwear,Tops,Peach,Summer,2012.0,Casual,Gini and Jony Girls Peach Top,index
4340,4340.jpg,F:\CEI\Celebal_Excellence_Internship\fashion-visual-search\data\subset\images\4340.jpg,Men,Footwear,Shoes,Casual Shoes,Red,Summer,2011.0,Sports,Fila Men Phoenix Red Shoes,index
35445,35445.jpg,F:\CEI\Celebal_Excellence_Internship\fashion-visual-search\data\subset\images\35445.jpg,Girls,Apparel,Topwear,Tops,Pink,Summer,2012.0,Casual,Doodle Girls Pink Top,index
42205,42205.jpg,F:\CEI\Celebal_Excellence_Internship\fashion-visual-search\data\subset\images\42205.jpg,Women,Apparel,Topwear,Tops,Blue,Summer,2012.0,Casual,Sepia Women Blue Top,index
10701,10701.jpg,F:\CEI\Celebal_Excellence_Internship\fashion-visual-search\data\subset\images\10701.jpg,Women,Accessories,Watches,Watches,Steel,Winter,2016.0,Casual,Esprit Women Silver Houston Steel Watches,index
23696,23696.jpg,F:\CEI\Celebal_Excellence_Internship\fashion-visual-search\data\subset\images\23696.jpg,Men,Accessories,Eyewear,Sunglasses,Black,Winter,2016.0,Casual,Ray-Ban Men Predator 2 Sunglasses,index
2197,2197.jpg,F:\CEI\Celebal_Excellence_Internship\fashion-visual-search\data\subset\images\2197.jpg,Men,Footwear,Shoes,Sports Shoes,White,Fall,2010.0,Sports,ADIDAS Men's Stripe White Run Shoe,index
21737,21737.jpg,F:\CEI\Celebal_Excellence_Internship\fashion-visual-search\data\subset\images\21737.jpg,Men,Footwear,Shoes,Casual Shoes,Grey,Fall,2011.0,Casual,Vans Men TNT 5 Grey Casual Shoes,index
41866,41866.jpg,F:\CEI\Celebal_Excellence_Internship\fashion-visual-search\data\subset\images\41866.jpg,Men,Footwear,Sandal,Sandals,Beige,Fall,2015.0,Casual,Estd. 1977 Men Beige & Green Sandals,index
52659,52659.jpg,F:\CEI\Celebal_Excellence_Internship\fashion-visual-search\data\subset\images\52659.jpg,Women,Accessories,Bags,Handbags,Cream,Summer,2012.0,Casual,Mod'acc Women Blue & Cream Handbag,index
5706,5706.jpg,F:\CEI\Celebal_Excellence_Internship\fashion-visual-search\data\subset\images\5706.jpg,Men,Footwear,Shoes,Casual Shoes,Black,Winter,2015.0,Casual,Skechers Men's Camaro Black Shoe,index
4704,4704.jpg,F:\CEI\Celebal_Excellence_Internship\fashion-visual-search\data\subset\images\4704.jpg,Unisex,Accessories,Watches,Watches,Black,Winter,2016.0,Sports,ADIDAS Unisex Cambridge Black Watch,index
34858,34858.jpg,F:\CEI\Celebal_Excellence_Internship\fashion-visual-search\data\subset\images\34858.jpg,Men,Footwear,Shoes,Casual Shoes,Grey,Summer,2012.0,Casual,Vans Men Classic Slip-On Grey Shoes,index
11613,11613.jpg,F:\CEI\Celebal_Excellence_Internship\fashion-visual-search\data\subset\images\11613.jpg,Women,Apparel,Topwear,Kurtas,Blue,Summer,2011.0,Ethnic,W Women Solid Teal Blue Kurtas,index
33646,33646.jpg,F:\CEI\Celebal_Excellence_Internship\fashion-visual-search\data\subset\images\33646.jpg,Men,Footwear,Sandal,Sandals,Black,Summer,2012.0,Casual,Lotto Men Ridge Black Sandals,index
31423,31423.jpg,F:\CEI\Celebal_Excellence_Internship\fashion-visual-search\data\subset\images\31423.jpg,Women,Apparel,Topwear,Kurtas,Cream,Summer,2012.0,Ethnic,W Women Cream Kurta,index
3566,3566.jpg,F:\CEI\Celebal_Excellence_Internship\fashion-visual-search\data\subset\images\3566.jpg,Men,Footwear,Shoes,Sports Shoes,White,Summer,2011.0,Sports,ADIDAS Men's White Silver Running Shoe,index
29885,29885.jpg,F:\CEI\Celebal_Excellence_Internship\fashion-visual-search\data\subset\images\29885.jpg,Women,Accessories,Eyewear,Sunglasses,Brown,Winter,2016.0,Casual,Mayhem Women Sunglasses 1018-103,index
28393,28393.jpg,F:\CEI\Celebal_Excellence_Internship\fashion-visual-search\data\subset\images\28393.jpg,Women,Accessories,Eyewear,Sunglasses,Brown,Winter,2016.0,Casual,Idee Women Brown Sunglasses,index
51668,51668.jpg,F:\CEI\Celebal_Excellence_Internship\fashion-visual-search\data\subset\images\51668.jpg,Men,Accessories,Eyewear,Sunglasses,Brown,Winter,2016.0,Casual,Louis Philippe Men Aviator Sunglasses LP217-C3,index
13980,13980.jpg,F:\CEI\Celebal_Excellence_Internship\fashion-visual-search\data\subset\images\13980.jpg,Men,Footwear,Sandal,Sandals,Red,Fall,2011.0,Casual,Puma Men Jiff Red Sandals,index
26905,26905.jpg,F:\CEI\Celebal_Excellence_Internship\fashion-visual-search\data\subset\images\26905.jpg,Women,Apparel,Topwear,Tops,Off White,Summer,2012.0,Casual,Jealous 21 Women Off White Top,index
21287,21287.jpg,F:\CEI\Celebal_Excellence_Internship\fashion-visual-search\data\subset\images\21287.jpg,Women,Accessories,Eyewear,Sunglasses,Silver,Winter,2016.0,Casual,Allen Solly Women Thin Silver Frame Sunglasses,index
35681,35681.jpg,F:\CEI\Celebal_Excellence_Internship\fashion-visual-search\data\subset\images\35681.jpg,Men,Footwear,Shoes,Casual Shoes,Brown,Summer,2012.0,Casual,U.S. Polo Assn. Men Brown Shoes,index
38637,38637.jpg,F:\CEI\Celebal_Excellence_Internship\fashion-visual-search\data\subset\images\38637.jpg,Men,Apparel,Topwear,Tshirts,Red,Summer,2012.0,Casual,Nike Men Red Delhi T-shirt,index
3303,3303.jpg,F:\CEI\Celebal_Excellence_Internship\fashion-visual-search\data\subset\images\3303.jpg,Men,Footwear,Shoes,Sports Shoes,White,Spring,2012.0,Sports,Asics Men's Gel Kayano 17 White Lime Shoe,index
27090,27090.jpg,F:\CEI\Celebal_Excellence_Internship\fashion-visual-search\data\subset\images\27090.jpg,Women,Apparel,Topwear,Kurtas,Grey,Summer,2012.0,Ethnic,Aneri Women Paakhi Grey Kurta,index
49381,49381.jpg,F:\CEI\Celebal_Excellence_Internship\fashion-visual-search\data\subset\images\49381.jpg,Men,Footwear,Shoes,Casual Shoes,Navy Blue,Summer,2012.0,Casual,Vans Men Navy Blue Versa Casual Shoes,index
6130,6130.jpg,F:\CEI\Celebal_Excellence_Internship\fashion-visual-search\data\subset\images\6130.jpg,Unisex,Footwear,Sandal,Sandals,Green,Summer,2011.0,Casual,Puma Unisex Scuba Black Green Floater,index
53810,53810.jpg,F:\CEI\Celebal_Excellence_Internship\fashion-visual-search\data\subset\images\53810.jpg,Women,Apparel,Topwear,Kurtas,Cream,Fall,2012.0,Ethnic,Ayaany Women Printed Cream Kurta,index
51535,51535.jpg,F:\CEI\Celebal_Excellence_Internship\fashion-visual-search\data\subset\images\51535.jpg,Men,Accessories,Watches,Watches,Black,Winter,2016.0,Casual,Fastrack Men Black Dial Watch,index
19831,19831.jpg,F:\CEI\Celebal_Excellence_Internship\fashion-visual-search\data\subset\images\19831.jpg,Men,Apparel,Topwear,Shirts,Black,Fall,2011.0,Casual,U.S. Polo Assn. Men Check Black Shirt,index
43681,43681.jpg,F:\CEI\Celebal_Excellence_Internship\fashion-visual-search\data\subset\images\43681.jpg,Women,Apparel,Dress,Dresses,Blue,Summer,2012.0,Casual,French Connection Women Printed Blue Dress,index
30013,30013.jpg,F:\CEI\Celebal_Excellence_Internship\fashion-visual-search\data\subset\images\30013.jpg,Men,Accessories,Watches,Watches,Black,Winter,2016.0,Casual,Kenneth Cole Men Black Dial Chronograph Watch,index
48081,48081.jpg,F:\CEI\Celebal_Excellence_Internship\fashion-visual-search\data\subset\images\48081.jpg,Men,Apparel,Topwear,Tshirts,Red,Summer,2012.0,Casual,French Connection Men Red T-shirt,index
13429,13429.jpg,F:\CEI\Celebal_Excellence_Internship\fashion-visual-search\data\subset\images\13429.jpg,Men,Apparel,Topwear,Tshirts,Maroon,Summer,2011.0,Casual,United Colors of Benetton Men Printed Maroon Tshirts,index
42237,42237.jpg,F:\CEI\Celebal_Excellence_Internship\fashion-visual-search\data\subset\images\42237.jpg,Women,Apparel,Topwear,Tops,Teal,Summer,2012.0,Casual,Sepia Women Teal Tops,index
45259,45259.jpg,F:\CEI\Celebal_Excellence_Internship\fashion-visual-search\data\subset\images\45259.jpg,Men,Accessories,Watches,Watches,Black,Winter,2016.0,Casual,Casio EDIFICE Men Chronograph Watch ED61 EF-305D-1AVDF,index
29594,29594.jpg,F:\CEI\Celebal_Excellence_Internship\fashion-visual-search\data\subset\images\29594.jpg,Men,Apparel,Topwear,Tshirts,Black,Summer,2012.0,Casual,Indigo Nation Men Black Polo T-shirt,index
43924,43924.jpg,F:\CEI\Celebal_Excellence_Internship\fashion-visual-search\data\subset\images\43924.jpg,Women,Apparel,Topwear,Tops,Grey,Summer,2012.0,Casual,Femella Women Grey Top,index
10230,10230.jpg,F:\CEI\Celebal_Excellence_Internship\fashion-visual-search\data\subset\images\10230.jpg,Women,Accessories,Bags,Handbags,Brown,Winter,2015.0,Casual,Murcia Women Claudia Brown Handbags,index
23752,23752.jpg,F:\CEI\Celebal_Excellence_Internship\fashion-visual-search\data\subset\images\23752.jpg,Unisex,Accessories,Eyewear,Sunglasses,Pink,Winter,2016.0,Casual,Ray-Ban Unisex High Street Pink Sunglasses,index
20119,20119.jpg,F:\CEI\Celebal_Excellence_Internship\fashion-visual-search\data\subset\images\20119.jpg,Women,Apparel,Topwear,Tops,Blue,Fall,2011.0,Casual,Wrangler Women Lace Blue Top,index
1612,1612.jpg,F:\CEI\Celebal_Excellence_Internship\fashion-visual-search\data\subset\images\1612.jpg,Men,Apparel,Topwear,Tshirts,White,Fall,2010.0,Casual,Reebok Orange & White Striped Polo T-shirt,index
33827,33827.jpg,F:\CEI\Celebal_Excellence_Internship\fashion-visual-search\data\subset\images\33827.jpg,Men,Footwear,Shoes,Sports Shoes,White,Summer,2012.0,Sports,Puma Men Axis White Sports Shoes,index
3832,3832.jpg,F:\CEI\Celebal_Excellence_Internship\fashion-visual-search\data\subset\images\3832.jpg,Unisex,Footwear,Sandal,Sandals,Pink,Summer,2011.0,Casual,Crocs Kid's Crocband Fuchsia Pink Kidswear,index
39723,39723.jpg,F:\CEI\Celebal_Excellence_Internship\fashion-visual-search\data\subset\images\39723.jpg,Women,Apparel,Dress,Dresses,Green,Summer,2012.0,Casual,Arrow Woman Aqua Green Dress,index
12327,12327.jpg,F:\CEI\Celebal_Excellence_Internship\fashion-visual-search\data\subset\images\12327.jpg,Men,Apparel,Topwear,Shirts,Pink,Winter,2011.0,Formal,Genesis Pink Striped Formal Shirt,index
34762,34762.jpg,F:\CEI\Celebal_Excellence_Internship\fashion-visual-search\data\subset\images\34762.jpg,Women,Accessories,Bags,Handbags,Orange,Summer,2015.0,Casual,Be For Bag Women Orange Bag,index
42024,42024.jpg,F:\CEI\Celebal_Excellence_Internship\fashion-visual-search\data\subset\images\42024.jpg,Men,Footwear,Shoes,Sports Shoes,Navy Blue,Summer,2012.0,Sports,ADIDAS Men Navy Blue Sukoi Shoes,index
34095,34095.jpg,F:\CEI\Celebal_Excellence_Internship\fashion-visual-search\data\subset\images\34095.jpg,Girls,Apparel,Dress,Dresses,Off White,Summer,2012.0,Casual,Doodle Girls Printed Multi Coloured Dress,index
13484,13484.jpg,F:\CEI\Celebal_Excellence_Internship\fashion-visual-search\data\subset\images\13484.jpg,Women,Footwear,Shoes,Casual Shoes,White,Winter,2012.0,Casual,Rocia Women Rocia White  Sandal White Shoes,index
16894,16894.jpg,F:\CEI\Celebal_Excellence_Internship\fashion-visual-search\data\subset\images\16894.jpg,Men,Accessories,Eyewear,Sunglasses,Blue,Winter,2016.0,Casual,Police Men Casual Blue Sunglasses,index
34557,34557.jpg,F:\CEI\Celebal_Excellence_Internship\fashion-visual-search\data\subset\images\34557.jpg,Women,Accessories,Bags,Handbags,Pink,Summer,2012.0,Casual,Puma Women Fitness Barrel Pink Handbag,index
36673,36673.jpg,F:\CEI\Celebal_Excellence_Internship\fashion-visual-search\data\subset\images\36673.jpg,Women,Accessories,Bags,Handbags,Purple,Summer,2012.0,Casual,Paridhan Women Purple Handbag,index
5472,5472.jpg,F:\CEI\Celebal_Excellence_Internship\fashion-visual-search\data\subset\images\5472.jpg,Men,Footwear,Shoes,Sports Shoes,White,Summer,2011.0,Sports,Nike Men's Zoom Vomero White Shoe,index
34083,34083.jpg,F:\CEI\Celebal_Excellence_Internship\fashion-visual-search\data\subset\images\34083.jpg,Men,Footwear,Sandal,Sandals,Brown,Fall,2012.0,Casual,Clarks Men Atl Three Ebony Leather Brown Sandals,index
19098,19098.jpg,F:\CEI\Celebal_Excellence_Internship\fashion-visual-search\data\subset\images\19098.jpg,Women,Apparel,Topwear,Kurtas,Beige,Fall,2011.0,Ethnic,Mother Earth Women Embroided Beige Kurta,index
44511,44511.jpg,F:\CEI\Celebal_Excellence_Internship\fashion-visual-search\data\subset\images\44511.jpg,Men,Footwear,Sandal,Sandals,Black,Summer,2012.0,Casual,Coolers Men Black Sandals,index
7817,7817.jpg,F:\CEI\Celebal_Excellence_Internship\fashion-visual-search\data\subset\images\7817.jpg,Men,Apparel,Topwear,Tshirts,Purple,Fall,2011.0,Casual,Proline Men Purple Striped Polo T-shirt,index
59349,59349.jpg,F:\CEI\Celebal_Excellence_Internship\fashion-visual-search\data\subset\images\59349.jpg,Men,Footwear,Sandal,Sandals,Brown,Summer,2012.0,Casual,Gliders Men Brown Sandals,index
4618,4618.jpg,F:\CEI\Celebal_Excellence_Internship\fashion-visual-search\data\subset\images\4618.jpg,Women,Apparel,Topwear,Tops,Pink,Summer,2011.0,Casual,Jealous 21 Women Knit Design Pink Top,index
26333,26333.jpg,F:\CEI\Celebal_Excellence_Internship\fashion-visual-search\data\subset\images\26333.jpg,Women,Accessories,Watches,Watches,White,Winter,2016.0,Casual,DKNY Women White Dial Watch NY4934,index
59324,59324.jpg,F:\CEI\Celebal_Excellence_Internship\fashion-visual-search\data\subset\images\59324.jpg,Men,Footwear,Sandal,Sandals,Black,Summer,2012.0,Casual,Gliders Men Black Sandals,index
47724,47724.jpg,F:\CEI\Celebal_Excellence_Internship\fashion-visual-search\data\subset\images\47724.jpg,Women,Accessories,Bags,Handbags,Bronze,Summer,2012.0,Casual,Murcia Women Bronze Handbag,index
19620,19620.jpg,F:\CEI\Celebal_Excellence_Internship\fashion-visual-search\data\subset\images\19620.jpg,Women,Apparel,Topwear,Tops,Olive,Summer,2011.0,Casual,United Colors of Benetton Women Solid Olive Top,index
7714,7714.jpg,F:\CEI\Celebal_Excellence_Internship\fashion-visual-search\data\subset\images\7714.jpg,Men,Footwear,Shoes,Casual Shoes,Black,Fall,2011.0,Casual,Fila Men's Wind Black Shoe,index
3309,3309.jpg,F:\CEI\Celebal_Excellence_Internship\fashion-visual-search\data\subset\images\3309.jpg,Men,Footwear,Shoes,Sports Shoes,White,Spring,2012.0,Sports,Asics Men's Gel Challenger 8 Tennis White Blue Shoe,index
39947,39947.jpg,F:\CEI\Celebal_Excellence_Internship\fashion-visual-search\data\subset\images\39947.jpg,Men,Footwear,Shoes,Casual Shoes,Olive,Summer,2013.0,Casual,Gas Men Sahar Olive Shoes,index
3836,3836.jpg,F:\CEI\Celebal_Excellence_Internship\fashion-visual-search\data\subset\images\3836.jpg,Men,Footwear,Sandal,Sandals,Brown,Summer,2011.0,Casual,Crocs Men Santa Cruz Clog Espresso Brown Sandal,index
38052,38052.jpg,F:\CEI\Celebal_Excellence_Internship\fashion-visual-search\data\subset\images\38052.jpg,Men,Accessories,Watches,Watches,Black,Winter,2016.0,Casual,Q&Q Men Black Digital Watch M124J002Y,index
37435,37435.jpg,F:\CEI\Celebal_Excellence_Internship\fashion-visual-search\data\subset\images\37435.jpg,Women,Accessories,Bags,Handbags,Black,Summer,2012.0,Casual,Murcia Women Black Handbag,index
51686,51686.jpg,F:\CEI\Celebal_Excellence_Internship\fashion-visual-search\data\subset\images\51686.jpg,Men,Accessories,Eyewear,Sunglasses,Gold,Winter,2016.0,Casual,Louis Philippe Men Golden Sunglass,index
36769,36769.jpg,F:\CEI\Celebal_Excellence_Internship\fashion-visual-search\data\subset\images\36769.jpg,Men,Accessories,Watches,Watches,White,Winter,2016.0,Casual,Maxima Men White Dial Watch,index
59908,59908.jpg,F:\CEI\Celebal_Excellence_Internship\fashion-visual-search\data\subset\images\59908.jpg,Women,Apparel,Dress,Dresses,Peach,Fall,2012.0,Casual,Femella Women Peach Dress,index
42644,42644.jpg,F:\CEI\Celebal_Excellence_Internship\fashion-visual-search\data\subset\images\42644.jpg,Women,Apparel,Topwear,Kurtas,Green,Summer,2012.0,Ethnic,Alma Women Green Kurta,index
16045,16045.jpg,F:\CEI\Celebal_Excellence_Internship\fashion-visual-search\data\subset\images\16045.jpg,Men,Apparel,Topwear,Shirts,White,Fall,2011.0,Casual,Highlander Men Check White Shirt,index
50201,50201.jpg,F:\CEI\Celebal_Excellence_Internship\fashion-visual-search\data\subset\images\50201.jpg,Women,Accessories,Eyewear,Sunglasses,Black,Winter,2016.0,Casual,Stoln Women Black Sunglasses,index
38183,38183.jpg,F:\CEI\Celebal_Excellence_Internship\fashion-visual-search\data\subset\images\38183.jpg,Women,Accessories,Eyewear,Sunglasses,Brown,Winter,2016.0,Casual,Miami Blues Women Sunglasses,index
25836,25836.jpg,F:\CEI\Celebal_Excellence_Internship\fashion-visual-search\data\subset\images\25836.jpg,Women,Apparel,Topwear,Kurtas,Peach,Summer,2012.0,Ethnic,Diva Women Printed Orange Kurta,index
12275,12275.jpg,F:\CEI\Celebal_Excellence_Internship\fashion-visual-search\data\subset\images\12275.jpg,Men,Apparel,Topwear,Shirts,Navy Blue,Winter,2011.0,Casual,Genesis Navy Casual Shirt,index
30770,30770.jpg,F:\CEI\Celebal_Excellence_Internship\fashion-visual-search\data\subset\images\30770.jpg,Men,Apparel,Topwear,Kurtas,Grey,Summer,2012.0,Ethnic,Fabindia Men Grey Printed Silk Kurta,index
28694,28694.jpg,F:\CEI\Celebal_Excellence_Internship\fashion-visual-search\data\subset\images\28694.jpg,Women,Apparel,Topwear,Kurtas,Black,Summer,2012.0,Ethnic,W Women Printed Black Kurta,index
24068,24068.jpg,F:\CEI\Celebal_Excellence_Internship\fashion-visual-search\data\subset\images\24068.jpg,Men,Apparel,Topwear,Shirts,Grey,Fall,2011.0,Casual,Locomotive Men Check Grey Shirt,index
23787,23787.jpg,F:\CEI\Celebal_Excellence_Internship\fashion-visual-search\data\subset\images\23787.jpg,Women,Accessories,Eyewear,Sunglasses,Purple,Winter,2016.0,Casual,Oakley Women Beckon Purple Sunglasses,index
3662,3662.jpg,F:\CEI\Celebal_Excellence_Internship\fashion-visual-search\data\subset\images\3662.jpg,Men,Footwear,Shoes,Sports Shoes,Black,Fall,2014.0,Sports,Fila Men's Cavier Black Shoe,index
18167,18167.jpg,F:\CEI\Celebal_Excellence_Internship\fashion-visual-search\data\subset\images\18167.jpg,Girls,Apparel,Dress,Dresses,Magenta,Fall,2011.0,Casual,Doodle Kids Girls Party Frock Purple Dress,index
11579,11579.jpg,F:\CEI\Celebal_Excellence_Internship\fashion-visual-search\data\subset\images\11579.jpg,Women,Apparel,Topwear,Kurtas,Green,Summer,2011.0,Ethnic,W Women Printed Green Kurtas,index
24302,24302.jpg,F:\CEI\Celebal_Excellence_Internship\fashion-visual-search\data\subset\images\24302.jpg,Unisex,Footwear,Shoes,Casual Shoes,Blue,Summer,2012.0,Casual,Converse Unisex Blue Casual Shoes,index
12070,12070.jpg,F:\CEI\Celebal_Excellence_Internship\fashion-visual-search\data\subset\images\12070.jpg,Women,Apparel,Topwear,Kurtas,White,Fall,2011.0,Ethnic,W Women Printed White Kurtas,index
12304,12304.jpg,F:\CEI\Celebal_Excellence_Internship\fashion-visual-search\data\subset\images\12304.jpg,Men,Apparel,Topwear,Shirts,Red,Fall,2011.0,Formal,Genesis Men Stripes Red Shirts,index
2243,2243.jpg,F:\CEI\Celebal_Excellence_Internship\fashion-visual-search\data\subset\images\2243.jpg,Men,Apparel,Topwear,Tshirts,White,Fall,2010.0,Sports,ADIDAS Men Stripe Polo White Polo T-shirt,index
30798,30798.jpg,F:\CEI\Celebal_Excellence_Internship\fashion-visual-search\data\subset\images\30798.jpg,Men,Apparel,Topwear,Shirts,Beige,Summer,2012.0,Ethnic,Fabindia Men Beige Shirt,index
28356,28356.jpg,F:\CEI\Celebal_Excellence_Internship\fashion-visual-search\data\subset\images\28356.jpg,Men,Accessories,Eyewear,Sunglasses,Steel,Winter,2016.0,Casual,Idee Men Steel Sunglasses,index
38839,38839.jpg,F:\CEI\Celebal_Excellence_Internship\fashion-visual-search\data\subset\images\38839.jpg,Women,Apparel,Dress,Dresses,Olive,Summer,2012.0,Casual,Latin Quarters Women Black Printed Dress,index
29862,29862.jpg,F:\CEI\Celebal_Excellence_Internship\fashion-visual-search\data\subset\images\29862.jpg,Men,Accessories,Eyewear,Sunglasses,Black,Winter,2016.0,Casual,Mayhem Men Rectangular Sunglasses 1025-207,index
34626,34626.jpg,F:\CEI\Celebal_Excellence_Internship\fashion-visual-search\data\subset\images\34626.jpg,Women,Accessories,Watches,Watches,Silver,Winter,2016.0,Casual,Kenneth Cole Women Silver Dial Watch,index
52095,52095.jpg,F:\CEI\Celebal_Excellence_Internship\fashion-visual-search\data\subset\images\52095.jpg,Women,Apparel,Topwear,Tops,Grey Melange,Summer,2012.0,Casual,Myntra Women Grey Melange Top,index
38494,38494.jpg,F:\CEI\Celebal_Excellence_Internship\fashion-visual-search\data\subset\images\38494.jpg,Boys,Apparel,Topwear,Tshirts,Green,Summer,2012.0,Casual,Gini and Jony Boys United Green T-shirt,index
28161,28161.jpg,F:\CEI\Celebal_Excellence_Internship\fashion-visual-search\data\subset\images\28161.jpg,Men,Accessories,Eyewear,Sunglasses,Copper,Winter,2016.0,Casual,Ray-Ban Men Aviator Sunglasses,index
41378,41378.jpg,F:\CEI\Celebal_Excellence_Internship\fashion-visual-search\data\subset\images\41378.jpg,Women,Apparel,Topwear,Tops,Black,Summer,2012.0,Casual,Wrangler Women Maria Black Top,index
43570,43570.jpg,F:\CEI\Celebal_Excellence_Internship\fashion-visual-search\data\subset\images\43570.jpg,Women,Accessories,Bags,Handbags,Black,Summer,2012.0,Casual,Puma Women Black Handbag,index
8863,8863.jpg,F:\CEI\Celebal_Excellence_Internship\fashion-visual-search\data\subset\images\8863.jpg,Men,Apparel,Topwear,Shirts,Red,Fall,2011.0,Casual,Mark Taylor Men Red Striped Shirt,index
29497,29497.jpg,F:\CEI\Celebal_Excellence_Internship\fashion-visual-search\data\subset\images\29497.jpg,Women,Accessories,Watches,Watches,Blue,Winter,2016.0,Casual,Giordano Women Chronograph Blue Dial Watch,index
42559,42559.jpg,F:\CEI\Celebal_Excellence_Internship\fashion-visual-search\data\subset\images\42559.jpg,Women,Apparel,Topwear,Kurtas,Multi,Summer,2012.0,Ethnic,Mother Earth Women Multi Coloured Kurta,index
43959,43959.jpg,F:\CEI\Celebal_Excellence_Internship\fashion-visual-search\data\subset\images\43959.jpg,Men,Footwear,Sandal,Sandals,Grey,Summer,2012.0,Casual,Puma Men Grey Sandals,index
54572,54572.jpg,F:\CEI\Celebal_Excellence_Internship\fashion-visual-search\data\subset\images\54572.jpg,Women,Apparel,Topwear,Kurtas,Pink,Summer,2012.0,Ethnic,Sushilas Women Multi Coloured Kurta,index
59980,59980.jpg,F:\CEI\Celebal_Excellence_Internship\fashion-visual-search\data\subset\images\59980.jpg,Women,Apparel,Dress,Dresses,Black,Fall,2012.0,Casual,Avirate Black & Cream Dress,index
6272,6272.jpg,F:\CEI\Celebal_Excellence_Internship\fashion-visual-search\data\subset\images\6272.jpg,Men,Apparel,Topwear,Tshirts,Grey,Summer,2011.0,Casual,UCB Men's Contrast Rib Grey T-shirt,index
29411,29411.jpg,F:\CEI\Celebal_Excellence_Internship\fashion-visual-search\data\subset\images\29411.jpg,Men,Accessories,Watches,Watches,White,Winter,2016.0,Casual,Giordano Men White Dial Watch,index
9558,9558.jpg,F:\CEI\Celebal_Excellence_Internship\fashion-visual-search\data\subset\images\9558.jpg,Men,Apparel,Topwear,Tshirts,Black,Fall,2011.0,Sports,Nike Men Black Black Tshirts,index
51446,51446.jpg,F:\CEI\Celebal_Excellence_Internship\fashion-visual-search\data\subset\images\51446.jpg,Women,Apparel,Topwear,Tops,Cream,Summer,2012.0,Casual,Tonga Women Cream-Coloured Top,index
20868,20868.jpg,F:\CEI\Celebal_Excellence_Internship\fashion-visual-search\data\subset\images\20868.jpg,Men,Footwear,Shoes,Casual Shoes,White,Summer,2013.0,Casual,Fila Men Stradd White Casual Shoes,index
47169,47169.jpg,F:\CEI\Celebal_Excellence_Internship\fashion-visual-search\data\subset\images\47169.jpg,Men,Footwear,Sandal,Sandals,Black,Summer,2012.0,Casual,Ganuchi Men Black Sandals,index
28316,28316.jpg,F:\CEI\Celebal_Excellence_Internship\fashion-visual-search\data\subset\images\28316.jpg,Men,Footwear,Shoes,Casual Shoes,Black,Winter,2018.0,Casual,Red Tape Men Black Shoes,index
13991,13991.jpg,F:\CEI\Celebal_Excellence_Internship\fashion-visual-search\data\subset\images\13991.jpg,Women,Footwear,Shoes,Sports Shoes,Black,Fall,2011.0,Sports,Puma Women Body Train Black Sports Shoes,index
44447,44447.jpg,F:\CEI\Celebal_Excellence_Internship\fashion-visual-search\data\subset\images\44447.jpg,Men,Footwear,Sandal,Sandals,Black,Summer,2013.0,Casual,Gliders Men Black Fighter Sandals,index
28322,28322.jpg,F:\CEI\Celebal_Excellence_Internship\fashion-visual-search\data\subset\images\28322.jpg,Men,Footwear,Sandal,Sandals,Black,Winter,2018.0,Casual,Red Tape Men Casual Black Sandals,index
44684,44684.jpg,F:\CEI\Celebal_Excellence_Internship\fashion-visual-search\data\subset\images\44684.jpg,Women,Apparel,Topwear,Tops,Multi,Summer,2012.0,Casual,Wills Lifestyle Women Multi Coloured Top,index
3950,3950.jpg,F:\CEI\Celebal_Excellence_Internship\fashion-visual-search\data\subset\images\3950.jpg,Women,Apparel,Topwear,Tops,Navy Blue,Summer,2011.0,Casual,Jealous 21 Women Navy Black Top,index
32244,32244.jpg,F:\CEI\Celebal_Excellence_Internship\fashion-visual-search\data\subset\images\32244.jpg,Women,Apparel,Topwear,Kurtas,White,Summer,2012.0,Ethnic,Fabindia Women White Kurta,index
40562,40562.jpg,F:\CEI\Celebal_Excellence_Internship\fashion-visual-search\data\subset\images\40562.jpg,Men,Accessories,Watches,Watches,White,Winter,2016.0,Casual,Titan Men White Dial Watch,index
20247,20247.jpg,F:\CEI\Celebal_Excellence_Internship\fashion-visual-search\data\subset\images\20247.jpg,Women,Apparel,Topwear,Tops,Magenta,Summer,2012.0,Casual,Wrangler Women Striped Purple Top,index
5053,5053.jpg,F:\CEI\Celebal_Excellence_Internship\fashion-visual-search\data\subset\images\5053.jpg,Men,Footwear,Shoes,Sports Shoes,Grey,Summer,2011.0,Sports,Fila Men's Sergent Grey Orange Shoe,index
48028,48028.jpg,F:\CEI\Celebal_Excellence_Internship\fashion-visual-search\data\subset\images\48028.jpg,Men,Accessories,Watches,Watches,Black,Winter,2016.0,Casual,Nautica Men Black Dial Chronograph Watch,index
47231,47231.jpg,F:\CEI\Celebal_Excellence_Internship\fashion-visual-search\data\subset\images\47231.jpg,Men,Footwear,Sandal,Sandals,Black,Summer,2012.0,Casual,Franco Leone Men Black Slippers,index
46428,46428.jpg,F:\CEI\Celebal_Excellence_Internship\fashion-visual-search\data\subset\images\46428.jpg,Men,Accessories,Watches,Watches,Black,Winter,2016.0,Casual,Timex Men Black Dial Watch,index
31783,31783.jpg,F:\CEI\Celebal_Excellence_Internship\fashion-visual-search\data\subset\images\31783.jpg,Women,Apparel,Topwear,Tops,Purple,Summer,2012.0,Casual,Lee Women Purple Paula Pansy Top,index
4983,4983.jpg,F:\CEI\Celebal_Excellence_Internship\fashion-visual-search\data\subset\images\4983.jpg,Women,Apparel,Dress,Dresses,White,Summer,2011.0,Casual,Palm Tree Girl's Blenda White Pink Kidswear,index
34747,34747.jpg,F:\CEI\Celebal_Excellence_Internship\fashion-visual-search\data\subset\images\34747.jpg,Women,Footwear,Shoes,Casual Shoes,White,Summer,2012.0,Casual,Puma Women Soleil Cat White Shoes,index
14543,14543.jpg,F:\CEI\Celebal_Excellence_Internship\fashion-visual-search\data\subset\images\14543.jpg,Women,Apparel,Topwear,Kurtas,Orange,Fall,2011.0,Ethnic,Vishudh Women Circle Print Orange Kurtas,index
34731,34731.jpg,F:\CEI\Celebal_Excellence_Internship\fashion-visual-search\data\subset\images\34731.jpg,Women,Accessories,Bags,Handbags,Mustard,Summer,2012.0,Casual,Baggit Women Mustard Selection Hunt Sling Bag,index
9213,9213.jpg,F:\CEI\Celebal_Excellence_Internship\fashion-visual-search\data\subset\images\9213.jpg,Men,Footwear,Shoes,Casual Shoes,Black,Fall,2011.0,Casual,Puma Men Speeder Black Casual Shoes,index
51401,51401.jpg,F:\CEI\Celebal_Excellence_Internship\fashion-visual-search\data\subset\images\51401.jpg,Men,Apparel,Topwear,Shirts,Blue,Summer,2012.0,Casual,Myntra Men Blue and Yellow Check Shirt,index
26431,26431.jpg,F:\CEI\Celebal_Excellence_Internship\fashion-visual-search\data\subset\images\26431.jpg,Women,Accessories,Bags,Handbags,Grey,Winter,2015.0,Casual,Spice Art Women Leatherette Grey Handbag,index
59811,59811.jpg,F:\CEI\Celebal_Excellence_Internship\fashion-visual-search\data\subset\images\59811.jpg,Women,Apparel,Dress,Dresses,Beige,Fall,2012.0,Casual,United Colors of Benetton Women Beige Printed Dress,index
4191,4191.jpg,F:\CEI\Celebal_Excellence_Internship\fashion-visual-search\data\subset\images\4191.jpg,Boys,Apparel,Topwear,Tshirts,Green,Summer,2011.0,Casual,Disney Kids Boy's Green Little Friends Kidswear,index
49167,49167.jpg,F:\CEI\Celebal_Excellence_Internship\fashion-visual-search\data\subset\images\49167.jpg,Men,Accessories,Eyewear,Sunglasses,Black,Winter,2016.0,Casual,United Colors of Benetton Men Black Sunglasses,index
28380,28380.jpg,F:\CEI\Celebal_Excellence_Internship\fashion-visual-search\data\subset\images\28380.jpg,Men,Accessories,Eyewear,Sunglasses,Black,Winter,2016.0,Casual,I Dee Men Black Sunglasses,index
10811,10811.jpg,F:\CEI\Celebal_Excellence_Internship\fashion-visual-search\data\subset\images\10811.jpg,Men,Apparel,Topwear,Shirts,Red,Fall,2011.0,Casual,Wrangler Men Rodeo 47 Tab Pkt Red Shirts,index
41827,41827.jpg,F:\CEI\Celebal_Excellence_Internship\fashion-visual-search\data\subset\images\41827.jpg,Women,Footwear,Shoes,Sports Shoes,White,Summer,2012.0,Sports,Skechers Women White Sports Shoes,index
26559,26559.jpg,F:\CEI\Celebal_Excellence_Internship\fashion-visual-search\data\subset\images\26559.jpg,Men,Footwear,Shoes,Casual Shoes,Black,Summer,2012.0,Casual,Lee Cooper Men Black Shoes,index
51707,51707.jpg,F:\CEI\Celebal_Excellence_Internship\fashion-visual-search\data\subset\images\51707.jpg,Men,Accessories,Eyewear,Sunglasses,Grey,Winter,2016.0,Casual,Van Heusen Men Grey Sunglasses,index
49631,49631.jpg,F:\CEI\Celebal_Excellence_Internship\fashion-visual-search\data\subset\images\49631.jpg,Women,Apparel,Dress,Dresses,Cream,Summer,2012.0,Casual,Mineral Cream Dress,index
45113,45113.jpg,F:\CEI\Celebal_Excellence_Internship\fashion-visual-search\data\subset\images\45113.jpg,Men,Accessories,Watches,Watches,Black,Winter,2016.0,Casual,Casio Enticer Men Silver Analogue Watch MTP-1233D-1ADF(A188),index
16973,16973.jpg,F:\CEI\Celebal_Excellence_Internship\fashion-visual-search\data\subset\images\16973.jpg,Men,Footwear,Sandal,Sandals,Olive,Fall,2011.0,Casual,Puma Men Cooper Black Sandal,index
8683,8683.jpg,F:\CEI\Celebal_Excellence_Internship\fashion-visual-search\data\subset\images\8683.jpg,Men,Accessories,Eyewear,Sunglasses,Green,Winter,2016.0,Casual,Fastrack Men Sunglasses M050GR3,index
41861,41861.jpg,F:\CEI\Celebal_Excellence_Internship\fashion-visual-search\data\subset\images\41861.jpg,Men,Footwear,Sandal,Sandals,Black,Summer,2016.0,Casual,Estd. 1977 Men Black Sandals,index
28957,28957.jpg,F:\CEI\Celebal_Excellence_Internship\fashion-visual-search\data\subset\images\28957.jpg,Women,Apparel,Topwear,Kurtas,White,Summer,2012.0,Ethnic,BIBA Women Printed White Kurta,index
11606,11606.jpg,F:\CEI\Celebal_Excellence_Internship\fashion-visual-search\data\subset\images\11606.jpg,Women,Apparel,Topwear,Kurtas,Grey,Summer,2011.0,Ethnic,W Women Solid Grey Kurtas,index
33540,33540.jpg,F:\CEI\Celebal_Excellence_Internship\fashion-visual-search\data\subset\images\33540.jpg,Women,Apparel,Topwear,Tops,Red,Summer,2012.0,Casual,Wrangler Women Maddy Red Top,index
49657,49657.jpg,F:\CEI\Celebal_Excellence_Internship\fashion-visual-search\data\subset\images\49657.jpg,Women,Apparel,Topwear,Tops,Brown,Summer,2012.0,Casual,Mineral Women Brown Top,index
11894,11894.jpg,F:\CEI\Celebal_Excellence_Internship\fashion-visual-search\data\subset\images\11894.jpg,Men,Footwear,Sandal,Sandals,Tan,Summer,2013.0,Casual,Franco Leone Men Casual Tan Sandals,index
41565,41565.jpg,F:\CEI\Celebal_Excellence_Internship\fashion-visual-search\data\subset\images\41565.jpg,Women,Apparel,Dress,Dresses,Blue,Summer,2012.0,Casual,AND Women Blue Dress,index
36900,36900.jpg,F:\CEI\Celebal_Excellence_Internship\fashion-visual-search\data\subset\images\36900.jpg,Men,Accessories,Watches,Watches,White,Winter,2016.0,Casual,Fossil Men White Dial Chronograph Watch FS4640,index
48485,48485.jpg,F:\CEI\Celebal_Excellence_Internship\fashion-visual-search\data\subset\images\48485.jpg,Women,Apparel,Dress,Dresses,Red,Summer,2012.0,Casual,French Connection Red & Brown Dress,index
34559,34559.jpg,F:\CEI\Celebal_Excellence_Internship\fashion-visual-search\data\subset\images\34559.jpg,Women,Accessories,Bags,Handbags,Pink,Summer,2012.0,Casual,Puma Women Pink Fitness Small Handbag,index
4720,4720.jpg,F:\CEI\Celebal_Excellence_Internship\fashion-visual-search\data\subset\images\4720.jpg,Girls,Apparel,Topwear,Tshirts,Yellow,Summer,2011.0,Casual,Disney Kids Girl's Fun In The Fair Yellow Teen Kidswear,index
8458,8458.jpg,F:\CEI\Celebal_Excellence_Internship\fashion-visual-search\data\subset\images\8458.jpg,Women,Apparel,Topwear,Tops,Pink,Fall,2011.0,Casual,Jealous 21 Women  Printed Pink Top,index
39167,39167.jpg,F:\CEI\Celebal_Excellence_Internship\fashion-visual-search\data\subset\images\39167.jpg,Women,Apparel,Topwear,Kurtas,Pink,Summer,2012.0,Ethnic,Aneri Women Pink Printed Kurta,index
46803,46803.jpg,F:\CEI\Celebal_Excellence_Internship\fashion-visual-search\data\subset\images\46803.jpg,Men,Footwear,Shoes,Sports Shoes,White,Summer,2012.0,Sports,Nike Men White Sports Shoes,index
58505,58505.jpg,F:\CEI\Celebal_Excellence_Internship\fashion-visual-search\data\subset\images\58505.jpg,Women,Apparel,Dress,Dresses,Off White,Fall,2012.0,Casual,Tonga Women Printed Brown Dress,index
31639,31639.jpg,F:\CEI\Celebal_Excellence_Internship\fashion-visual-search\data\subset\images\31639.jpg,Men,Apparel,Topwear,Shirts,Maroon,Summer,2012.0,Casual,Indigo Nation Men Check Maroon Shirt,index
25278,25278.jpg,F:\CEI\Celebal_Excellence_Internship\fashion-visual-search\data\subset\images\25278.jpg,Women,Accessories,Bags,Handbags,Black,Summer,2012.0,Casual,Lino Perros Women Black Handbag,index
37472,37472.jpg,F:\CEI\Celebal_Excellence_Internship\fashion-visual-search\data\subset\images\37472.jpg,Men,Accessories,Watches,Watches,Grey,Winter,2016.0,Casual,Esprit Men Grey Dial Watch,index
16778,16778.jpg,F:\CEI\Celebal_Excellence_Internship\fashion-visual-search\data\subset\images\16778.jpg,Unisex,Accessories,Watches,Watches,Grey,Winter,2016.0,Casual,ADIDAS Originals Unisex Grey Dial Chronograph Watch ADH2569,index
43228,43228.jpg,F:\CEI\Celebal_Excellence_Internship\fashion-visual-search\data\subset\images\43228.jpg,Women,Accessories,Bags,Handbags,Brown,Summer,2012.0,Casual,United Colors of Benetton Women Brown Swede Finish Handbag,index
16960,16960.jpg,F:\CEI\Celebal_Excellence_Internship\fashion-visual-search\data\subset\images\16960.jpg,Men,Accessories,Eyewear,Sunglasses,Black,Winter,2016.0,Casual,Image Men Classic Eyewear Black Sunglasses,index
13198,13198.jpg,F:\CEI\Celebal_Excellence_Internship\fashion-visual-search\data\subset\images\13198.jpg,Men,Footwear,Shoes,Sports Shoes,Blue,Fall,2011.0,Sports,ASICS Men Gel DS Sky Speed 2 Running Blue Sports Shoes,index
8789,8789.jpg,F:\CEI\Celebal_Excellence_Internship\fashion-visual-search\data\subset\images\8789.jpg,Men,Apparel,Topwear,Shirts,White,Fall,2011.0,Formal,Indigo Nation Men Price catch Blue White Shirts,index
29096,29096.jpg,F:\CEI\Celebal_Excellence_Internship\fashion-visual-search\data\subset\images\29096.jpg,Women,Accessories,Eyewear,Sunglasses,Black,Winter,2016.0,Casual,M tv Women Black Sunglasses,index
17766,17766.jpg,F:\CEI\Celebal_Excellence_Internship\fashion-visual-search\data\subset\images\17766.jpg,Men,Footwear,Shoes,Casual Shoes,Olive,Winter,2012.0,Casual,Buckaroo Jefe Men Olive Casual Shoes,index
33199,33199.jpg,F:\CEI\Celebal_Excellence_Internship\fashion-visual-search\data\subset\images\33199.jpg,Women,Apparel,Dress,Dresses,Red,Summer,2012.0,Casual,Sepia Women Printed Red Dress,index
47142,47142.jpg,F:\CEI\Celebal_Excellence_Internship\fashion-visual-search\data\subset\images\47142.jpg,Women,Accessories,Bags,Handbags,White,Summer,2015.0,Casual,Be For Bag Women White and Pink Combo pack Tote Bags,index
20876,20876.jpg,F:\CEI\Celebal_Excellence_Internship\fashion-visual-search\data\subset\images\20876.jpg,Men,Footwear,Shoes,Casual Shoes,Black,Summer,2012.0,Casual,Skechers Men Casual Black Shoes,index
8658,8658.jpg,F:\CEI\Celebal_Excellence_Internship\fashion-visual-search\data\subset\images\8658.jpg,Unisex,Accessories,Eyewear,Sunglasses,Brown,Winter,2016.0,Casual,Fastrack Unisex Rectangular Sunglasses FTML005GLBR2,index
24626,24626.jpg,F:\CEI\Celebal_Excellence_Internship\fashion-visual-search\data\subset\images\24626.jpg,Men,Footwear,Shoes,Casual Shoes,Black,Summer,2012.0,Casual,Converse Men Black Roll Down Shoes,index
27851,27851.jpg,F:\CEI\Celebal_Excellence_Internship\fashion-visual-search\data\subset\images\27851.jpg,Women,Apparel,Topwear,Tops,Orange,Summer,2012.0,Casual,Scullers For Her Orange Top,index
12153,12153.jpg,F:\CEI\Celebal_Excellence_Internship\fashion-visual-search\data\subset\images\12153.jpg,Women,Apparel,Topwear,Kurtas,Green,Fall,2011.0,Ethnic,Aurelia Women Solid Green Kurtas,index
52678,52678.jpg,F:\CEI\Celebal_Excellence_Internship\fashion-visual-search\data\subset\images\52678.jpg,Men,Accessories,Watches,Watches,Black,Winter,2016.0,Casual,Morellato Men Black Watch,index
24549,24549.jpg,F:\CEI\Celebal_Excellence_Internship\fashion-visual-search\data\subset\images\24549.jpg,Women,Apparel,Topwear,Tops,Black,Fall,2011.0,Ethnic,Mother Earth Women Black Printed Top,index
4068,4068.jpg,F:\CEI\Celebal_Excellence_Internship\fashion-visual-search\data\subset\images\4068.jpg,Men,Footwear,Shoes,Casual Shoes,Brown,Summer,2011.0,Casual,Crocs Men's Tideline Canvas Khaki Shoe,index
23314,23314.jpg,F:\CEI\Celebal_Excellence_Internship\fashion-visual-search\data\subset\images\23314.jpg,Women,Apparel,Topwear,Kurtas,Green,Fall,2011.0,Ethnic,W Women Printed Green Kurta,index
57986,57986.jpg,F:\CEI\Celebal_Excellence_Internship\fashion-visual-search\data\subset\images\57986.jpg,Women,Apparel,Dress,Dresses,Grey,Fall,2012.0,Casual,Latin Quarters Women Grey Dress,index
30302,30302.jpg,F:\CEI\Celebal_Excellence_Internship\fashion-visual-search\data\subset\images\30302.jpg,Men,Apparel,Topwear,Tshirts,Off White,Summer,2012.0,Casual,Myntra Men Evil Minds Off White T-shirt,index
58538,58538.jpg,F:\CEI\Celebal_Excellence_Internship\fashion-visual-search\data\subset\images\58538.jpg,Men,Accessories,Eyewear,Sunglasses,Steel,Winter,2016.0,Casual,Miami Blues Men Sunglasses,index
7312,7312.jpg,F:\CEI\Celebal_Excellence_Internship\fashion-visual-search\data\subset\images\7312.jpg,Women,Apparel,Topwear,Tops,Pink,Summer,2011.0,Casual,UCB Women's Short Sleeve Polo Pink Top,index
47761,47761.jpg,F:\CEI\Celebal_Excellence_Internship\fashion-visual-search\data\subset\images\47761.jpg,Women,Accessories,Bags,Handbags,Black,Summer,2012.0,Casual,Murcia Women Black Handbag,index
48208,48208.jpg,F:\CEI\Celebal_Excellence_Internship\fashion-visual-search\data\subset\images\48208.jpg,Men,Accessories,Eyewear,Sunglasses,Brown,Winter,2016.0,Casual,United Colors of Benetton Men Brown Sunglasses,index
29882,29882.jpg,F:\CEI\Celebal_Excellence_Internship\fashion-visual-search\data\subset\images\29882.jpg,Men,Accessories,Eyewear,Sunglasses,Brown,Winter,2016.0,Casual,Mayhem Men Aviator Sunglasses 1019-201,index
10792,10792.jpg,F:\CEI\Celebal_Excellence_Internship\fashion-visual-search\data\subset\images\10792.jpg,Men,Apparel,Topwear,Shirts,Red,Fall,2011.0,Casual,Wrangler Men Authentic Rope Embro Red Shirts,index
13163,13163.jpg,F:\CEI\Celebal_Excellence_Internship\fashion-visual-search\data\subset\images\13163.jpg,Women,Footwear,Shoes,Sports Shoes,Silver,Fall,2011.0,Sports,Skechers Women Silver Coloured Shoes,index
29290,29290.jpg,F:\CEI\Celebal_Excellence_Internship\fashion-visual-search\data\subset\images\29290.jpg,Men,Apparel,Topwear,Shirts,Blue,Summer,2012.0,Casual,Wrangler Men Miriam Checks Blue Shirt,index
54540,54540.jpg,F:\CEI\Celebal_Excellence_Internship\fashion-visual-search\data\subset\images\54540.jpg,Men,Footwear,Shoes,Sports Shoes,Grey,Fall,2012.0,Sports,F Sports Men Grey Gravity Sports Shoes,index
59376,59376.jpg,F:\CEI\Celebal_Excellence_Internship\fashion-visual-search\data\subset\images\59376.jpg,Women,Apparel,Topwear,Kurtas,Green,Summer,2012.0,Ethnic,Vishudh Women Green Printed Kurta,index
19365,19365.jpg,F:\CEI\Celebal_Excellence_Internship\fashion-visual-search\data\subset\images\19365.jpg,Men,Footwear,Shoes,Casual Shoes,Tan,Winter,2018.0,Casual,Redtape Men Calcullas Tan Casual Shoes,index
12822,12822.jpg,F:\CEI\Celebal_Excellence_Internship\fashion-visual-search\data\subset\images\12822.jpg,Men,Footwear,Sandal,Sandals,Black,Fall,2011.0,Casual,Puma Men Snipper Black Sandals,index
27101,27101.jpg,F:\CEI\Celebal_Excellence_Internship\fashion-visual-search\data\subset\images\27101.jpg,Women,Apparel,Topwear,Kurtas,Yellow,Summer,2012.0,Ethnic,Aneri Women Madhuri Yellow Kurta,index
22385,22385.jpg,F:\CEI\Celebal_Excellence_Internship\fashion-visual-search\data\subset\images\22385.jpg,Men,Apparel,Topwear,Shirts,White,Fall,2011.0,Casual,Mark Taylor Men Solid White Shirt,index
34522,34522.jpg,F:\CEI\Celebal_Excellence_Internship\fashion-visual-search\data\subset\images\34522.jpg,Men,Footwear,Sandal,Sandals,Brown,Summer,2012.0,Casual,Red Tape Men Brown Sandals,index
9064,9064.jpg,F:\CEI\Celebal_Excellence_Internship\fashion-visual-search\data\subset\images\9064.jpg,Men,Apparel,Topwear,Shirts,Blue,Fall,2011.0,Formal,Mark Taylor Men Blue Striped Shirt,index
35382,35382.jpg,F:\CEI\Celebal_Excellence_Internship\fashion-visual-search\data\subset\images\35382.jpg,Boys,Footwear,Shoes,Casual Shoes,Grey,Summer,2012.0,Casual,Enroute Boys Grey Casual Shoes,index
5599,5599.jpg,F:\CEI\Celebal_Excellence_Internship\fashion-visual-search\data\subset\images\5599.jpg,Men,Footwear,Sandal,Sandals,Black,Summer,2011.0,Sports,Reebok Men's Trail Surpant Black Orange Shoe,index
5326,5326.jpg,F:\CEI\Celebal_Excellence_Internship\fashion-visual-search\data\subset\images\5326.jpg,Men,Footwear,Shoes,Casual Shoes,Brown,Summer,2011.0,Casual,Fila Men's Fitness Hiker Brown Shoe,index
38185,38185.jpg,F:\CEI\Celebal_Excellence_Internship\fashion-visual-search\data\subset\images\38185.jpg,Women,Accessories,Eyewear,Sunglasses,Gold,Winter,2016.0,Casual,Miami Blues Women Sunglasses,index
39737,39737.jpg,F:\CEI\Celebal_Excellence_Internship\fashion-visual-search\data\subset\images\39737.jpg,Men,Footwear,Sandal,Sandals,Black,Summer,2012.0,Casual,Arrow Men Black Sandals,index
6867,6867.jpg,F:\CEI\Celebal_Excellence_Internship\fashion-visual-search\data\subset\images\6867.jpg,Women,Apparel,Topwear,Shirts,Grey,Summer,2011.0,Casual,Forever New Women Light Brown & Grey Striped Shirt,index
27561,27561.jpg,F:\CEI\Celebal_Excellence_Internship\fashion-visual-search\data\subset\images\27561.jpg,Men,Apparel,Topwear,Shirts,Lavender,Summer,2012.0,Casual,Scullers Men Striped Lavender Shirt,index
7203,7203.jpg,F:\CEI\Celebal_Excellence_Internship\fashion-visual-search\data\subset\images\7203.jpg,Women,Apparel,Topwear,Tops,Blue,Fall,2011.0,Casual,Jealous 21 Women Lady With The Hat Blue Top,index
59965,59965.jpg,F:\CEI\Celebal_Excellence_Internship\fashion-visual-search\data\subset\images\59965.jpg,Women,Apparel,Dress,Dresses,Black,Fall,2012.0,Casual,Avirate Black Dress,index
36952,36952.jpg,F:\CEI\Celebal_Excellence_Internship\fashion-visual-search\data\subset\images\36952.jpg,Women,Footwear,Shoes,Casual Shoes,White,Summer,2012.0,Casual,Force 10 Women White Shoes,index
57039,57039.jpg,F:\CEI\Celebal_Excellence_Internship\fashion-visual-search\data\subset\images\57039.jpg,Women,Apparel,Dress,Dresses,Black,Summer,2012.0,Casual,Elle Women Black Dress,index
59356,59356.jpg,F:\CEI\Celebal_Excellence_Internship\fashion-visual-search\data\subset\images\59356.jpg,Women,Apparel,Topwear,Kurtas,Multi,Summer,2012.0,Ethnic,Vishudh Women Multi Coloured Kurta,index
41212,41212.jpg,F:\CEI\Celebal_Excellence_Internship\fashion-visual-search\data\subset\images\41212.jpg,Men,Footwear,Shoes,Casual Shoes,Brown,Summer,2012.0,Casual,Buckaroo Men Brown Casual Shoes,index
17319,17319.jpg,F:\CEI\Celebal_Excellence_Internship\fashion-visual-search\data\subset\images\17319.jpg,Women,Accessories,Eyewear,Sunglasses,Black,Winter,2016.0,Casual,Pepe Jeans Women Casual Sunglasses,index
38327,38327.jpg,F:\CEI\Celebal_Excellence_Internship\fashion-visual-search\data\subset\images\38327.jpg,Girls,Apparel,Topwear,Tops,Blue,Summer,2012.0,Casual,Hannah Montana Girls Blue Top,index
7450,7450.jpg,F:\CEI\Celebal_Excellence_Internship\fashion-visual-search\data\subset\images\7450.jpg,Men,Apparel,Topwear,Tshirts,Cream,Summer,2011.0,Casual,Proline Men Cream Striped Polo T-shirt,index
11801,11801.jpg,F:\CEI\Celebal_Excellence_Internship\fashion-visual-search\data\subset\images\11801.jpg,Women,Apparel,Topwear,Kurtas,Navy Blue,Fall,2011.0,Ethnic,Vishudh Women Navy Blue Kurta,index
16544,16544.jpg,F:\CEI\Celebal_Excellence_Internship\fashion-visual-search\data\subset\images\16544.jpg,Men,Apparel,Topwear,Shirts,White,Fall,2011.0,Casual,Basics Men White Slim Fit Checked Shirt,index
5171,5171.jpg,F:\CEI\Celebal_Excellence_Internship\fashion-visual-search\data\subset\images\5171.jpg,Women,Apparel,Topwear,Tops,Red,Summer,2011.0,Casual,Wrangler Women's Short Placket Red Tops,index
39233,39233.jpg,F:\CEI\Celebal_Excellence_Internship\fashion-visual-search\data\subset\images\39233.jpg,Women,Apparel,Dress,Dresses,Blue,Summer,2012.0,Casual,Femella Women Blue GGT Pannel Princess Dress,index
10156,10156.jpg,F:\CEI\Celebal_Excellence_Internship\fashion-visual-search\data\subset\images\10156.jpg,Men,Footwear,Shoes,Casual Shoes,Brown,Fall,2011.0,Casual,Rockport Men Sc Slip On Brown Casual Shoes,index
6366,6366.jpg,F:\CEI\Celebal_Excellence_Internship\fashion-visual-search\data\subset\images\6366.jpg,Unisex,Footwear,Sandal,Sandals,Brown,Summer,2011.0,Casual,Crocs Kids Unisex Basic Clog Khaki Floater,index
34592,34592.jpg,F:\CEI\Celebal_Excellence_Internship\fashion-visual-search\data\subset\images\34592.jpg,Women,Apparel,Dress,Dresses,Black,Summer,2012.0,Casual,Tonga Women Printed Black Dress,index
20707,20707.jpg,F:\CEI\Celebal_Excellence_Internship\fashion-visual-search\data\subset\images\20707.jpg,Men,Footwear,Shoes,Casual Shoes,Black,Winter,2012.0,Casual,Buckaroo Men Melania Black Casual Shoes,index
14101,14101.jpg,F:\CEI\Celebal_Excellence_Internship\fashion-visual-search\data\subset\images\14101.jpg,Men,Apparel,Topwear,Tshirts,White,Fall,2011.0,Casual,Flying Machine Men Printed White Tshirts,index
12350,12350.jpg,F:\CEI\Celebal_Excellence_Internship\fashion-visual-search\data\subset\images\12350.jpg,Men,Apparel,Topwear,Shirts,Pink,Fall,2011.0,Formal,Reid & Taylor Men Pink Striped Shirt,index
11442,11442.jpg,F:\CEI\Celebal_Excellence_Internship\fashion-visual-search\data\subset\images\11442.jpg,Women,Apparel,Topwear,Tops,Purple,Fall,2011.0,Casual,United Colors of Benetton Women Light Winter Purple Tops,index
33152,33152.jpg,F:\CEI\Celebal_Excellence_Internship\fashion-visual-search\data\subset\images\33152.jpg,Girls,Apparel,Topwear,Tops,Green,Summer,2012.0,Casual,Gini and Jony Girls Printed Green Top,index
9208,9208.jpg,F:\CEI\Celebal_Excellence_Internship\fashion-visual-search\data\subset\images\9208.jpg,Men,Footwear,Shoes,Casual Shoes,Black,Fall,2011.0,Casual,Puma Men Ean-13 Black Casual Shoes,index
11045,11045.jpg,F:\CEI\Celebal_Excellence_Internship\fashion-visual-search\data\subset\images\11045.jpg,Men,Apparel,Topwear,Shirts,White,Fall,2011.0,Casual,Scullers Men Check White Shirts,index
17757,17757.jpg,F:\CEI\Celebal_Excellence_Internship\fashion-visual-search\data\subset\images\17757.jpg,Men,Footwear,Shoes,Casual Shoes,Brown,Winter,2012.0,Casual,Buckaroo Men New Gemma Brown Casual Shoe,index
57524,57524.jpg,F:\CEI\Celebal_Excellence_Internship\fashion-visual-search\data\subset\images\57524.jpg,Men,Footwear,Shoes,Casual Shoes,Black,Fall,2012.0,Casual,Provogue Men Black Casual Shoes,index
58372,58372.jpg,F:\CEI\Celebal_Excellence_Internship\fashion-visual-search\data\subset\images\58372.jpg,Men,Apparel,Topwear,Tshirts,Beige,Summer,2012.0,Casual,Locomotive Men Beige T-shirt,index
29884,29884.jpg,F:\CEI\Celebal_Excellence_Internship\fashion-visual-search\data\subset\images\29884.jpg,Women,Accessories,Eyewear,Sunglasses,Purple,Winter,2016.0,Casual,Mayhem Women Sunglasses Mays 1018-104,index
23781,23781.jpg,F:\CEI\Celebal_Excellence_Internship\fashion-visual-search\data\subset\images\23781.jpg,Men,Accessories,Eyewear,Sunglasses,White,Winter,2016.0,Casual,Oakley Men Holbrook White Sunglasses,index
25312,25312.jpg,F:\CEI\Celebal_Excellence_Internship\fashion-visual-search\data\subset\images\25312.jpg,Men,Accessories,Watches,Watches,Black,Summer,2017.0,Casual,Casio Outdoor Men Black Analogue-Digital Watches (AD164) SGW-400H-1BVDR,index
31826,31826.jpg,F:\CEI\Celebal_Excellence_Internship\fashion-visual-search\data\subset\images\31826.jpg,Men,Accessories,Watches,Watches,Silver,Winter,2016.0,Casual,Titan Men White Dial Watch,index
46846,46846.jpg,F:\CEI\Celebal_Excellence_Internship\fashion-visual-search\data\subset\images\46846.jpg,Girls,Footwear,Sandal,Sandals,Purple,Winter,2012.0,Casual,Barbie Purple Girls Slippers,index
31124,31124.jpg,F:\CEI\Celebal_Excellence_Internship\fashion-visual-search\data\subset\images\31124.jpg,Girls,Apparel,Dress,Dresses,Magenta,Summer,2012.0,Casual,Gini and Jony Girls Pink Dress,index
22184,22184.jpg,F:\CEI\Celebal_Excellence_Internship\fashion-visual-search\data\subset\images\22184.jpg,Men,Footwear,Shoes,Casual Shoes,Tan,Fall,2012.0,Casual,Timberland Men Tan Casual Shoes,index
42428,42428.jpg,F:\CEI\Celebal_Excellence_Internship\fashion-visual-search\data\subset\images\42428.jpg,Women,Apparel,Topwear,Kurtas,Brown,Summer,2012.0,Ethnic,Aurelia Women Brown & Orange Kurta,index
39771,39771.jpg,F:\CEI\Celebal_Excellence_Internship\fashion-visual-search\data\subset\images\39771.jpg,Men,Apparel,Topwear,Shirts,White,Summer,2012.0,Casual,Peter England Men Multi Coloured Casual Shirt,index
15862,15862.jpg,F:\CEI\Celebal_Excellence_Internship\fashion-visual-search\data\subset\images\15862.jpg,Unisex,Footwear,Sandal,Sandals,Blue,Fall,2012.0,Casual,Warner Bros Kids Unisex SD Face Sandal Blue Sandals,index
4110,4110.jpg,F:\CEI\Celebal_Excellence_Internship\fashion-visual-search\data\subset\images\4110.jpg,Men,Footwear,Sandal,Sandals,Green,Summer,2011.0,Casual,Fila Men Obsidian Olive Sandal,index
3695,3695.jpg,F:\CEI\Celebal_Excellence_Internship\fashion-visual-search\data\subset\images\3695.jpg,Men,Footwear,Shoes,Casual Shoes,White,Summer,2011.0,Casual,Lotto Men's Rio Velcro White Indigo Shoe,index
43920,43920.jpg,F:\CEI\Celebal_Excellence_Internship\fashion-visual-search\data\subset\images\43920.jpg,Women,Apparel,Dress,Dresses,Cream,Summer,2012.0,Casual,Femella Women Cream Printed Dress,index
17453,17453.jpg,F:\CEI\Celebal_Excellence_Internship\fashion-visual-search\data\subset\images\17453.jpg,Men,Accessories,Watches,Watches,Black,Winter,2016.0,Casual,Casio Enticer Men Black Multi-Dial Analogue Watch MTP-1191A-1ADF(A170),index
4026,4026.jpg,F:\CEI\Celebal_Excellence_Internship\fashion-visual-search\data\subset\images\4026.jpg,Men,Footwear,Shoes,Casual Shoes,Black,Summer,2011.0,Casual,ADIDAS Men's Kestrel Black White Shoe,index
4853,4853.jpg,F:\CEI\Celebal_Excellence_Internship\fashion-visual-search\data\subset\images\4853.jpg,Unisex,Footwear,Shoes,Casual Shoes,Black,Summer,2011.0,Casual,Newfeel Unisex Black & Grey Shoes,index
33886,33886.jpg,F:\CEI\Celebal_Excellence_Internship\fashion-visual-search\data\subset\images\33886.jpg,Men,Accessories,Watches,Watches,Silver,Winter,2016.0,Casual,Citizen Men White Dial Eco-Drive Watch,index
16117,16117.jpg,F:\CEI\Celebal_Excellence_Internship\fashion-visual-search\data\subset\images\16117.jpg,Men,Footwear,Sandal,Sandals,Black,Fall,2011.0,Casual,Numero Uno Men Casual Black Slipper,index
53999,53999.jpg,F:\CEI\Celebal_Excellence_Internship\fashion-visual-search\data\subset\images\53999.jpg,Women,Accessories,Bags,Handbags,Black,Summer,2012.0,Casual,Kiara Women Black Handbag,index
40373,40373.jpg,F:\CEI\Celebal_Excellence_Internship\fashion-visual-search\data\subset\images\40373.jpg,Women,Apparel,Topwear,Tops,White,Summer,2012.0,Casual,Tokyo Talkies Women White Top,index
8614,8614.jpg,F:\CEI\Celebal_Excellence_Internship\fashion-visual-search\data\subset\images\8614.jpg,Unisex,Accessories,Eyewear,Sunglasses,Brown,Winter,2016.0,Casual,Fastrack Unisex Brown Gradient Sunglasses,index
10810,10810.jpg,F:\CEI\Celebal_Excellence_Internship\fashion-visual-search\data\subset\images\10810.jpg,Men,Apparel,Topwear,Shirts,Blue,Fall,2011.0,Casual,Wrangler Men Mark Rodeo Riveted Blue Shirts,index
29446,29446.jpg,F:\CEI\Celebal_Excellence_Internship\fashion-visual-search\data\subset\images\29446.jpg,Men,Accessories,Watches,Watches,Black,Winter,2016.0,Casual,Giordano Men Black Dial Watch,index
59795,59795.jpg,F:\CEI\Celebal_Excellence_Internship\fashion-visual-search\data\subset\images\59795.jpg,Women,Apparel,Dress,Dresses,Blue,Fall,2012.0,Casual,United Colors of Benetton Women Blue Dress,index
26516,26516.jpg,F:\CEI\Celebal_Excellence_Internship\fashion-visual-search\data\subset\images\26516.jpg,Men,Apparel,Topwear,Shirts,Navy Blue,Spring,2012.0,Casual,Arrow Sport Men Navy Blue Check Shirt,index
16879,16879.jpg,F:\CEI\Celebal_Excellence_Internship\fashion-visual-search\data\subset\images\16879.jpg,Unisex,Accessories,Eyewear,Sunglasses,Black,Winter,2016.0,Casual,Police Unisex Casual Black Sunglasses,index
28382,28382.jpg,F:\CEI\Celebal_Excellence_Internship\fashion-visual-search\data\subset\images\28382.jpg,Men,Accessories,Eyewear,Sunglasses,Brown,Winter,2016.0,Casual,I Dee Men Brown Sunglasses,index
20152,20152.jpg,F:\CEI\Celebal_Excellence_Internship\fashion-visual-search\data\subset\images\20152.jpg,Men,Apparel,Topwear,Shirts,Red,Fall,2011.0,Casual,Wrangler Men Willy Rodeo Red Shirt,index
7206,7206.jpg,F:\CEI\Celebal_Excellence_Internship\fashion-visual-search\data\subset\images\7206.jpg,Women,Apparel,Topwear,Tops,White,Fall,2011.0,Casual,Jealous 21 Women's Pink Flowers Offwhite Top,index
38674,38674.jpg,F:\CEI\Celebal_Excellence_Internship\fashion-visual-search\data\subset\images\38674.jpg,Men,Footwear,Shoes,Sports Shoes,White,Summer,2012.0,Sports,Nike Men Dual Fusion White Sports Shoes,index
25325,25325.jpg,F:\CEI\Celebal_Excellence_Internship\fashion-visual-search\data\subset\images\25325.jpg,Men,Accessories,Watches,Watches,Black,Summer,2017.0,Casual,Casio Edifice Men Multi-Dial Watch EF-334D-1AVDF(ED420),index
7837,7837.jpg,F:\CEI\Celebal_Excellence_Internship\fashion-visual-search\data\subset\images\7837.jpg,Men,Apparel,Topwear,Tshirts,Purple,Fall,2011.0,Casual,Proline Men Purple T-shirt,index
28417,28417.jpg,F:\CEI\Celebal_Excellence_Internship\fashion-visual-search\data\subset\images\28417.jpg,Men,Accessories,Eyewear,Sunglasses,Copper,Winter,2016.0,Casual,Idee Men Copper Sunglasses,index
29167,29167.jpg,F:\CEI\Celebal_Excellence_Internship\fashion-visual-search\data\subset\images\29167.jpg,Girls,Apparel,Dress,Dresses,Red,Summer,2012.0,Casual,United Colors of Benetton Girls Red Polka Dot Dress,index
41519,41519.jpg,F:\CEI\Celebal_Excellence_Internship\fashion-visual-search\data\subset\images\41519.jpg,Men,Accessories,Eyewear,Sunglasses,Green,Winter,2016.0,Casual,Basics Men Aviator Sunglasses,index
5763,5763.jpg,F:\CEI\Celebal_Excellence_Internship\fashion-visual-search\data\subset\images\5763.jpg,Women,Apparel,Topwear,Tops,Brown,Summer,2011.0,Casual,Jealous 21 Women Brown Sequined Top,index
24100,24100.jpg,F:\CEI\Celebal_Excellence_Internship\fashion-visual-search\data\subset\images\24100.jpg,Men,Footwear,Sandal,Sandals,Brown,Summer,2012.0,Casual,Red Tape Men Brown Casual Sandals,index
53620,53620.jpg,F:\CEI\Celebal_Excellence_Internship\fashion-visual-search\data\subset\images\53620.jpg,Unisex,Accessories,Watches,Watches,White,Winter,2016.0,Casual,Q&Q Unisex White Digital Watch,index
37938,37938.jpg,F:\CEI\Celebal_Excellence_Internship\fashion-visual-search\data\subset\images\37938.jpg,Women,Apparel,Dress,Dresses,Green,Summer,2012.0,Casual,Mineral Women Green Dress,index
29184,29184.jpg,F:\CEI\Celebal_Excellence_Internship\fashion-visual-search\data\subset\images\29184.jpg,Men,Apparel,Topwear,Shirts,Blue,Summer,2012.0,Casual,United Colors of Benetton Men Blue Shirt,index
43633,43633.jpg,F:\CEI\Celebal_Excellence_Internship\fashion-visual-search\data\subset\images\43633.jpg,Women,Apparel,Dress,Dresses,Red,Summer,2012.0,Casual,Vero Moda Women Coral Coloured Dress,index
58928,58928.jpg,F:\CEI\Celebal_Excellence_Internship\fashion-visual-search\data\subset\images\58928.jpg,Women,Accessories,Bags,Handbags,Olive,Summer,2010.0,Casual,Ivory Tag Olive Dip Sling Bag,index
7847,7847.jpg,F:\CEI\Celebal_Excellence_Internship\fashion-visual-search\data\subset\images\7847.jpg,Men,Apparel,Topwear,Tshirts,Black,Fall,2011.0,Casual,Proline Men Black Round Neck T-shirt,index
30766,30766.jpg,F:\CEI\Celebal_Excellence_Internship\fashion-visual-search\data\subset\images\30766.jpg,Men,Apparel,Topwear,Kurtas,Blue,Summer,2012.0,Ethnic,Fabindia Men Blue Matka Silk Kurta,index
22744,22744.jpg,F:\CEI\Celebal_Excellence_Internship\fashion-visual-search\data\subset\images\22744.jpg,Women,Apparel,Topwear,Kurtas,Navy Blue,Fall,2011.0,Ethnic,BIBA Women Solid Navy Blue Green Kurta,index
42200,42200.jpg,F:\CEI\Celebal_Excellence_Internship\fashion-visual-search\data\subset\images\42200.jpg,Women,Apparel,Topwear,Tops,Yellow,Summer,2012.0,Casual,Sepia Women Yellow Top,index
49663,49663.jpg,F:\CEI\Celebal_Excellence_Internship\fashion-visual-search\data\subset\images\49663.jpg,Men,Accessories,Eyewear,Sunglasses,Black,Winter,2016.0,Casual,United Colors of Benetton Men Sunglass,index
43874,43874.jpg,F:\CEI\Celebal_Excellence_Internship\fashion-visual-search\data\subset\images\43874.jpg,Men,Footwear,Shoes,Casual Shoes,White,Summer,2010.0,Casual,Puma Men White Mid Ducati Shoes,index
42842,42842.jpg,F:\CEI\Celebal_Excellence_Internship\fashion-visual-search\data\subset\images\42842.jpg,Women,Accessories,Bags,Handbags,Brown,Summer,2012.0,Casual,French Connection Women Black Handbag,index
6572,6572.jpg,F:\CEI\Celebal_Excellence_Internship\fashion-visual-search\data\subset\images\6572.jpg,Men,Apparel,Topwear,Tshirts,Black,Summer,2011.0,Sports,Nike Men's Challenger Logo Black T-shirt,index
17036,17036.jpg,F:\CEI\Celebal_Excellence_Internship\fashion-visual-search\data\subset\images\17036.jpg,Men,Footwear,Shoes,Casual Shoes,White,Summer,2013.0,Casual,Gas Men Caddy Casual Shoe,index
43410,43410.jpg,F:\CEI\Celebal_Excellence_Internship\fashion-visual-search\data\subset\images\43410.jpg,Men,Apparel,Topwear,Shirts,Purple,Summer,2012.0,Formal,Scullers Men Purple Shirt,index
39222,39222.jpg,F:\CEI\Celebal_Excellence_Internship\fashion-visual-search\data\subset\images\39222.jpg,Women,Apparel,Topwear,Tops,Black,Summer,2012.0,Casual,Femella Women Front Ruffle Black Top,index
39780,39780.jpg,F:\CEI\Celebal_Excellence_Internship\fashion-visual-search\data\subset\images\39780.jpg,Men,Apparel,Topwear,Shirts,Yellow,Summer,2012.0,Casual,Peter England Men Yellow Casual Shirts,index
44867,44867.jpg,F:\CEI\Celebal_Excellence_Internship\fashion-visual-search\data\subset\images\44867.jpg,Men,Apparel,Topwear,Tshirts,Green,Summer,2012.0,Casual,Puma Men Green Graphic Story T-shirt,index
28834,28834.jpg,F:\CEI\Celebal_Excellence_Internship\fashion-visual-search\data\subset\images\28834.jpg,Women,Apparel,Topwear,Kurtas,Multi,Summer,2012.0,Ethnic,Biba Women Printed Multi Coloured Kurta,index
5869,5869.jpg,F:\CEI\Celebal_Excellence_Internship\fashion-visual-search\data\subset\images\5869.jpg,Women,Apparel,Topwear,Tops,Yellow,Summer,2011.0,Casual,ADIDAS Women's Clean Yellow Top,index
20689,20689.jpg,F:\CEI\Celebal_Excellence_Internship\fashion-visual-search\data\subset\images\20689.jpg,Men,Footwear,Shoes,Casual Shoes,Brown,Winter,2011.0,Casual,Buckaroo Men Mirar Brown Casual Shoes,index
37480,37480.jpg,F:\CEI\Celebal_Excellence_Internship\fashion-visual-search\data\subset\images\37480.jpg,Women,Accessories,Watches,Watches,White,Winter,2016.0,Casual,Esprit Women White Watch,index
43691,43691.jpg,F:\CEI\Celebal_Excellence_Internship\fashion-visual-search\data\subset\images\43691.jpg,Girls,Apparel,Topwear,Tops,Yellow,Summer,2012.0,Casual,Doodle Girls Printed Yellow Top,index
22186,22186.jpg,F:\CEI\Celebal_Excellence_Internship\fashion-visual-search\data\subset\images\22186.jpg,Men,Footwear,Shoes,Casual Shoes,Brown,Fall,2012.0,Casual,Timberland Men Brown Casual Shoes,index
17426,17426.jpg,F:\CEI\Celebal_Excellence_Internship\fashion-visual-search\data\subset\images\17426.jpg,Men,Accessories,Watches,Watches,White,Winter,2016.0,Casual,CASIO Edifice Men White Dial Watch ED309,index
36036,36036.jpg,F:\CEI\Celebal_Excellence_Internship\fashion-visual-search\data\subset\images\36036.jpg,Unisex,Accessories,Bags,Handbags,Mustard,Summer,2012.0,Casual,OTLS Unisex Mustard Brown Bag,index
59015,59015.jpg,F:\CEI\Celebal_Excellence_Internship\fashion-visual-search\data\subset\images\59015.jpg,Men,Footwear,Shoes,Sports Shoes,Grey,Summer,2012.0,Sports,Skechers Men Grey Sports Shoes,index
8340,8340.jpg,F:\CEI\Celebal_Excellence_Internship\fashion-visual-search\data\subset\images\8340.jpg,Boys,Apparel,Topwear,Tshirts,Black,Fall,2011.0,Casual,Doodle Boy's Volleyball Champion Black White Kidswear,index
28348,28348.jpg,F:\CEI\Celebal_Excellence_Internship\fashion-visual-search\data\subset\images\28348.jpg,Men,Accessories,Eyewear,Sunglasses,Green,Winter,2016.0,Casual,I Dee Men Sunglasses,index
46117,46117.jpg,F:\CEI\Celebal_Excellence_Internship\fashion-visual-search\data\subset\images\46117.jpg,Unisex,Footwear,Shoes,Casual Shoes,Red,Summer,2012.0,Casual,ADIDAS Unisex Red Neo Shell Comic Shoes,index
17585,17585.jpg,F:\CEI\Celebal_Excellence_Internship\fashion-visual-search\data\subset\images\17585.jpg,Men,Accessories,Eyewear,Sunglasses,Black,Summer,2017.0,Sports,Speedo Men Funky Eyewear Black Sunglasses,index
56655,56655.jpg,F:\CEI\Celebal_Excellence_Internship\fashion-visual-search\data\subset\images\56655.jpg,Men,Footwear,Shoes,Casual Shoes,Blue,Summer,2012.0,Casual,United Colors of Benetton Men Blue Shoes,index
43498,43498.jpg,F:\CEI\Celebal_Excellence_Internship\fashion-visual-search\data\subset\images\43498.jpg,Men,Apparel,Topwear,Tshirts,Grey Melange,Summer,2012.0,Casual,French Connection Men Grey Melange T-shirt,index
58682,58682.jpg,F:\CEI\Celebal_Excellence_Internship\fashion-visual-search\data\subset\images\58682.jpg,Women,Apparel,Topwear,Kurtas,Pink,Summer,2012.0,Ethnic,ALayna Women Brownish Pink  Kurta,index
25645,25645.jpg,F:\CEI\Celebal_Excellence_Internship\fashion-visual-search\data\subset\images\25645.jpg,Men,Accessories,Watches,Watches,Black,Winter,2016.0,Casual,Fastrack Men Black Casual Watch,index
14623,14623.jpg,F:\CEI\Celebal_Excellence_Internship\fashion-visual-search\data\subset\images\14623.jpg,Men,Apparel,Topwear,Shirts,Grey,Fall,2011.0,Casual,United Colors of Benetton Men Check Grey Shirts,index
54586,54586.jpg,F:\CEI\Celebal_Excellence_Internship\fashion-visual-search\data\subset\images\54586.jpg,Women,Apparel,Topwear,Kurtas,Green,Summer,2012.0,Ethnic,Sushilas Women Printed Green Kurta,index
39227,39227.jpg,F:\CEI\Celebal_Excellence_Internship\fashion-visual-search\data\subset\images\39227.jpg,Women,Apparel,Dress,Dresses,Purple,Summer,2012.0,Casual,Femella Women Purple Tiered Dress,index
35671,35671.jpg,F:\CEI\Celebal_Excellence_Internship\fashion-visual-search\data\subset\images\35671.jpg,Men,Footwear,Shoes,Casual Shoes,Blue,Spring,2013.0,Casual,U.S. Polo Assn. Men Blue Boat Shoes,index
40587,40587.jpg,F:\CEI\Celebal_Excellence_Internship\fashion-visual-search\data\subset\images\40587.jpg,Women,Apparel,Topwear,Kurtas,Brown,Summer,2012.0,Ethnic,Aurelia Women Brown Kurta,index
7710,7710.jpg,F:\CEI\Celebal_Excellence_Internship\fashion-visual-search\data\subset\images\7710.jpg,Men,Footwear,Shoes,Casual Shoes,Blue,Fall,2011.0,Casual,Puma Men's Bluebird Blue Yellow Shoe,index
45924,45924.jpg,F:\CEI\Celebal_Excellence_Internship\fashion-visual-search\data\subset\images\45924.jpg,Women,Accessories,Watches,Watches,Blue,Winter,2016.0,Casual,Maxima Women Blue Dial Watch,index
41790,41790.jpg,F:\CEI\Celebal_Excellence_Internship\fashion-visual-search\data\subset\images\41790.jpg,Women,Apparel,Topwear,Tops,Magenta,Summer,2012.0,Casual,Remanika Women Magenta Top,index
11933,11933.jpg,F:\CEI\Celebal_Excellence_Internship\fashion-visual-search\data\subset\images\11933.jpg,Women,Footwear,Shoes,Sports Shoes,Grey,Fall,2011.0,Sports,Skechers Women Sports Grey Sports Shoes,index
22736,22736.jpg,F:\CEI\Celebal_Excellence_Internship\fashion-visual-search\data\subset\images\22736.jpg,Men,Footwear,Shoes,Sports Shoes,White,Fall,2011.0,Sports,Nike Men T90 Exacto White Sports Shoes,index
28321,28321.jpg,F:\CEI\Celebal_Excellence_Internship\fashion-visual-search\data\subset\images\28321.jpg,Men,Footwear,Sandal,Sandals,Black,Winter,2018.0,Casual,Red Tape Men Casual Black Sandals,index
43349,43349.jpg,F:\CEI\Celebal_Excellence_Internship\fashion-visual-search\data\subset\images\43349.jpg,Men,Footwear,Shoes,Sports Shoes,Black,Summer,2012.0,Sports,Reebok Men Black Premier Zigfly Nano Sports Shoes,index
14922,14922.jpg,F:\CEI\Celebal_Excellence_Internship\fashion-visual-search\data\subset\images\14922.jpg,Men,Apparel,Topwear,Tshirts,Blue,Fall,2011.0,Casual,Mr. Men Men Sleep Placid Blue Tshirts,index
7304,7304.jpg,F:\CEI\Celebal_Excellence_Internship\fashion-visual-search\data\subset\images\7304.jpg,Women,Apparel,Topwear,Tops,Pink,Summer,2011.0,Casual,UCB Women's Short Sleeve Pink Top,index
14560,14560.jpg,F:\CEI\Celebal_Excellence_Internship\fashion-visual-search\data\subset\images\14560.jpg,Men,Footwear,Shoes,Casual Shoes,Black,Spring,2012.0,Casual,Vans Men Era Black Casual Shoes,index
39820,39820.jpg,F:\CEI\Celebal_Excellence_Internship\fashion-visual-search\data\subset\images\39820.jpg,Men,Footwear,Sandal,Sandals,Black,Summer,2012.0,Casual,Red Tape Men Black Sandals,index
19087,19087.jpg,F:\CEI\Celebal_Excellence_Internship\fashion-visual-search\data\subset\images\19087.jpg,Women,Apparel,Topwear,Kurtas,Off White,Fall,2011.0,Ethnic,W Women Gathered Design Off White Kurta,index
16891,16891.jpg,F:\CEI\Celebal_Excellence_Internship\fashion-visual-search\data\subset\images\16891.jpg,Men,Accessories,Eyewear,Sunglasses,Black,Winter,2016.0,Casual,Police Men Casual Black Sunglasses,index
33649,33649.jpg,F:\CEI\Celebal_Excellence_Internship\fashion-visual-search\data\subset\images\33649.jpg,Men,Footwear,Sandal,Sandals,Black,Summer,2012.0,Casual,Lotto Men Stride Black Sandals,index
8707,8707.jpg,F:\CEI\Celebal_Excellence_Internship\fashion-visual-search\data\subset\images\8707.jpg,Unisex,Accessories,Eyewear,Sunglasses,Black,Winter,2016.0,Casual,Fastrack Unisex Black Sunglasses,index
25208,25208.jpg,F:\CEI\Celebal_Excellence_Internship\fashion-visual-search\data\subset\images\25208.jpg,Women,Accessories,Bags,Handbags,Grey,Winter,2015.0,Casual,Lino Perros Women Leatherette Grey Handbag,index
4780,4780.jpg,F:\CEI\Celebal_Excellence_Internship\fashion-visual-search\data\subset\images\4780.jpg,Women,Apparel,Topwear,Tshirts,Pink,Summer,2011.0,Sports,ADIDAS Women's Balance Pink T-shirt,index
22943,22943.jpg,F:\CEI\Celebal_Excellence_Internship\fashion-visual-search\data\subset\images\22943.jpg,Unisex,Accessories,Watches,Watches,Blue,Winter,2016.0,Casual,Fastrack Unisex Blue Dial Watch 9915PP01,index
30556,30556.jpg,F:\CEI\Celebal_Excellence_Internship\fashion-visual-search\data\subset\images\30556.jpg,Men,Accessories,Eyewear,Sunglasses,Black,Winter,2016.0,Casual,Opium Men Sports Black Sunglasses,index
6610,6610.jpg,F:\CEI\Celebal_Excellence_Internship\fashion-visual-search\data\subset\images\6610.jpg,Men,Apparel,Topwear,Tshirts,White,Summer,2011.0,Casual,Spykar Men's Stinger Basket Ball Team White Blue Stripes T-shirt,index
16972,16972.jpg,F:\CEI\Celebal_Excellence_Internship\fashion-visual-search\data\subset\images\16972.jpg,Men,Footwear,Sandal,Sandals,Black,Fall,2011.0,Casual,Puma Men Cooper Black Sandal,index
5349,5349.jpg,F:\CEI\Celebal_Excellence_Internship\fashion-visual-search\data\subset\images\5349.jpg,Men,Footwear,Shoes,Sports Shoes,White,Fall,2011.0,Sports,Artengo 522 C Men Whit Blue 09,index
47676,47676.jpg,F:\CEI\Celebal_Excellence_Internship\fashion-visual-search\data\subset\images\47676.jpg,Women,Apparel,Dress,Dresses,Black,Summer,2012.0,Casual,Femella Women Black Animal Print Dress,index
6399,6399.jpg,F:\CEI\Celebal_Excellence_Internship\fashion-visual-search\data\subset\images\6399.jpg,Men,Footwear,Sandal,Sandals,Black,Summer,2011.0,Casual,Lotto Men Rebel Black Grey Floater,index
34588,34588.jpg,F:\CEI\Celebal_Excellence_Internship\fashion-visual-search\data\subset\images\34588.jpg,Women,Apparel,Dress,Dresses,Cream,Summer,2012.0,Casual,Tonga Women Cream Dress,index
16878,16878.jpg,F:\CEI\Celebal_Excellence_Internship\fashion-visual-search\data\subset\images\16878.jpg,Unisex,Accessories,Eyewear,Sunglasses,Black,Winter,2016.0,Casual,Police Unisex Casual Black Sunglasses,index
3696,3696.jpg,F:\CEI\Celebal_Excellence_Internship\fashion-visual-search\data\subset\images\3696.jpg,Men,Footwear,Shoes,Casual Shoes,Black,Summer,2011.0,Casual,Lotto Men's Rio Velcro Black Shoe,index
29724,29724.jpg,F:\CEI\Celebal_Excellence_Internship\fashion-visual-search\data\subset\images\29724.jpg,Women,Accessories,Bags,Handbags,Peach,Summer,2012.0,Casual,Kiara Women Leatherette Peach Handbag,index
38830,38830.jpg,F:\CEI\Celebal_Excellence_Internship\fashion-visual-search\data\subset\images\38830.jpg,Women,Apparel,Dress,Dresses,Navy Blue,Summer,2012.0,Casual,Latin Quarters Women Navy Blue Printed Dress,index
8648,8648.jpg,F:\CEI\Celebal_Excellence_Internship\fashion-visual-search\data\subset\images\8648.jpg,Unisex,Accessories,Eyewear,Sunglasses,Black,Winter,2016.0,Casual,Fastrack Unisex Bikers Black Sunglasses,index
29738,29738.jpg,F:\CEI\Celebal_Excellence_Internship\fashion-visual-search\data\subset\images\29738.jpg,Women,Accessories,Bags,Handbags,Teal,Summer,2012.0,Casual,Kiara Women Teal Handbag,index
11439,11439.jpg,F:\CEI\Celebal_Excellence_Internship\fashion-visual-search\data\subset\images\11439.jpg,Women,Apparel,Topwear,Tops,Navy Blue,Fall,2011.0,Casual,United Colors of Benetton Women Solid Navy Blue Top,index
17229,17229.jpg,F:\CEI\Celebal_Excellence_Internship\fashion-visual-search\data\subset\images\17229.jpg,Men,Accessories,Eyewear,Sunglasses,Blue,Winter,2016.0,Casual,United Colors of Benetton Men Funky Eyewear Blue Sunglasses,index
11946,11946.jpg,F:\CEI\Celebal_Excellence_Internship\fashion-visual-search\data\subset\images\11946.jpg,Men,Footwear,Sandal,Sandals,Brown,Summer,2012.0,Casual,Ganuchi Men Casual Brown Sandals,index
36995,36995.jpg,F:\CEI\Celebal_Excellence_Internship\fashion-visual-search\data\subset\images\36995.jpg,Women,Accessories,Bags,Handbags,Red,Summer,2012.0,Casual,Lino Perros Women Red Handbag,index
29242,29242.jpg,F:\CEI\Celebal_Excellence_Internship\fashion-visual-search\data\subset\images\29242.jpg,Men,Footwear,Sandal,Sandals,Black,Spring,2013.0,Casual,ADIDAS Men Zephyral Black Sandals,index
25705,25705.jpg,F:\CEI\Celebal_Excellence_Internship\fashion-visual-search\data\subset\images\25705.jpg,Women,Apparel,Topwear,Tops,Grey,Summer,2012.0,Casual,Mumbai Slang Women Printed Grey Top,index
10795,10795.jpg,F:\CEI\Celebal_Excellence_Internship\fashion-visual-search\data\subset\images\10795.jpg,Men,Apparel,Topwear,Shirts,Navy Blue,Fall,2011.0,Casual,Wrangler Men Warnick Square Block Navy Blue Shirts,index
5834,5834.jpg,F:\CEI\Celebal_Excellence_Internship\fashion-visual-search\data\subset\images\5834.jpg,Men,Apparel,Topwear,Tshirts,White,Summer,2011.0,Sports,Puma Men's Pop Graphic White T-shirt,index
42686,42686.jpg,F:\CEI\Celebal_Excellence_Internship\fashion-visual-search\data\subset\images\42686.jpg,Women,Apparel,Topwear,Kurtas,White,Summer,2012.0,Ethnic,Alma Women White Printed Kurta,index
58514,58514.jpg,F:\CEI\Celebal_Excellence_Internship\fashion-visual-search\data\subset\images\58514.jpg,Women,Apparel,Topwear,Tops,Grey,Summer,2012.0,Casual,Tonga Women Grey Top,index
25908,25908.jpg,F:\CEI\Celebal_Excellence_Internship\fashion-visual-search\data\subset\images\25908.jpg,Women,Apparel,Dress,Dresses,Red,Summer,2012.0,Casual,Femella Women Red Dress,index
8450,8450.jpg,F:\CEI\Celebal_Excellence_Internship\fashion-visual-search\data\subset\images\8450.jpg,Women,Apparel,Topwear,Tops,Peach,Fall,2011.0,Casual,Jealous 21 Women Jealous Paris Black Top Black Tops,index
21494,21494.jpg,F:\CEI\Celebal_Excellence_Internship\fashion-visual-search\data\subset\images\21494.jpg,Women,Accessories,Bags,Handbags,Black,Winter,2015.0,Casual,Kiara Women Steel Strap Black Handbag,index
2707,2707.jpg,F:\CEI\Celebal_Excellence_Internship\fashion-visual-search\data\subset\images\2707.jpg,Girls,Apparel,Dress,Dresses,Pink,Summer,2011.0,Casual,Disney Kids Girl's Dress Pink Pooh Kidswear,index
28395,28395.jpg,F:\CEI\Celebal_Excellence_Internship\fashion-visual-search\data\subset\images\28395.jpg,Women,Accessories,Eyewear,Sunglasses,Black,Winter,2016.0,Casual,Idee Women Black Sunglasses,index
46393,46393.jpg,F:\CEI\Celebal_Excellence_Internship\fashion-visual-search\data\subset\images\46393.jpg,Men,Apparel,Topwear,Shirts,Olive,Summer,2012.0,Casual,ADIDAS Men Olive Shirt,index
26927,26927.jpg,F:\CEI\Celebal_Excellence_Internship\fashion-visual-search\data\subset\images\26927.jpg,Women,Apparel,Dress,Dresses,Black,Summer,2012.0,Casual,Jealous 21 Women Black Dress,index
41786,41786.jpg,F:\CEI\Celebal_Excellence_Internship\fashion-visual-search\data\subset\images\41786.jpg,Women,Apparel,Dress,Dresses,Black,Summer,2012.0,Casual,Remanika Women Black Dress,index
29963,29963.jpg,F:\CEI\Celebal_Excellence_Internship\fashion-visual-search\data\subset\images\29963.jpg,Men,Accessories,Eyewear,Sunglasses,Grey,Winter,2016.0,Casual,Cat Men Sheet Sunglasses,index
18273,18273.jpg,F:\CEI\Celebal_Excellence_Internship\fashion-visual-search\data\subset\images\18273.jpg,Women,Apparel,Topwear,Kurtas,Blue,Fall,2011.0,Ethnic,Aneri Women Niti Blue Kurta,index
3926,3926.jpg,F:\CEI\Celebal_Excellence_Internship\fashion-visual-search\data\subset\images\3926.jpg,Men,Apparel,Topwear,Tshirts,Blue,Summer,2011.0,Casual,Wrangler Men's Wanderer's Dream Sky T-shirt,index
33201,33201.jpg,F:\CEI\Celebal_Excellence_Internship\fashion-visual-search\data\subset\images\33201.jpg,Women,Apparel,Dress,Dresses,Cream,Summer,2012.0,Casual,Sepia Women Cream Dress,index
12971,12971.jpg,F:\CEI\Celebal_Excellence_Internship\fashion-visual-search\data\subset\images\12971.jpg,Women,Footwear,Shoes,Sports Shoes,Black,Fall,2011.0,Sports,ADIDAS Women Core 50 Black Sports Shoes,index
49673,49673.jpg,F:\CEI\Celebal_Excellence_Internship\fashion-visual-search\data\subset\images\49673.jpg,Men,Accessories,Eyewear,Sunglasses,Steel,Winter,2016.0,Casual,United Colors of Benetton Men Sunglass,index
6708,6708.jpg,F:\CEI\Celebal_Excellence_Internship\fashion-visual-search\data\subset\images\6708.jpg,Men,Apparel,Topwear,Shirts,Yellow,Summer,2011.0,Casual,UCB Men Ben Logo At Chest Yellow Shirt,index
58002,58002.jpg,F:\CEI\Celebal_Excellence_Internship\fashion-visual-search\data\subset\images\58002.jpg,Women,Apparel,Dress,Dresses,Green,Fall,2012.0,Casual,Latin Quarters Women Green Printed Dress,index
10702,10702.jpg,F:\CEI\Celebal_Excellence_Internship\fashion-visual-search\data\subset\images\10702.jpg,Women,Accessories,Watches,Watches,Steel,Winter,2016.0,Casual,Esprit Women Lissomy Glam Silver Black Steel Watches,index
53843,53843.jpg,F:\CEI\Celebal_Excellence_Internship\fashion-visual-search\data\subset\images\53843.jpg,Women,Apparel,Topwear,Kurtas,White,Summer,2012.0,Ethnic,Vishudh Women Printed White Kurta,index
38539,38539.jpg,F:\CEI\Celebal_Excellence_Internship\fashion-visual-search\data\subset\images\38539.jpg,Men,Footwear,Shoes,Casual Shoes,Black,Summer,2012.0,Casual,Puma Men Black California Casual Shoes,index
32240,32240.jpg,F:\CEI\Celebal_Excellence_Internship\fashion-visual-search\data\subset\images\32240.jpg,Women,Apparel,Topwear,Kurtas,Blue,Summer,2012.0,Ethnic,Fabindia Women Blue Kurta,index
9498,9498.jpg,F:\CEI\Celebal_Excellence_Internship\fashion-visual-search\data\subset\images\9498.jpg,Men,Apparel,Topwear,Shirts,Pink,Fall,2011.0,Formal,John Miller Men Pink white black check Pink Shirts,index
12074,12074.jpg,F:\CEI\Celebal_Excellence_Internship\fashion-visual-search\data\subset\images\12074.jpg,Women,Apparel,Topwear,Kurtas,White,Fall,2011.0,Ethnic,W Women Printed White Kurtas,index
57996,57996.jpg,F:\CEI\Celebal_Excellence_Internship\fashion-visual-search\data\subset\images\57996.jpg,Women,Apparel,Dress,Dresses,Black,Fall,2012.0,Casual,Latin Quarters Women Black Dress,index
3729,3729.jpg,F:\CEI\Celebal_Excellence_Internship\fashion-visual-search\data\subset\images\3729.jpg,Unisex,Apparel,Topwear,Tshirts,Blue,Summer,2011.0,Sports,Mumbai Indians Kids Match Jersey,index
38212,38212.jpg,F:\CEI\Celebal_Excellence_Internship\fashion-visual-search\data\subset\images\38212.jpg,Men,Accessories,Eyewear,Sunglasses,Steel,Winter,2016.0,Casual,Polaroid Men Sunglasses,index
33630,33630.jpg,F:\CEI\Celebal_Excellence_Internship\fashion-visual-search\data\subset\images\33630.jpg,Women,Accessories,Bags,Handbags,Beige,Summer,2012.0,Casual,Lino Perros Women Beige Handbag,index
12950,12950.jpg,F:\CEI\Celebal_Excellence_Internship\fashion-visual-search\data\subset\images\12950.jpg,Men,Apparel,Topwear,Shirts,White,Fall,2011.0,Casual,Basics Men White Slim Fit Checked Shirt,index
26897,26897.jpg,F:\CEI\Celebal_Excellence_Internship\fashion-visual-search\data\subset\images\26897.jpg,Women,Apparel,Topwear,Tops,White,Summer,2012.0,Casual,Jealous 21 Women White Top,index
33039,33039.jpg,F:\CEI\Celebal_Excellence_Internship\fashion-visual-search\data\subset\images\33039.jpg,Women,Apparel,Topwear,Kurtas,Grey,Summer,2012.0,Ethnic,Mother Earth Women Printed Grey Kurta,index
3706,3706.jpg,F:\CEI\Celebal_Excellence_Internship\fashion-visual-search\data\subset\images\3706.jpg,Men,Apparel,Topwear,Tshirts,Grey,Summer,2011.0,Casual,Classic Polo Men's Grey Red & Brown Stripe T-shirt,index
12087,12087.jpg,F:\CEI\Celebal_Excellence_Internship\fashion-visual-search\data\subset\images\12087.jpg,Women,Apparel,Topwear,Kurtas,White,Fall,2011.0,Ethnic,W Women Printed White Kurtas,index
43678,43678.jpg,F:\CEI\Celebal_Excellence_Internship\fashion-visual-search\data\subset\images\43678.jpg,Women,Apparel,Dress,Dresses,White,Summer,2012.0,Casual,French Connection Women White Dress,index
52695,52695.jpg,F:\CEI\Celebal_Excellence_Internship\fashion-visual-search\data\subset\images\52695.jpg,Women,Accessories,Watches,Watches,White,Winter,2016.0,Casual,Just Cavalli Women White Watch,index
42209,42209.jpg,F:\CEI\Celebal_Excellence_Internship\fashion-visual-search\data\subset\images\42209.jpg,Women,Apparel,Dress,Dresses,Purple,Summer,2012.0,Casual,Sepia Women Purple Dress,index
54556,54556.jpg,F:\CEI\Celebal_Excellence_Internship\fashion-visual-search\data\subset\images\54556.jpg,Women,Apparel,Topwear,Kurtas,White,Summer,2012.0,Ethnic,Global Desi Women Purple & White Kurta,index
57521,57521.jpg,F:\CEI\Celebal_Excellence_Internship\fashion-visual-search\data\subset\images\57521.jpg,Men,Footwear,Shoes,Casual Shoes,Brown,Summer,2012.0,Casual,Provogue Men Brown Casual Shoes,index
26921,26921.jpg,F:\CEI\Celebal_Excellence_Internship\fashion-visual-search\data\subset\images\26921.jpg,Women,Apparel,Topwear,Tops,Black,Summer,2012.0,Casual,Jealous 21 Women Black Top,index
54812,54812.jpg,F:\CEI\Celebal_Excellence_Internship\fashion-visual-search\data\subset\images\54812.jpg,Women,Accessories,Bags,Handbags,Grey,Summer,2010.0,Casual,Ivory Tag Grey Fur Handbag,index
37774,37774.jpg,F:\CEI\Celebal_Excellence_Internship\fashion-visual-search\data\subset\images\37774.jpg,Men,Apparel,Topwear,Shirts,Green,Summer,2012.0,Casual,John Players Men Check Shirts,index
56651,56651.jpg,F:\CEI\Celebal_Excellence_Internship\fashion-visual-search\data\subset\images\56651.jpg,Women,Apparel,Topwear,Tops,Beige,Summer,2012.0,Casual,Mumbai Slang Women Beige Top,index
17219,17219.jpg,F:\CEI\Celebal_Excellence_Internship\fashion-visual-search\data\subset\images\17219.jpg,Men,Accessories,Eyewear,Sunglasses,Brown,Winter,2016.0,Casual,United Colors of Benetton Men Funky Eyewear Brown Sunglasses,index
22891,22891.jpg,F:\CEI\Celebal_Excellence_Internship\fashion-visual-search\data\subset\images\22891.jpg,Men,Footwear,Sandal,Sandals,Brown,Summer,2012.0,Casual,Woodland Men Brown Casual Sandals,index
38832,38832.jpg,F:\CEI\Celebal_Excellence_Internship\fashion-visual-search\data\subset\images\38832.jpg,Women,Apparel,Dress,Dresses,White,Summer,2012.0,Casual,Latin Quarters Women White & Pink Printed Dress,index
33036,33036.jpg,F:\CEI\Celebal_Excellence_Internship\fashion-visual-search\data\subset\images\33036.jpg,Women,Apparel,Topwear,Kurtas,Green,Summer,2012.0,Ethnic,Mother Earth Women Printed Floral Kurta,index
24511,24511.jpg,F:\CEI\Celebal_Excellence_Internship\fashion-visual-search\data\subset\images\24511.jpg,Women,Apparel,Topwear,Kurtas,Pink,Fall,2011.0,Ethnic,Mother Earth Women Pink Printed Kurta,index
43360,43360.jpg,F:\CEI\Celebal_Excellence_Internship\fashion-visual-search\data\subset\images\43360.jpg,Men,Footwear,Shoes,Sports Shoes,White,Summer,2012.0,Sports,Reebok Men White Ultimate Vibe Sports Shoes,index
44643,44643.jpg,F:\CEI\Celebal_Excellence_Internship\fashion-visual-search\data\subset\images\44643.jpg,Women,Apparel,Dress,Dresses,Black,Summer,2012.0,Casual,Arrow Woman Black Dress,index
9705,9705.jpg,F:\CEI\Celebal_Excellence_Internship\fashion-visual-search\data\subset\images\9705.jpg,Men,Footwear,Sandal,Sandals,Brown,Winter,2015.0,Formal,Hush Puppies Men Decent Brown Sandals,index
59379,59379.jpg,F:\CEI\Celebal_Excellence_Internship\fashion-visual-search\data\subset\images\59379.jpg,Women,Apparel,Topwear,Kurtas,Orange,Summer,2012.0,Ethnic,Vishudh Women Orange Printed  Kurta,index
34589,34589.jpg,F:\CEI\Celebal_Excellence_Internship\fashion-visual-search\data\subset\images\34589.jpg,Women,Apparel,Topwear,Tops,Magenta,Summer,2012.0,Casual,Tonga Women Printed Magenta Top,index
23895,23895.jpg,F:\CEI\Celebal_Excellence_Internship\fashion-visual-search\data\subset\images\23895.jpg,Men,Footwear,Sandal,Sandals,Olive,Summer,2012.0,Casual,Fila Men Corvette Olive Sandals,index
28763,28763.jpg,F:\CEI\Celebal_Excellence_Internship\fashion-visual-search\data\subset\images\28763.jpg,Women,Apparel,Topwear,Kurtas,Maroon,Summer,2012.0,Ethnic,Aurelia Women Maroon Kurta,index
33486,33486.jpg,F:\CEI\Celebal_Excellence_Internship\fashion-visual-search\data\subset\images\33486.jpg,Women,Apparel,Dress,Dresses,Blue,Summer,2012.0,Casual,Doodle Kids Girl Printed Blue Dress,index
38974,38974.jpg,F:\CEI\Celebal_Excellence_Internship\fashion-visual-search\data\subset\images\38974.jpg,Men,Apparel,Topwear,Shirts,Black,Summer,2012.0,Formal,Arrow New York Men Black Check Slim Fit Shirt,index
16162,16162.jpg,F:\CEI\Celebal_Excellence_Internship\fashion-visual-search\data\subset\images\16162.jpg,Men,Footwear,Sandal,Sandals,Black,Fall,2011.0,Casual,Enroute Men Leather Black Sandals,index
37770,37770.jpg,F:\CEI\Celebal_Excellence_Internship\fashion-visual-search\data\subset\images\37770.jpg,Men,Apparel,Topwear,Shirts,Green,Summer,2012.0,Casual,John Players Men Green Ginghams Shirt,index
5353,5353.jpg,F:\CEI\Celebal_Excellence_Internship\fashion-visual-search\data\subset\images\5353.jpg,Women,Footwear,Shoes,Sports Shoes,Blue,Fall,2011.0,Sports,Kalenji Ekiden 50 Women,index
48036,48036.jpg,F:\CEI\Celebal_Excellence_Internship\fashion-visual-search\data\subset\images\48036.jpg,Men,Accessories,Watches,Watches,Black,Winter,2016.0,Casual,Nautica Men Black Dial Chronograph Watch,index
4901,4901.jpg,F:\CEI\Celebal_Excellence_Internship\fashion-visual-search\data\subset\images\4901.jpg,Women,Apparel,Topwear,Tops,Pink,Summer,2011.0,Casual,Levis Kids Girl's Desiree Pink Kidswear,index
10088,10088.jpg,F:\CEI\Celebal_Excellence_Internship\fashion-visual-search\data\subset\images\10088.jpg,Men,Footwear,Shoes,Sports Shoes,Silver,Fall,2011.0,Sports,Reebok Men Racehound Silver Sports Shoes,index
14788,14788.jpg,F:\CEI\Celebal_Excellence_Internship\fashion-visual-search\data\subset\images\14788.jpg,Women,Accessories,Bags,Handbags,Black,Summer,2011.0,Casual,United Colors of Benetton Women Solid Black Handbags,index
53406,53406.jpg,F:\CEI\Celebal_Excellence_Internship\fashion-visual-search\data\subset\images\53406.jpg,Women,Apparel,Topwear,Kurtas,Red,Fall,2012.0,Ethnic,Alma Women Red Printed Kurta,index
20487,20487.jpg,F:\CEI\Celebal_Excellence_Internship\fashion-visual-search\data\subset\images\20487.jpg,Women,Accessories,Bags,Handbags,Black,Winter,2015.0,Casual,Baggit Women Golmaal Taj Black Handbag,index
6740,6740.jpg,F:\CEI\Celebal_Excellence_Internship\fashion-visual-search\data\subset\images\6740.jpg,Women,Footwear,Shoes,Sports Shoes,Grey,Summer,2011.0,Sports,Nike Women Air Pegasus+ 28 Grey White Pink Shoe,index
43509,43509.jpg,F:\CEI\Celebal_Excellence_Internship\fashion-visual-search\data\subset\images\43509.jpg,Women,Apparel,Dress,Dresses,Grey Melange,Summer,2012.0,Casual,French Connection Women Grey Melange Dress,index
7426,7426.jpg,F:\CEI\Celebal_Excellence_Internship\fashion-visual-search\data\subset\images\7426.jpg,Women,Apparel,Topwear,Tops,Purple,Summer,2011.0,Casual,W Women Mandarin Neck Sleeveless Purple Top,index
32574,32574.jpg,F:\CEI\Celebal_Excellence_Internship\fashion-visual-search\data\subset\images\32574.jpg,Women,Apparel,Topwear,Tops,Black,Summer,2012.0,Casual,Only Women Katie Black Top,index
17053,17053.jpg,F:\CEI\Celebal_Excellence_Internship\fashion-visual-search\data\subset\images\17053.jpg,Men,Footwear,Sandal,Sandals,Brown,Spring,2013.0,Casual,Gas Men Newport Slipper,index
25674,25674.jpg,F:\CEI\Celebal_Excellence_Internship\fashion-visual-search\data\subset\images\25674.jpg,Women,Accessories,Watches,Watches,Silver,Winter,2016.0,Casual,Fastrack Women Silver Dial Watch NA6004SL01,index
23774,23774.jpg,F:\CEI\Celebal_Excellence_Internship\fashion-visual-search\data\subset\images\23774.jpg,Women,Accessories,Eyewear,Sunglasses,White,Winter,2016.0,Casual,Oakley Women White Correspondent Sunglasses,index
8074,8074.jpg,F:\CEI\Celebal_Excellence_Internship\fashion-visual-search\data\subset\images\8074.jpg,Women,Footwear,Shoes,Sports Shoes,White,Fall,2011.0,Sports,New Balance MR310 Women's Cushioning Grey Navy Shoe,index
25650,25650.jpg,F:\CEI\Celebal_Excellence_Internship\fashion-visual-search\data\subset\images\25650.jpg,Men,Accessories,Watches,Watches,White,Summer,2017.0,Casual,Fastrack Men White Dial Watch N9336SL01,index
5068,5068.jpg,F:\CEI\Celebal_Excellence_Internship\fashion-visual-search\data\subset\images\5068.jpg,Men,Accessories,Watches,Watches,Blue,Winter,2016.0,Casual,Being Human Men Grey Dial Blue Strap Watch,index
17321,17321.jpg,F:\CEI\Celebal_Excellence_Internship\fashion-visual-search\data\subset\images\17321.jpg,Women,Accessories,Eyewear,Sunglasses,Black,Winter,2016.0,Casual,Pepe Jeans Women Casual Sunglasses,index
24400,24400.jpg,F:\CEI\Celebal_Excellence_Internship\fashion-visual-search\data\subset\images\24400.jpg,Women,Apparel,Topwear,Kurtas,Black,Summer,2012.0,Ethnic,Vishudh Women Black Printed Kurta,index
34599,34599.jpg,F:\CEI\Celebal_Excellence_Internship\fashion-visual-search\data\subset\images\34599.jpg,Women,Apparel,Dress,Dresses,Black,Summer,2012.0,Casual,Tonga Women Printed Black Dress,index
32496,32496.jpg,F:\CEI\Celebal_Excellence_Internship\fashion-visual-search\data\subset\images\32496.jpg,Men,Footwear,Shoes,Casual Shoes,Blue,Summer,2012.0,Casual,Converse Men CT AS 08 3D HI Blue Shoes,index
24151,24151.jpg,F:\CEI\Celebal_Excellence_Internship\fashion-visual-search\data\subset\images\24151.jpg,Women,Apparel,Topwear,Kurtas,Black,Fall,2011.0,Ethnic,Aurelia Women Black Printed Kurta,index
27223,27223.jpg,F:\CEI\Celebal_Excellence_Internship\fashion-visual-search\data\subset\images\27223.jpg,Women,Apparel,Dress,Dresses,Blue,Summer,2012.0,Casual,Doodle Kids Girl Printed Blue Dress,index
2710,2710.jpg,F:\CEI\Celebal_Excellence_Internship\fashion-visual-search\data\subset\images\2710.jpg,Girls,Apparel,Dress,Dresses,White,Summer,2011.0,Casual,Disney Kids Girl's White Daisy Kidswear,index
5772,5772.jpg,F:\CEI\Celebal_Excellence_Internship\fashion-visual-search\data\subset\images\5772.jpg,Women,Apparel,Topwear,Tops,Purple,Summer,2011.0,Casual,Jealous 21 Women's Purple Graphic Top,index
16406,16406.jpg,F:\CEI\Celebal_Excellence_Internship\fashion-visual-search\data\subset\images\16406.jpg,Men,Apparel,Topwear,Shirts,Maroon,Fall,2011.0,Casual,Levis Men Check Maroon Shirts,index
30072,30072.jpg,F:\CEI\Celebal_Excellence_Internship\fashion-visual-search\data\subset\images\30072.jpg,Men,Accessories,Watches,Watches,Yellow,Winter,2016.0,Casual,Ed Hardy Men Yellow & Black Dial Watch,index
6448,6448.jpg,F:\CEI\Celebal_Excellence_Internship\fashion-visual-search\data\subset\images\6448.jpg,Men,Footwear,Shoes,Casual Shoes,Brown,Summer,2011.0,Casual,Lotto Men's Calcetto Brown Shoe,index
34821,34821.jpg,F:\CEI\Celebal_Excellence_Internship\fashion-visual-search\data\subset\images\34821.jpg,Men,Footwear,Shoes,Sports Shoes,White,Summer,2012.0,Sports,ADIDAS Men Neptune White Sports Shoes,index
3520,3520.jpg,F:\CEI\Celebal_Excellence_Internship\fashion-visual-search\data\subset\images\3520.jpg,Men,Apparel,Topwear,Tshirts,Black,Summer,2011.0,Casual,Myntra Men's Reaching The Moon Black T-shirt,index
15513,15513.jpg,F:\CEI\Celebal_Excellence_Internship\fashion-visual-search\data\subset\images\15513.jpg,Men,Footwear,Shoes,Casual Shoes,Brown,Fall,2011.0,Casual,Rockport Men Utara L2T Brown Casual Shoes,index
27894,27894.jpg,F:\CEI\Celebal_Excellence_Internship\fashion-visual-search\data\subset\images\27894.jpg,Women,Apparel,Topwear,Shirts,Maroon,Summer,2012.0,Casual,Scullers For Her Check Maroon Shirt,index
24259,24259.jpg,F:\CEI\Celebal_Excellence_Internship\fashion-visual-search\data\subset\images\24259.jpg,Men,Footwear,Shoes,Casual Shoes,Navy Blue,Fall,2012.0,Casual,Numero Uno Men Navy Blue Shoes,index
15853,15853.jpg,F:\CEI\Celebal_Excellence_Internship\fashion-visual-search\data\subset\images\15853.jpg,Girls,Footwear,Sandal,Sandals,Green,Fall,2012.0,Casual,Warner Bros Kids Girls TW Love flops Green Slippers,index
36897,36897.jpg,F:\CEI\Celebal_Excellence_Internship\fashion-visual-search\data\subset\images\36897.jpg,Men,Accessories,Watches,Watches,Silver,Winter,2016.0,Casual,Fossil Men Silver Dial Chronograph Watch FS4543,index
31683,31683.jpg,F:\CEI\Celebal_Excellence_Internship\fashion-visual-search\data\subset\images\31683.jpg,Unisex,Footwear,Shoes,Sports Shoes,Black,Summer,2012.0,Casual,Nike Unisex Air Rift Black Sports Shoes,index
22948,22948.jpg,F:\CEI\Celebal_Excellence_Internship\fashion-visual-search\data\subset\images\22948.jpg,Unisex,Accessories,Watches,Watches,White,Winter,2016.0,Casual,Fastrack Unisex White Dial Watch 9915PP09,index
34619,34619.jpg,F:\CEI\Celebal_Excellence_Internship\fashion-visual-search\data\subset\images\34619.jpg,Women,Accessories,Watches,Watches,White,Summer,2017.0,Casual,Aspen Women Mother Of Pearl Dial Watch AP1641,index
15502,15502.jpg,F:\CEI\Celebal_Excellence_Internship\fashion-visual-search\data\subset\images\15502.jpg,Women,Footwear,Shoes,Casual Shoes,Brown,Fall,2011.0,Casual,Carlton London Women Casual Brown Casual Shoes,index
16969,16969.jpg,F:\CEI\Celebal_Excellence_Internship\fashion-visual-search\data\subset\images\16969.jpg,Men,Footwear,Sandal,Sandals,Black,Fall,2011.0,Casual,Puma Men Coupe Black Sandal,index
33876,33876.jpg,F:\CEI\Celebal_Excellence_Internship\fashion-visual-search\data\subset\images\33876.jpg,Men,Accessories,Watches,Watches,Black,Winter,2016.0,Casual,Citizen Men Black Dial Chronograph Watch,index
17307,17307.jpg,F:\CEI\Celebal_Excellence_Internship\fashion-visual-search\data\subset\images\17307.jpg,Men,Accessories,Eyewear,Sunglasses,Black,Winter,2016.0,Casual,Pepe Jeans Men Casual Sunglasses,index
17513,17513.jpg,F:\CEI\Celebal_Excellence_Internship\fashion-visual-search\data\subset\images\17513.jpg,Men,Apparel,Topwear,Tshirts,Black,Fall,2011.0,Casual,Classic Polo Men Stripes Black Polo T-Shirt,index
23751,23751.jpg,F:\CEI\Celebal_Excellence_Internship\fashion-visual-search\data\subset\images\23751.jpg,Unisex,Accessories,Eyewear,Sunglasses,Black,Winter,2016.0,Casual,Rayban Unisex Black Highstreet Sunglasses,index
53710,53710.jpg,F:\CEI\Celebal_Excellence_Internship\fashion-visual-search\data\subset\images\53710.jpg,Women,Accessories,Bags,Handbags,Green,Summer,2012.0,Casual,Kiara Women Green Handbag,index
39180,39180.jpg,F:\CEI\Celebal_Excellence_Internship\fashion-visual-search\data\subset\images\39180.jpg,Women,Apparel,Topwear,Kurtas,Black,Summer,2012.0,Ethnic,Aneri Women Black Kurta,index
10364,10364.jpg,F:\CEI\Celebal_Excellence_Internship\fashion-visual-search\data\subset\images\10364.jpg,Men,Apparel,Topwear,Tshirts,Magenta,Fall,2011.0,Casual,United Colors of Benetton Men Solid Magenta T-shirt,index
5569,5569.jpg,F:\CEI\Celebal_Excellence_Internship\fashion-visual-search\data\subset\images\5569.jpg,Women,Footwear,Shoes,Sports Shoes,Grey,Summer,2011.0,Sports,Nike Women Zoom Vomero Grey Purple White Shoe,index
49851,49851.jpg,F:\CEI\Celebal_Excellence_Internship\fashion-visual-search\data\subset\images\49851.jpg,Unisex,Accessories,Watches,Watches,Black,Winter,2016.0,Casual,Q&Q Unisex Black Digital Stop Watch,index
8240,8240.jpg,F:\CEI\Celebal_Excellence_Internship\fashion-visual-search\data\subset\images\8240.jpg,Women,Accessories,Bags,Handbags,Mustard,Winter,2016.0,Casual,Fastrack Women Mustard Sling Bag,index
37330,37330.jpg,F:\CEI\Celebal_Excellence_Internship\fashion-visual-search\data\subset\images\37330.jpg,Women,Accessories,Watches,Watches,Grey,Winter,2016.0,Casual,Casio Women Sheen Grey Dial Watch SX049,index
5442,5442.jpg,F:\CEI\Celebal_Excellence_Internship\fashion-visual-search\data\subset\images\5442.jpg,Women,Apparel,Topwear,Tshirts,Blue,Summer,2011.0,Casual,Nike Women's Striped Polo Blue T-shirt,index
50758,50758.jpg,F:\CEI\Celebal_Excellence_Internship\fashion-visual-search\data\subset\images\50758.jpg,Men,Footwear,Sandal,Sandals,Khaki,Winter,2018.0,Casual,Red Chief Men Khaki Sandals,index
44244,44244.jpg,F:\CEI\Celebal_Excellence_Internship\fashion-visual-search\data\subset\images\44244.jpg,Women,Accessories,Bags,Handbags,Black,Summer,2012.0,Casual,Hidekraft Women Black Handbag,index
31101,31101.jpg,F:\CEI\Celebal_Excellence_Internship\fashion-visual-search\data\subset\images\31101.jpg,Boys,Apparel,Topwear,Shirts,Black,Summer,2012.0,Casual,Gini and Jony Boys Check Black Shirt,index
6197,6197.jpg,F:\CEI\Celebal_Excellence_Internship\fashion-visual-search\data\subset\images\6197.jpg,Men,Apparel,Topwear,Tshirts,Green,Summer,2011.0,Casual,UCB Men's Logo Chest Green T-shirt,index
5104,5104.jpg,F:\CEI\Celebal_Excellence_Internship\fashion-visual-search\data\subset\images\5104.jpg,Men,Footwear,Sandal,Sandals,Brown,Summer,2011.0,Casual,Rockport Men's Jelba Brown Flip Flop,index
5871,5871.jpg,F:\CEI\Celebal_Excellence_Internship\fashion-visual-search\data\subset\images\5871.jpg,Unisex,Footwear,Shoes,Casual Shoes,Green,Summer,2011.0,Casual,Converse Unisex Heck Ox Green White Shoe,index
42274,42274.jpg,F:\CEI\Celebal_Excellence_Internship\fashion-visual-search\data\subset\images\42274.jpg,Unisex,Footwear,Shoes,Casual Shoes,Black,Summer,2012.0,Casual,Vans Unisex Black Era Shoes,index
32954,32954.jpg,F:\CEI\Celebal_Excellence_Internship\fashion-visual-search\data\subset\images\32954.jpg,Men,Apparel,Topwear,Tshirts,Black,Summer,2012.0,Casual,Angry Birds Men Printed Black T-shirt,index
44937,44937.jpg,F:\CEI\Celebal_Excellence_Internship\fashion-visual-search\data\subset\images\44937.jpg,Men,Footwear,Shoes,Casual Shoes,Brown,Summer,2012.0,Casual,Ganuchi Men Brown Shoes,index
25412,25412.jpg,F:\CEI\Celebal_Excellence_Internship\fashion-visual-search\data\subset\images\25412.jpg,Men,Footwear,Shoes,Sports Shoes,White,Summer,2012.0,Sports,Nike Men White Sports Shoes,index
2636,2636.jpg,F:\CEI\Celebal_Excellence_Internship\fashion-visual-search\data\subset\images\2636.jpg,Men,Footwear,Sandal,Sandals,Brown,Fall,2010.0,Casual,Carlton London Men Brown Strapped Sandal,index
59374,59374.jpg,F:\CEI\Celebal_Excellence_Internship\fashion-visual-search\data\subset\images\59374.jpg,Women,Apparel,Topwear,Kurtas,Green,Summer,2012.0,Ethnic,Vishudh Women Green Printed Kurta,index
10627,10627.jpg,F:\CEI\Celebal_Excellence_Internship\fashion-visual-search\data\subset\images\10627.jpg,Men,Footwear,Shoes,Casual Shoes,Brown,Winter,2012.0,Casual,Carlton London Men Brown Slip-On Shoes,index
59895,59895.jpg,F:\CEI\Celebal_Excellence_Internship\fashion-visual-search\data\subset\images\59895.jpg,Women,Apparel,Dress,Dresses,Orange,Fall,2012.0,Casual,Femella Women Orange Dress,index
24941,24941.jpg,F:\CEI\Celebal_Excellence_Internship\fashion-visual-search\data\subset\images\24941.jpg,Girls,Apparel,Topwear,Tops,Pink,Summer,2012.0,Casual,United Colors of Benetton Kids Girls Pink Top,index
20670,20670.jpg,F:\CEI\Celebal_Excellence_Internship\fashion-visual-search\data\subset\images\20670.jpg,Men,Apparel,Topwear,Tshirts,Turquoise Blue,Fall,2011.0,Casual,Classic Polo Men Striped Turquoise Blue Tshirt,index
44406,44406.jpg,F:\CEI\Celebal_Excellence_Internship\fashion-visual-search\data\subset\images\44406.jpg,Men,Footwear,Shoes,Sports Shoes,Brown,Fall,2012.0,Sports,Force 10 Men Brown Shoes,index
11918,11918.jpg,F:\CEI\Celebal_Excellence_Internship\fashion-visual-search\data\subset\images\11918.jpg,Men,Footwear,Sandal,Sandals,Black,Summer,2011.0,Casual,Franco Leone Men Casual Black Sandals,index
43186,43186.jpg,F:\CEI\Celebal_Excellence_Internship\fashion-visual-search\data\subset\images\43186.jpg,Men,Accessories,Watches,Watches,Silver,Winter,2016.0,Casual,Fastrack Men Silver Dial Watch,index
39161,39161.jpg,F:\CEI\Celebal_Excellence_Internship\fashion-visual-search\data\subset\images\39161.jpg,Women,Apparel,Topwear,Kurtas,Black,Winter,2012.0,Ethnic,Aneri Women Black Embroidered Kurta,index
24188,24188.jpg,F:\CEI\Celebal_Excellence_Internship\fashion-visual-search\data\subset\images\24188.jpg,Unisex,Footwear,Shoes,Casual Shoes,Red,Summer,2012.0,Casual,Converse Unisex Chuck Taylor All Stars Red Casual Shoes,index
48224,48224.jpg,F:\CEI\Celebal_Excellence_Internship\fashion-visual-search\data\subset\images\48224.jpg,Women,Accessories,Eyewear,Sunglasses,Black,Winter,2016.0,Casual,United Colors of Benetton Women Black Sunglasses,index
6352,6352.jpg,F:\CEI\Celebal_Excellence_Internship\fashion-visual-search\data\subset\images\6352.jpg,Unisex,Footwear,Sandal,Sandals,Navy Blue,Summer,2011.0,Casual,Crocs Kids Navy Clogs,index
29268,29268.jpg,F:\CEI\Celebal_Excellence_Internship\fashion-visual-search\data\subset\images\29268.jpg,Men,Footwear,Shoes,Sports Shoes,Black,Summer,2012.0,Sports,ADIDAS Men Barricade Team 2 Black Sports Shoes,index
33203,33203.jpg,F:\CEI\Celebal_Excellence_Internship\fashion-visual-search\data\subset\images\33203.jpg,Women,Apparel,Dress,Dresses,Beige,Summer,2012.0,Casual,Sepia Women Beige Dress,index
21345,21345.jpg,F:\CEI\Celebal_Excellence_Internship\fashion-visual-search\data\subset\images\21345.jpg,Men,Accessories,Eyewear,Sunglasses,Copper,Winter,2016.0,Casual,Pal Zileri Men Casual Copper Frame Sunglasses,index
31102,31102.jpg,F:\CEI\Celebal_Excellence_Internship\fashion-visual-search\data\subset\images\31102.jpg,Boys,Apparel,Topwear,Tshirts,Red,Summer,2012.0,Casual,Gini and jony Boys Printed Red T-shirt,index
41972,41972.jpg,F:\CEI\Celebal_Excellence_Internship\fashion-visual-search\data\subset\images\41972.jpg,Girls,Apparel,Topwear,Tops,Blue,Summer,2012.0,Casual,Gini and Jony Girls Summer Up Blue Top,index
41586,41586.jpg,F:\CEI\Celebal_Excellence_Internship\fashion-visual-search\data\subset\images\41586.jpg,Men,Apparel,Topwear,Shirts,White,Summer,2012.0,Casual,Basics Men White Striped Shirt,index
16771,16771.jpg,F:\CEI\Celebal_Excellence_Internship\fashion-visual-search\data\subset\images\16771.jpg,Unisex,Accessories,Watches,Watches,Black,Winter,2016.0,Casual,ADIDAS Originals Unisex Black Dial Watch ADH2580,index
23837,23837.jpg,F:\CEI\Celebal_Excellence_Internship\fashion-visual-search\data\subset\images\23837.jpg,Men,Footwear,Shoes,Sports Shoes,White,Fall,2011.0,Sports,ADIDAS Men White Razor Sports Shoes,index
4445,4445.jpg,F:\CEI\Celebal_Excellence_Internship\fashion-visual-search\data\subset\images\4445.jpg,Men,Footwear,Shoes,Sports Shoes,Black,Summer,2011.0,Sports,Nike Men's Dual Fusion Black Red Shoe,index
45273,45273.jpg,F:\CEI\Celebal_Excellence_Internship\fashion-visual-search\data\subset\images\45273.jpg,Men,Accessories,Watches,Watches,Blue,Winter,2016.0,Casual,Casio YOUTH Men Blue Digital Watch I072 W-753-2AVDF,index
8671,8671.jpg,F:\CEI\Celebal_Excellence_Internship\fashion-visual-search\data\subset\images\8671.jpg,Unisex,Accessories,Eyewear,Sunglasses,Green,Winter,2016.0,Casual,Fastrack Unisex Sunglasses FTML012GPGP2,index
43334,43334.jpg,F:\CEI\Celebal_Excellence_Internship\fashion-visual-search\data\subset\images\43334.jpg,Women,Accessories,Bags,Handbags,Maroon,Spring,2013.0,Casual,Murcia Women Maroon Handbag,index
22367,22367.jpg,F:\CEI\Celebal_Excellence_Internship\fashion-visual-search\data\subset\images\22367.jpg,Men,Apparel,Topwear,Tshirts,Red,Fall,2011.0,Casual,Ed Hardy Men Vintage  Brick Red T-Shirt,index
37418,37418.jpg,F:\CEI\Celebal_Excellence_Internship\fashion-visual-search\data\subset\images\37418.jpg,Women,Accessories,Bags,Handbags,Multi,Summer,2012.0,Casual,Murcia Women Multi Handbag,index
38314,38314.jpg,F:\CEI\Celebal_Excellence_Internship\fashion-visual-search\data\subset\images\38314.jpg,Women,Accessories,Bags,Handbags,Grey,Summer,2012.0,Casual,Puma Women Dazzle Grey Handbag,index
31100,31100.jpg,F:\CEI\Celebal_Excellence_Internship\fashion-visual-search\data\subset\images\31100.jpg,Boys,Apparel,Topwear,Shirts,Navy Blue,Summer,2012.0,Casual,Gini and Jony Boys Check Navy Blue Shirt,index
52670,52670.jpg,F:\CEI\Celebal_Excellence_Internship\fashion-visual-search\data\subset\images\52670.jpg,Men,Accessories,Watches,Watches,Silver,Winter,2016.0,Casual,Morellato Men Silver Dial Watch,index
58527,58527.jpg,F:\CEI\Celebal_Excellence_Internship\fashion-visual-search\data\subset\images\58527.jpg,Unisex,Accessories,Eyewear,Sunglasses,Black,Winter,2016.0,Casual,Miami Blues Unisex Sunglasses,index
15086,15086.jpg,F:\CEI\Celebal_Excellence_Internship\fashion-visual-search\data\subset\images\15086.jpg,Men,Apparel,Topwear,Shirts,Blue,Fall,2011.0,Casual,Mother Earth Men Check Blue Shirts,index
44551,44551.jpg,F:\CEI\Celebal_Excellence_Internship\fashion-visual-search\data\subset\images\44551.jpg,Men,Footwear,Sandal,Sandals,Black,Summer,2012.0,Casual,Coolers Men Black Sandals,index
22741,22741.jpg,F:\CEI\Celebal_Excellence_Internship\fashion-visual-search\data\subset\images\22741.jpg,Women,Apparel,Topwear,Kurtas,Red,Fall,2011.0,Ethnic,BIBA Women Printed Navy Blue Kurta,index
12789,12789.jpg,F:\CEI\Celebal_Excellence_Internship\fashion-visual-search\data\subset\images\12789.jpg,Women,Apparel,Topwear,Kurtas,White,Fall,2011.0,Ethnic,Mother Earth Women Sajiya Collt White Kurtas,index
12695,12695.jpg,F:\CEI\Celebal_Excellence_Internship\fashion-visual-search\data\subset\images\12695.jpg,Men,Footwear,Shoes,Sports Shoes,Black,Fall,2011.0,Sports,Nike Men Air Press Black Sports Shoes,index
41437,41437.jpg,F:\CEI\Celebal_Excellence_Internship\fashion-visual-search\data\subset\images\41437.jpg,Men,Footwear,Shoes,Sports Shoes,White,Fall,2012.0,Sports,Lee Cooper Men White Sports Shoes,index
43667,43667.jpg,F:\CEI\Celebal_Excellence_Internship\fashion-visual-search\data\subset\images\43667.jpg,Women,Apparel,Dress,Dresses,Purple,Summer,2012.0,Casual,ONLY Women Purple Dress,index
38159,38159.jpg,F:\CEI\Celebal_Excellence_Internship\fashion-visual-search\data\subset\images\38159.jpg,Women,Accessories,Eyewear,Sunglasses,Brown,Winter,2016.0,Casual,Miami Blues Women Brown Sunglasses,index
51529,51529.jpg,F:\CEI\Celebal_Excellence_Internship\fashion-visual-search\data\subset\images\51529.jpg,Women,Accessories,Watches,Watches,Blue,Winter,2016.0,Casual,Fastrack Women Blue Dial Watch,index
3073,3073.jpg,F:\CEI\Celebal_Excellence_Internship\fashion-visual-search\data\subset\images\3073.jpg,Women,Apparel,Topwear,Tshirts,Tan,Summer,2011.0,Casual,Tantra Women's Cut Crap Chocolate T-shirt,index
57044,57044.jpg,F:\CEI\Celebal_Excellence_Internship\fashion-visual-search\data\subset\images\57044.jpg,Women,Apparel,Dress,Dresses,Black,Summer,2012.0,Party,Elle Women Black Dress,index
57480,57480.jpg,F:\CEI\Celebal_Excellence_Internship\fashion-visual-search\data\subset\images\57480.jpg,Men,Footwear,Shoes,Casual Shoes,White,Summer,2012.0,Casual,ID Men White & Navy Blue Casual Shoes,index
51639,51639.jpg,F:\CEI\Celebal_Excellence_Internship\fashion-visual-search\data\subset\images\51639.jpg,Men,Accessories,Watches,Watches,Black,Winter,2016.0,Casual,Fossil Men Black Dial Chronograph Watch ME3022,index
21524,21524.jpg,F:\CEI\Celebal_Excellence_Internship\fashion-visual-search\data\subset\images\21524.jpg,Women,Accessories,Bags,Handbags,Brown,Winter,2015.0,Casual,Kiara Women Women Handbag,index
29979,29979.jpg,F:\CEI\Celebal_Excellence_Internship\fashion-visual-search\data\subset\images\29979.jpg,Women,Accessories,Watches,Watches,White,Winter,2016.0,Casual,Aspen Women Mother Of Pearl Dial Watch,index
17693,17693.jpg,F:\CEI\Celebal_Excellence_Internship\fashion-visual-search\data\subset\images\17693.jpg,Men,Footwear,Shoes,Casual Shoes,Black,Fall,2011.0,Casual,Vans Men Classic Slip-On Black Casual Shoes,index
16327,16327.jpg,F:\CEI\Celebal_Excellence_Internship\fashion-visual-search\data\subset\images\16327.jpg,Men,Apparel,Topwear,Shirts,White,Fall,2011.0,Casual,Peter England Men Solid White Shirt,index
51666,51666.jpg,F:\CEI\Celebal_Excellence_Internship\fashion-visual-search\data\subset\images\51666.jpg,Men,Accessories,Eyewear,Sunglasses,Grey,Winter,2016.0,Casual,Louis Philippe Men Aviator Sunglasses LP218-C2,index
8433,8433.jpg,F:\CEI\Celebal_Excellence_Internship\fashion-visual-search\data\subset\images\8433.jpg,Women,Apparel,Topwear,Tops,Brown,Fall,2011.0,Casual,Jealous 21 Women Jealous Ebony Brown Top Brown Tops,index
45837,45837.jpg,F:\CEI\Celebal_Excellence_Internship\fashion-visual-search\data\subset\images\45837.jpg,Women,Apparel,Topwear,Kurtas,Magenta,Summer,2012.0,Ethnic,Vishudh Women Magenta Kurta,index
15225,15225.jpg,F:\CEI\Celebal_Excellence_Internship\fashion-visual-search\data\subset\images\15225.jpg,Men,Footwear,Shoes,Casual Shoes,White,Fall,2011.0,Casual,ADIDAS Originals Men Superstar 11 White Casual Shoes,index
45146,45146.jpg,F:\CEI\Celebal_Excellence_Internship\fashion-visual-search\data\subset\images\45146.jpg,Men,Accessories,Watches,Watches,Gold,Winter,2016.0,Formal,CASIO ENTICER Men Chronograph Watch A482 ,index
21964,21964.jpg,F:\CEI\Celebal_Excellence_Internship\fashion-visual-search\data\subset\images\21964.jpg,Women,Accessories,Bags,Handbags,Brown,Winter,2015.0,Casual,Murcia Women Casual Brown Handbag,index
7166,7166.jpg,F:\CEI\Celebal_Excellence_Internship\fashion-visual-search\data\subset\images\7166.jpg,Men,Apparel,Topwear,Shirts,Red,Fall,2011.0,Casual,Scullers Men Scul Red White Shirt,index
52124,52124.jpg,F:\CEI\Celebal_Excellence_Internship\fashion-visual-search\data\subset\images\52124.jpg,Girls,Apparel,Dress,Dresses,Orange,Summer,2012.0,Casual,Doodle Girls Orange Printed Dress,index
4251,4251.jpg,F:\CEI\Celebal_Excellence_Internship\fashion-visual-search\data\subset\images\4251.jpg,Men,Apparel,Topwear,Tshirts,Green,Summer,2011.0,Casual,Probase Men's Crack Print Ghost Buster Grey T-shirt,index
28426,28426.jpg,F:\CEI\Celebal_Excellence_Internship\fashion-visual-search\data\subset\images\28426.jpg,Men,Accessories,Eyewear,Sunglasses,White,Winter,2016.0,Casual,Idee Men White Sunglasses,index
16110,16110.jpg,F:\CEI\Celebal_Excellence_Internship\fashion-visual-search\data\subset\images\16110.jpg,Men,Accessories,Eyewear,Sunglasses,Brown,Winter,2016.0,Casual,M tv Men My Fab Eyewear Brown Sunglasses,index
28755,28755.jpg,F:\CEI\Celebal_Excellence_Internship\fashion-visual-search\data\subset\images\28755.jpg,Women,Apparel,Topwear,Kurtas,Purple,Summer,2012.0,Ethnic,Aurelia Women Printed Purple Kurta,index
31147,31147.jpg,F:\CEI\Celebal_Excellence_Internship\fashion-visual-search\data\subset\images\31147.jpg,Boys,Apparel,Topwear,Shirts,Blue,Summer,2012.0,Casual,Gini and Jony Boys Check Blue Shirt,index
23717,23717.jpg,F:\CEI\Celebal_Excellence_Internship\fashion-visual-search\data\subset\images\23717.jpg,Men,Accessories,Eyewear,Sunglasses,Gold,Winter,2016.0,Casual,Ray-Ban Men Aviator Sunglasses,index
39816,39816.jpg,F:\CEI\Celebal_Excellence_Internship\fashion-visual-search\data\subset\images\39816.jpg,Men,Footwear,Sandal,Sandals,Brown,Summer,2012.0,Casual,Red Tape Men Brown Sandals,index
37256,37256.jpg,F:\CEI\Celebal_Excellence_Internship\fashion-visual-search\data\subset\images\37256.jpg,Men,Footwear,Shoes,Casual Shoes,Black,Summer,2012.0,Casual,United Colors of Benetton Men Black Shoes,index
